[16:40:09] [main/INFO]: Loading Minecraft 1.21.11 with Fabric Loader 0.19.3
[16:40:10] [ForkJoinPool-1-worker-13/WARN]: Mod dev_isxander_libsdl4j uses the version 3.2.18.release-3.2.18-79 which isn't compatible with Loader's extended semantic version format (Could not parse version number component 'release'!), SemVer is recommended for reliably evaluating dependencies and prioritizing newer version
[16:40:10] [ForkJoinPool-1-worker-18/WARN]: Mod com_github_oryxel1_cubeconverter uses the version abecffaaea which isn't compatible with Loader's extended semantic version format (Could not parse version number component 'abecffaaea'!), SemVer is recommended for reliably evaluating dependencies and prioritizing newer version
[16:40:10] [main/INFO]: Dependencies overridden for minecraft, fabricloader, cubes-without-borders
[16:40:10] [main/WARN]: Warnings were found!
 - 'Minecraft' (minecraft) 1.21.11 recommends any version after 12.2.2 of Fabulously Optimized, which is missing!
	 - You should install any version after 12.2.2 of Fabulously Optimized for the optimal experience.
[16:40:10] [main/INFO]: Loading 241 mods:
	- ambientsounds 6.3.5
	- animatica 0.6.1+1.21.5
	- appleskin 3.0.8+mc1.21.11
	- architectury 19.0.1
	- axiom 5.4.2
	   \-- com_moulberry_axiomclientapi 1.0.87
	- betterblockentities 1.3.4+mc1.21.11
	- bettergrass 1.8.6+fabric.1.21.11
	- bettermounthud 1.2.6
	- carpet 1.4.194+v251223
	- carpet-ams-addition 26.2
	   |-- annotationtoolbox 0.3
	   \-- top_1024byteeeee_tiny_yaml 1.0.3
	- carpet-extra 1.4.185
	- carpet-org-addition 1.41.6
	- carpet-tis-addition 1.82.3
	   \-- conditional-mixin 0.6.4
	- cloth-config 21.11.153
	   \-- cloth-basic-math 0.6.1
	- config_manager 1.1.1
	- continuity 3.0.1-beta.1+1.21.11
	- controlify 3.0.0+lts+1.21.11-fabric
	   |-- dev_isxander_libsdl4j 3.2.18.release-3.2.18-79
	   |-- dev_isxander_steamdeck4j 1.1.7
	   \-- org_hid4java_hid4java 0.8.0
	- controlling 29.0.1
	- cosmetica 2.0.1-1.21.11
	   |-- com_twelvemonkeys_common_common-image 3.12.0
	   |-- com_twelvemonkeys_common_common-io 3.12.0
	   |-- com_twelvemonkeys_common_common-lang 3.12.0
	   |-- com_twelvemonkeys_imageio_imageio-core 3.12.0
	   |-- com_twelvemonkeys_imageio_imageio-metadata 3.12.0
	   |-- com_twelvemonkeys_imageio_imageio-webp 3.12.0
	   |-- cosmetica-core 2.1.6-1.21.11
	   |-- fabric-api-base 1.0.5+4ebb5c083e
	   |-- fabric-resource-loader-v1 1.0.10+78c8b4663e
	   \-- kupe 0.26.8-1.21.11
	- crafter-presets 4.0.0+1.21.11
	- crash_assistant 1.11.9
	- creativecore 2.14.11
	   \-- net_neoforged_bus 7.2.0
	- cubes-without-borders 3.0.0-build.14+mc1.21.11
	- debugify 1.21.11+1.1
	- donut-smp-profit-calc 1.1.0
	- dynamic_fps 3.11.6
	   \-- net_lostluma_battery 2.0.0
	- e4mc 6.1.1
	   \-- folk_sisby_kaleido-config 0.3.3+1.3.2
	- entity_model_features 3.2.4
	- entity_texture_features 7.1
	- entityculling 1.10.2
	   |-- transition 1.0.19
	   \-- trender 1.0.13
	- essential-container 1.0.0
	   \-- essential-loader 1.3.2
	- euphoria_patcher 1.9.3-r5.8.1-fabric
	- exploitpreventer 1.1.0
	   |-- com_nikoverflow_api 1.0.0
	   \-- dev_lukebemish_opensesame_opensesame-core 0.8.1
	- fabric-api 0.141.4+1.21.11
	   |-- fabric-api-lookup-api-v1 1.6.114+20dc27073e
	   |-- fabric-biome-api-v1 17.1.1+4fc5413f3e
	   |-- fabric-block-api-v1 1.1.10+4ebb5c083e
	   |-- fabric-block-view-api-v2 1.0.39+4ebb5c083e
	   |-- fabric-command-api-v2 2.4.7+6b42a6003e
	   |-- fabric-content-registries-v0 10.2.14+4fc5413f3e
	   |-- fabric-convention-tags-v1 2.1.55+7f945d5b3e
	   |-- fabric-convention-tags-v2 2.17.3+8ef948ba3e
	   |-- fabric-crash-report-info-v1 0.3.23+4ebb5c083e
	   |-- fabric-data-attachment-api-v1 1.8.48+eed0806f3e
	   |-- fabric-data-generation-api-v1 23.4.1+69974c4e3e
	   |-- fabric-dimensions-v1 4.0.28+4fc5413f3e
	   |-- fabric-entity-events-v1 3.1.1+1d0ab4303e
	   |-- fabric-events-interaction-v0 4.1.1+3b89ecf63e
	   |-- fabric-game-rule-api-v1 2.0.3+4fc5413f3e
	   |-- fabric-item-api-v1 11.5.20+d0c46b9e3e
	   |-- fabric-item-group-api-v1 4.2.36+4fc5413f3e
	   |-- fabric-key-binding-api-v1 1.1.7+4fc5413f3e
	   |-- fabric-lifecycle-events-v1 2.6.15+4ebb5c083e
	   |-- fabric-loot-api-v2 3.0.73+3f89f5a53e
	   |-- fabric-loot-api-v3 2.0.20+78c8b4663e
	   |-- fabric-message-api-v1 6.1.12+4ebb5c083e
	   |-- fabric-model-loading-api-v1 6.0.15+4fc5413f3e
	   |-- fabric-networking-api-v1 5.1.6+6b6d71a53e
	   |-- fabric-object-builder-api-v1 21.1.40+4fc5413f3e
	   |-- fabric-particles-v1 4.2.12+4fc5413f3e
	   |-- fabric-recipe-api-v1 8.2.4+4ebb5c083e
	   |-- fabric-registry-sync-v0 6.2.6+1718722b3e
	   |-- fabric-renderer-api-v1 8.0.3+f4ffd2e53e
	   |-- fabric-renderer-indigo 5.0.3+f4ffd2e53e
	   |-- fabric-rendering-fluids-v1 3.1.43+4ebb5c083e
	   |-- fabric-rendering-v1 16.2.10+0290ad933e
	   |-- fabric-resource-conditions-api-v1 5.0.35+4fc5413f3e
	   |-- fabric-resource-loader-v0 3.3.4+4fc5413f3e
	   |-- fabric-screen-api-v1 3.1.7+4ebb5c083e
	   |-- fabric-screen-handler-api-v1 1.3.162+4fc5413f3e
	   |-- fabric-serialization-api-v1 1.0.5+4ebb5c083e
	   |-- fabric-sound-api-v1 1.0.51+4fc5413f3e
	   |-- fabric-tag-api-v1 1.2.20+4fc5413f3e
	   |-- fabric-transfer-api-v1 6.0.25+4fc5413f3e
	   \-- fabric-transitive-access-wideners-v1 7.1.0+014c8cec3e
	- fabric-language-kotlin 1.13.12+kotlin.2.4.0
	   |-- org_jetbrains_kotlin_kotlin-reflect 2.4.0
	   |-- org_jetbrains_kotlin_kotlin-stdlib 2.4.0
	   |-- org_jetbrains_kotlin_kotlin-stdlib-jdk7 2.4.0
	   |-- org_jetbrains_kotlin_kotlin-stdlib-jdk8 2.4.0
	   |-- org_jetbrains_kotlinx_atomicfu-jvm 0.33.0
	   |-- org_jetbrains_kotlinx_kotlinx-coroutines-core-jvm 1.11.0
	   |-- org_jetbrains_kotlinx_kotlinx-coroutines-jdk8 1.11.0
	   |-- org_jetbrains_kotlinx_kotlinx-datetime-jvm 0.8.0
	   |-- org_jetbrains_kotlinx_kotlinx-io-bytestring-jvm 0.9.0
	   |-- org_jetbrains_kotlinx_kotlinx-io-core-jvm 0.9.0
	   |-- org_jetbrains_kotlinx_kotlinx-serialization-cbor-jvm 1.11.0
	   |-- org_jetbrains_kotlinx_kotlinx-serialization-core-jvm 1.11.0
	   \-- org_jetbrains_kotlinx_kotlinx-serialization-json-jvm 1.11.0
	- fabricloader 0.19.3
	   \-- mixinextras 0.5.4
	- fabrishot 1.16.4
	- fastquit 3.1.3+mc1.21.11
	- ferritecore 8.2.0
	- flashback 0.39.5
	   |-- lattice 1.3.1
	   |-- mixinsquared 0.3.7-beta.1
	   |-- org_apache_commons_commons-math3 3.6.1
	   |-- org_apache_httpcomponents_httpclient 4.5.14
	   \-- org_apache_httpcomponents_httpcore 4.4.16
	- forgeconfigapiport 21.11.1
	   |-- com_electronwill_night-config_core 3.8.3
	   \-- com_electronwill_night-config_toml 3.8.3
	- glazed 1.21.11-n-16.1
	   \-- mixinsquared 0.3.7-beta.1
	- hopperhedgehog 2.2.2-1.21.11
	- immediatelyfast 1.14.2+1.21.11
	- iris 1.10.7+mc1.21.11
	   |-- fabric-api-base 1.0.5+4ebb5c083e
	   |-- io_github_douira_glsl-transformer 3.0.0-pre3
	   |-- org_anarres_jcpp 1.4.14
	   \-- org_antlr_antlr4-runtime 4.13.1
	- isxander-main-menu-credits 1.2.0
	- ixeris 4.5.2+1.21.11-fabric
	- jade 21.1.6+fabric
	- java 21
	- lambdynlights 4.9.1+1.21.11
	   \-- lambdynlights_runtime 4.9.1+1.21.11
	        |-- lambdynlights_api 4.9.1+1.21.11
	        |    |-- yumi_commons_collections 1.0.0
	        |    |-- yumi_commons_core 1.0.0
	        |    \-- yumi_commons_event 1.0.0
	        |-- pride 1.5.1+1.21.11
	        |-- spruceui 9.1.0+1.21.11
	        \-- yumi_mc_core 1.0.0-beta.1+1.21.11
	             |-- yumi_commons_collections 1.0.0
	             |-- yumi_commons_core 1.0.0
	             \-- yumi_commons_event 1.0.0
	- languagereload 1.7.6+1.21.11
	- litematica 0.26.12
	   \-- conditional-mixin 0.6.4
	- lithium 0.21.4+mc1.21.11
	- malilib 0.27.16
	   |-- conditional-mixin 0.6.4
	   |-- fabric-api-base 1.0.5+4ebb5c083e
	   \-- fabric-resource-loader-v1 1.0.10+78c8b4663e
	- meteor-client 1.21.11-85
	   |-- de_florianmichael_waybackauthlib 1.0.1
	   |-- fabric-api-base 1.0.5+4ebb5c083e
	   |-- fabric-resource-loader-v1 1.0.10+78c8b4663e
	   |-- io_netty_netty-codec-socks 4.2.7
	   |-- io_netty_netty-handler-proxy 4.2.7
	   |-- meteordevelopment_discord-ipc 1.1
	   |-- meteordevelopment_orbit 0.2.4
	   |-- org_javassist_javassist 3.28.0-GA
	   |-- org_meteordev_starscript 0.2.5
	   \-- org_reflections_reflections 0.10.2
	- minecraft 1.21.11
	- mixintrace 1.1.1+1.17
	- modmenu 17.0.0
	   |-- fabric-api-base 1.0.5+4ebb5c083e
	   |-- fabric-resource-loader-v1 1.0.10+78c8b4663e
	   \-- placeholder-api 2.8.2+1.21.10
	- moreculling 1.6.2
	- nochatreports 1.21.11-v2.18.0
	- optigui 2.3.0-beta.10+1.21.9
	   |-- org_apache_commons_commons-text 1.12.0
	   \-- org_ini4j_ini4j 0.5.4
	- owo 0.13.0+1.21.11
	   |-- blue_endless_jankson 1.2.2
	   |-- com_github_kdl-org_kdl4j 1.0.1
	   |-- io_wispforest_endec 0.1.12
	   |-- io_wispforest_endec_gson 0.1.7
	   |-- io_wispforest_endec_jankson 0.1.7
	   \-- io_wispforest_endec_netty 0.1.6
	- paginatedadvancements 2.8.0+1.21.11
	- polytone 1.21.11-5.7.2
	   |-- net_objecthunter_exp4j 0.4.8
	   \-- org_mvel_mvel2 2.5.2
	- prometheus_essential 1.4.0-essential
	- puzzle 2.3.0
	   \-- midnightlib 1.9.2
	- reeses-sodium-options 2.0.3+mc1.21.11
	- roughlyenoughitems 21.11.816
	   \-- error_notifier 1.0.11
	- rrls 5.1.15+mc.1.21.11
	- searchables 1.0.4
	- skyboxify 2.8
	   \-- com_moulberry_mixinconstraints 1.1.0
	- sodium 0.8.12+mc1.21.11
	   |-- fabric-api-base 1.0.5+4ebb5c083e
	   \-- fabric-resource-loader-v1 1.0.10+78c8b4663e
	- sodium-extra 0.8.3+mc1.21.11
	- sspb 6.0.0
	- viafabricplus 4.4.14
	   |-- com_github_oryxel1_cubeconverter abecffaaea
	   |-- com_google_code_gson_gson 2.13.2
	   |-- com_google_errorprone_error_prone_annotations 2.41.0
	   |-- com_seedfinding_mc_biome 1.171.1
	   |-- com_seedfinding_mc_core 1.210.0
	   |-- com_seedfinding_mc_math 1.171.0
	   |-- com_seedfinding_mc_noise 1.171.1
	   |-- com_seedfinding_mc_seed 1.171.2
	   |-- com_vdurmont_semver4j 3.1.0
	   |-- com_viaversion_mcstructs_dialog 5-3.2.2-20251210.004302-1
	   |-- com_viaversion_mcstructs_registry 5-3.2.2-SNAPSHOT
	   |-- com_viaversion_viaaprilfools-common 4.2.1
	   |-- com_viaversion_viabackwards-common 5.10.0
	   |-- com_viaversion_viaversion-common 5.10.0
	   |-- de_florianreuth_classic4j 2.3.0
	   |-- dev_kastle_netty_netty-transport-nethernet 1.7.0
	   |-- dev_kastle_netty_netty-transport-raknet 1.7.0
	   |-- dev_kastle_webrtc_webrtc-java 1.0.3
	   |-- dev_kastle_webrtc_webrtc-java_linux-aarch64 1.0.3
	   |-- dev_kastle_webrtc_webrtc-java_linux-x86_64 1.0.3
	   |-- dev_kastle_webrtc_webrtc-java_macos-aarch64 1.0.3
	   |-- dev_kastle_webrtc_webrtc-java_windows-aarch64 1.0.3
	   |-- dev_kastle_webrtc_webrtc-java_windows-x86_64 1.0.3
	   |-- fabric-api-base 1.0.5+4ebb5c083e
	   |-- fabric-resource-loader-v1 1.0.10+78c8b4663e
	   |-- io_jsonwebtoken_jjwt-api 0.13.0
	   |-- io_jsonwebtoken_jjwt-gson 0.13.0
	   |-- io_jsonwebtoken_jjwt-impl 0.13.0
	   |-- net_jodah_expiringmap 0.5.10
	   |-- net_lenni0451_commons_gson 1.9.2
	   |-- net_lenni0451_commons_httpclient 1.9.2
	   |-- net_lenni0451_mcstructs-bedrock_forms 2.0.1
	   |-- net_lenni0451_mcstructs-bedrock_text 2.0.1
	   |-- net_lenni0451_reflect 1.6.2
	   |-- net_raphimc_minecraftauth 5.0.1
	   |-- net_raphimc_viabedrock 0.0.29-SNAPSHOT
	   |-- net_raphimc_vialegacy 3.0.16
	   |-- team_unnamed_mocha 3.0.1
	   |-- viafabricplus-api 4.4.14
	   \-- viafabricplus-visuals 4.4.14
	- voicechat 1.21.11-2.6.21
	   \-- voicechat_api 2.6.20
	- yet_another_config_lib_v3 3.8.2+1.21.11-fabric
	   |-- com_twelvemonkeys_common_common-image 3.12.0
	   |-- com_twelvemonkeys_common_common-io 3.12.0
	   |-- com_twelvemonkeys_common_common-lang 3.12.0
	   |-- com_twelvemonkeys_imageio_imageio-core 3.12.0
	   |-- com_twelvemonkeys_imageio_imageio-metadata 3.12.0
	   |-- com_twelvemonkeys_imageio_imageio-webp 3.12.0
	   |-- org_quiltmc_parsers_gson 0.2.1
	   \-- org_quiltmc_parsers_json 0.2.1
	- zoomify 2.15.2+1.21.11
	   \-- com_akuleshov7_ktoml-core-jvm 0.7.1
[16:40:10] [main/INFO]: No flag found, running a usual copy
[16:40:10] [main/WARN]: Stream injection failed; legacy loggers may retain blocking behavior.
[16:40:10] [main/INFO]: Launching CrashAssistantApp (CrashAssistant-fabric-1.21.5-1.21.11-1.11.9.jar)
[16:40:10] [main/INFO]: SpongePowered MIXIN Subsystem Version=0.8.7 Source=file:/home/tomas/.local/share/PrismLauncher/libraries/net/fabricmc/sponge-mixin/0.17.3+mixin.0.8.7/sponge-mixin-0.17.3+mixin.0.8.7.jar Service=Knot/Fabric Env=CLIENT
[16:40:10] [main/INFO]: Compatibility level set to JAVA_21
[16:40:10] [main/WARN]: Reference map 'ambientsounds.mixins.refmap.json' for ambientsounds.mixins.json could not be read. If this is a development environment you can ignore this message
[16:40:10] [main/INFO]: Loading Mixin Plugin for Axiom/5.4.2
[16:40:10] [main/WARN]: Reference map 'controlling.refmap.json' for controlling.mixins.json could not be read. If this is a development environment you can ignore this message
[16:40:10] [main/WARN]: Reference map 'creativecore.mixins.refmap.json' for creativecore.mixins.json could not be read. If this is a development environment you can ignore this message
[16:40:10] [main/WARN]: Reference map 'creativecore.mixins.refmap.json' for creativecore.fabric.mixins.json could not be read. If this is a development environment you can ignore this message
[16:40:10] [main/INFO]: Preloading Debugify
[16:40:10] [main/WARN]: Reference map 'iris.refmap.json' for mixins.iris.json could not be read. If this is a development environment you can ignore this message
[16:40:10] [main/WARN]: Reference map 'iris-fabric.refmap.json' for mixins.iris.fabric.json could not be read. If this is a development environment you can ignore this message
[16:40:10] [main/WARN]: Reference map 'iris.refmap.json' for mixins.iris.fantastic.json could not be read. If this is a development environment you can ignore this message
[16:40:10] [main/WARN]: Reference map 'iris.refmap.json' for mixins.iris.vertexformat.json could not be read. If this is a development environment you can ignore this message
[16:40:10] [main/WARN]: Reference map 'iris.refmap.json' for mixins.iris.bettermipmaps.json could not be read. If this is a development environment you can ignore this message
[16:40:10] [main/WARN]: Reference map 'iris.refmap.json' for mixins.iris.compat.sodium.json could not be read. If this is a development environment you can ignore this message
[16:40:10] [main/WARN]: Reference map 'iris.refmap.json' for mixins.iris.fixes.maxfpscrash.json could not be read. If this is a development environment you can ignore this message
[16:40:10] [main/WARN]: Reference map 'ixeris.mixins.refmap.json' for ixeris.mixins.json could not be read. If this is a development environment you can ignore this message
[16:40:10] [main/INFO]: Loaded configuration file for Lithium: 171 options available, 1 override(s) found.
[16:40:10] [main/INFO]: [Glazed] Meteor Fix active - disabling Meteor's broken AbstractSignEditScreenMixin
[16:40:10] [main/WARN]: Reference map 'moreculling.refmap.json' for moreculling.mixins.json could not be read. If this is a development environment you can ignore this message
[16:40:10] [main/WARN]: Reference map 'moreculling.refmap.json' for moreculling.fabric.mixins.json could not be read. If this is a development environment you can ignore this message
[16:40:10] [main/WARN]: Reference map 'nochatreports.refmap.json' for mixins/common/nochatreports.mixins.json could not be read. If this is a development environment you can ignore this message
[16:40:10] [main/WARN]: Reference map 'reeses-sodium-options.refmap.json' for reeses-sodium-options.mixins.json could not be read. If this is a development environment you can ignore this message
[16:40:10] [main/WARN]: Reference map 'searchables.refmap.json' for searchables.mixins.json could not be read. If this is a development environment you can ignore this message
[16:40:10] [main/WARN]: Reference map 'searchables.refmap.json' for searchables.fabric.mixins.json could not be read. If this is a development environment you can ignore this message
[16:40:10] [main/INFO]: Loaded configuration file for Sodium: 36 options available, 1 override(s) found
[16:40:10] [main/INFO]: Loaded configuration file for Sodium Extra: 26 options available, 0 override(s) found
[16:40:10] [main/WARN]: Reference map 'sodium-extra.refmap.json' for sodium-extra.mixins.json could not be read. If this is a development environment you can ignore this message
[16:40:10] [main/WARN]: Reference map 'sspb.refmap.json' for sspb.mixins.json could not be read. If this is a development environment you can ignore this message
[16:40:10] [main/WARN]: Reference map 'yet_another_config_lib_v3.refmap.json' for yacl.mixins.json could not be read. If this is a development environment you can ignore this message
[16:40:10] [main/WARN]: Reference map 'yet_another_config_lib_v3.refmap.json' for yacl-fabric.mixins.json could not be read. If this is a development environment you can ignore this message
[16:40:10] [main/WARN]: Error loading class: mezz/jei/fabric/platform/RenderHelper (java.lang.ClassNotFoundException: mezz/jei/fabric/platform/RenderHelper)
[16:40:10] [main/WARN]: @Mixin target mezz.jei.fabric.platform.RenderHelper was not found appleskin.jei.mixins.json:JEIRenderHelperMixin from mod appleskin
[16:40:10] [main/WARN]: Error loading class: me/jellysquid/mods/sodium/client/render/chunk/DefaultChunkRenderer (java.lang.ClassNotFoundException: me/jellysquid/mods/sodium/client/render/chunk/DefaultChunkRenderer)
[16:40:10] [CrashAssistantApp process logger/INFO]: CrashAssistantApp process successfully started.
[16:40:10] [main/WARN]: Error loading class: net/minecraft/world/level/dimension/end/DragonRespawnStage$3 (java.lang.ClassNotFoundException: net/minecraft/world/level/dimension/end/DragonRespawnStage$3)
[16:40:10] [main/WARN]: @Mixin target net/minecraft/world/level/dimension/end/DragonRespawnStage$3 was not found carpetamsaddition.mixins.json:rule.preventEndSpikeRespawn.DragonRespawnStageMixin from mod carpet-ams-addition
[16:40:11] [main/WARN]: Error loading class: cc/cosmetica/include/twelvemonkeys/imageio/plugins/webp/AnimationFrame (java.lang.ClassNotFoundException: cc/cosmetica/include/twelvemonkeys/imageio/plugins/webp/AnimationFrame)
[16:40:11] [main/WARN]: Error loading class: cc/cosmetica/include/twelvemonkeys/imageio/plugins/webp/WebPImageReader (java.lang.ClassNotFoundException: cc/cosmetica/include/twelvemonkeys/imageio/plugins/webp/WebPImageReader)
[16:40:11] [main/WARN]: Force disabled MC-59810 because it only applies to OS: MAC
[16:40:11] [main/WARN]: Error loading class: dev/tr7zw/skinlayers/render/CustomizableModelPart (java.lang.ClassNotFoundException: dev/tr7zw/skinlayers/render/CustomizableModelPart)
[16:40:11] [main/WARN]: Error loading class: net/irisshaders/batchedentityrendering/impl/FullyBufferedMultiBufferSource (java.lang.ClassNotFoundException: net/irisshaders/batchedentityrendering/impl/FullyBufferedMultiBufferSource)
[16:40:11] [main/WARN]: Error loading class: net/irisshaders/iris/layer/InnerWrappedRenderType (java.lang.ClassNotFoundException: net/irisshaders/iris/layer/InnerWrappedRenderType)
[16:40:11] [main/WARN]: Error loading class: me/jellysquid/mods/sodium/client/render/SodiumWorldRenderer (java.lang.ClassNotFoundException: me/jellysquid/mods/sodium/client/render/SodiumWorldRenderer)
[16:40:11] [main/INFO]: Force-disabling mixin 'block.hopper.AbstractChestBoatMixin' as rule 'mixin.block.hopper' (added by mods [hopperhedgehog]) disables it and children
[16:40:11] [main/INFO]: Force-disabling mixin 'block.hopper.AbstractContainerMenuMixin' as rule 'mixin.block.hopper' (added by mods [hopperhedgehog]) disables it and children
[16:40:11] [main/INFO]: Force-disabling mixin 'block.hopper.BlockBehaviourMixin' as rule 'mixin.block.hopper' (added by mods [hopperhedgehog]) disables it and children
[16:40:11] [main/INFO]: Force-disabling mixin 'block.hopper.ChiseledBookShelfBlockEntityMixin' as rule 'mixin.block.hopper' (added by mods [hopperhedgehog]) disables it and children
[16:40:11] [main/INFO]: Force-disabling mixin 'block.hopper.ClassInstanceMultiMapMixin' as rule 'mixin.block.hopper' (added by mods [hopperhedgehog]) disables it and children
[16:40:11] [main/INFO]: Force-disabling mixin 'block.hopper.ComposterMixin$ComposterBlockComposterInventoryMixin' as rule 'mixin.block.hopper' (added by mods [hopperhedgehog]) disables it and children
[16:40:11] [main/INFO]: Force-disabling mixin 'block.hopper.ComposterMixin$ComposterBlockDummyInventoryMixin' as rule 'mixin.block.hopper' (added by mods [hopperhedgehog]) disables it and children
[16:40:11] [main/INFO]: Force-disabling mixin 'block.hopper.ComposterMixin$ComposterBlockFullComposterInventoryMixin' as rule 'mixin.block.hopper' (added by mods [hopperhedgehog]) disables it and children
[16:40:11] [main/INFO]: Force-disabling mixin 'block.hopper.CompoundContainerAccessor' as rule 'mixin.block.hopper' (added by mods [hopperhedgehog]) disables it and children
[16:40:11] [main/INFO]: Force-disabling mixin 'block.hopper.ContainerMixin' as rule 'mixin.block.hopper' (added by mods [hopperhedgehog]) disables it and children
[16:40:11] [main/INFO]: Force-disabling mixin 'block.hopper.EntityAccessor' as rule 'mixin.block.hopper' (added by mods [hopperhedgehog]) disables it and children
[16:40:11] [main/INFO]: Force-disabling mixin 'block.hopper.EntityDataAccessorMixin' as rule 'mixin.block.hopper' (added by mods [hopperhedgehog]) disables it and children
[16:40:11] [main/INFO]: Force-disabling mixin 'block.hopper.EntitySectionAccessor' as rule 'mixin.block.hopper' (added by mods [hopperhedgehog]) disables it and children
[16:40:11] [main/INFO]: Force-disabling mixin 'block.hopper.HopperBlockEntityMixin' as rule 'mixin.block.hopper' (added by mods [hopperhedgehog]) disables it and children
[16:40:11] [main/INFO]: Force-disabling mixin 'block.hopper.HopperBlockMixin' as rule 'mixin.block.hopper' (added by mods [hopperhedgehog]) disables it and children
[16:40:11] [main/INFO]: Force-disabling mixin 'block.hopper.InventoryAccessors$AbstractFurnaceBlockEntityMixin' as rule 'mixin.block.hopper' (added by mods [hopperhedgehog]) disables it and children
[16:40:11] [main/INFO]: Force-disabling mixin 'block.hopper.InventoryAccessors$AbstractMinecartContainerMixin' as rule 'mixin.block.hopper' (added by mods [hopperhedgehog]) disables it and children
[16:40:11] [main/INFO]: Force-disabling mixin 'block.hopper.InventoryAccessors$BarrelBlockEntityMixin' as rule 'mixin.block.hopper' (added by mods [hopperhedgehog]) disables it and children
[16:40:11] [main/INFO]: Force-disabling mixin 'block.hopper.InventoryAccessors$BrewingStandBlockEntityMixin' as rule 'mixin.block.hopper' (added by mods [hopperhedgehog]) disables it and children
[16:40:11] [main/INFO]: Force-disabling mixin 'block.hopper.InventoryAccessors$ChestBlockEntityMixin' as rule 'mixin.block.hopper' (added by mods [hopperhedgehog]) disables it and children
[16:40:11] [main/INFO]: Force-disabling mixin 'block.hopper.InventoryAccessors$DispenserBlockEntityMixin' as rule 'mixin.block.hopper' (added by mods [hopperhedgehog]) disables it and children
[16:40:11] [main/INFO]: Force-disabling mixin 'block.hopper.InventoryAccessors$HopperBlockEntityMixin' as rule 'mixin.block.hopper' (added by mods [hopperhedgehog]) disables it and children
[16:40:11] [main/INFO]: Force-disabling mixin 'block.hopper.InventoryAccessors$ShulkerBoxBlockEntityMixin' as rule 'mixin.block.hopper' (added by mods [hopperhedgehog]) disables it and children
[16:40:11] [main/INFO]: Force-disabling mixin 'block.hopper.NonNullListAccessor' as rule 'mixin.block.hopper' (added by mods [hopperhedgehog]) disables it and children
[16:40:11] [main/INFO]: Force-disabling mixin 'block.hopper.OldMinecartBehaviorMixin' as rule 'mixin.block.hopper' (added by mods [hopperhedgehog]) disables it and children
[16:40:11] [main/INFO]: Force-disabling mixin 'block.hopper.LevelMixin' as rule 'mixin.block.hopper' (added by mods [hopperhedgehog]) disables it and children
[16:40:11] [main/WARN]: Error loading class: baritone/command/defaults/ComeCommand (java.lang.ClassNotFoundException: baritone/command/defaults/ComeCommand)
[16:40:11] [main/WARN]: @Mixin target baritone.command.defaults.ComeCommand was not found meteor-client-baritone.mixins.json:ComeCommandMixin from mod meteor-client
[16:40:11] [main/WARN]: Error loading class: net/caffeinemc/mods/sodium/client/render/chunk/compile/pipeline/BlockOcclusionCache (java.lang.ClassNotFoundException: net/caffeinemc/mods/sodium/client/render/chunk/compile/pipeline/BlockOcclusionCache)
[16:40:11] [main/WARN]: Error loading class: xyz/nucleoid/server/translations/impl/language/LanguageReader (java.lang.ClassNotFoundException: xyz/nucleoid/server/translations/impl/language/LanguageReader)
[16:40:11] [main/WARN]: @Mixin target xyz.nucleoid.server.translations.impl.language.LanguageReader was not found owo.mixins.json:extension.json5.LanguageReaderMixin from mod owo
[16:40:11] [main/WARN]: Error loading class: xyz/nucleoid/server/translations/impl/language/SystemDelegatedLanguage (java.lang.ClassNotFoundException: xyz/nucleoid/server/translations/impl/language/SystemDelegatedLanguage)
[16:40:11] [main/WARN]: Force-disabling mixin 'features.render.world.sky.LevelRendererMixin' as rule 'mixin.features.render.world.sky' (added by mods [iris]) disables it and children
[16:40:12] [main/INFO]: Starting Essential Loader (stage2) version 1.7.4 (fd9925651d7d2a7c4382209f86cf67c6) [stable]
[16:40:12] [main/INFO]: Starting Essential v1.4.1 (#d5fdd37201) [stable]
[16:40:12] [main/INFO]: Java: OpenJDK 64-Bit Server VM (v21.0.7) by Microsoft (Microsoft)
[16:40:12] [main/INFO]: Java Path: /home/tomas/.local/share/PrismLauncher/java/java-runtime-delta/lib
[16:40:12] [main/INFO]: Java Info: mixed mode
[16:40:12] [main/INFO]: JVM Arguments: 
  - -Duser.language=en
  - -Xms512m
  - -Xmx4096m
  - -Djava.library.path=/home/tomas/.local/share/PrismLauncher/instances/fps/natives
[16:40:12] [main/INFO]: OS: Linux (v7.1.4-1-cachyos) (Arch: amd64)
[16:40:12] [main/INFO]: Searching for graphics cards...
[16:40:12] [main/INFO]: Found graphics adapter: LinuxPciAdapterInfo[vendor=NVIDIA, name=GB203 [GeForce RTX 5080], pciVendorId=0x10de, pciDeviceId=0x2c02]
[16:40:12] [main/WARN]: Sodium has applied one or more workarounds to prevent crashes or other issues on your system: [NVIDIA_THREADED_OPTIMIZATIONS_BROKEN, NO_ERROR_CONTEXT_UNSUPPORTED]
[16:40:12] [main/WARN]: This is not necessarily an issue, but it may result in certain features or optimizations being disabled. You can sometimes fix these issues by upgrading your graphics driver.
[16:40:12] [main/INFO]: Initializing MixinExtras via com.llamalad7.mixinextras.service.MixinExtrasServiceImpl(version=0.5.4).
[16:40:12] [main/INFO]: EuphoriaPatcher: [UPDATE CHECKER] The EuphoriaPatcher Mod is up to date
[16:40:13] [main/INFO]: EuphoriaPatcher: Constructing interdimensional gateways...
[16:40:13] [main/INFO]: EuphoriaPatcher: EuphoriaPatches_1.9.3 is already installed.
[16:40:13] [Datafixer Bootstrap/INFO]: 287 Datafixer optimizations took 197 milliseconds
[16:40:14] [main/WARN]: Method overwrite conflict for getClimateSettings in architectury.mixins.json:BiomeAccessor from mod architectury, previously written by carpet.mixins.Biome_scarpetMixin. Skipping method.
[16:40:14] [main/WARN]: Method overwrite conflict for getClimateSettings in polytone-common.mixins.json:accessor.BiomeAccessor from mod polytone, previously written by carpet.mixins.Biome_scarpetMixin. Skipping method.
[16:40:16] [main/INFO]: Sodium: [0.8.12+mc1.21.11], Iris: [1.10.7+mc1.21.11]
[16:40:16] [main/INFO]: Assigning MaLiLib Pipelines to Iris Programs:
[16:40:16] [main/WARN]: Found okay program match for malilib:pipeline/position_color/translucent/no_depth/no_cull: BASIC_COLOR
[16:40:16] [main/WARN]: Found okay program match for malilib:pipeline/position_color/translucent/no_depth: BASIC_COLOR
[16:40:16] [main/WARN]: Found okay program match for malilib:pipeline/position_color/translucent/lequal_depth/offset_1: BASIC_COLOR
[16:40:16] [main/WARN]: Found okay program match for malilib:pipeline/position_color/translucent/lequal_depth/offset_2: BASIC_COLOR
[16:40:16] [main/WARN]: Found okay program match for malilib:pipeline/position_color/translucent/lequal_depth/offset_3: BASIC_COLOR
[16:40:16] [main/WARN]: Found okay program match for malilib:pipeline/position_color/translucent/lequal_depth/no_cull: BASIC_COLOR
[16:40:16] [main/WARN]: Found okay program match for malilib:pipeline/position_color/translucent/lequal_depth: BASIC_COLOR
[16:40:16] [main/WARN]: Found okay program match for malilib:pipeline/position_color/translucent/greater_depth: BASIC_COLOR
[16:40:16] [main/WARN]: Found okay program match for malilib:pipeline/position_color/translucent/depth_mask: BASIC_COLOR
[16:40:16] [main/WARN]: Found okay program match for malilib:pipeline/position_color/translucent: BASIC_COLOR
[16:40:16] [main/WARN]: Found okay program match for malilib:pipeline/position_color/masa/no_depth/no_cull: BASIC_COLOR
[16:40:16] [main/WARN]: Found okay program match for malilib:pipeline/position_color/masa/no_depth: BASIC_COLOR
[16:40:16] [main/WARN]: Found okay program match for malilib:pipeline/position_color/masa/lequal_depth/offset_1: BASIC_COLOR
[16:40:16] [main/WARN]: Found okay program match for malilib:pipeline/position_color/masa/lequal_depth/offset_2: BASIC_COLOR
[16:40:16] [main/WARN]: Found okay program match for malilib:pipeline/position_color/masa/lequal_depth/offset_3: BASIC_COLOR
[16:40:16] [main/WARN]: Found okay program match for malilib:pipeline/position_color/masa/lequal_depth/no_cull: BASIC_COLOR
[16:40:16] [main/WARN]: Found okay program match for malilib:pipeline/position_color/masa/lequal_depth: BASIC_COLOR
[16:40:16] [main/WARN]: Found okay program match for malilib:pipeline/position_color/masa/greater_depth: BASIC_COLOR
[16:40:16] [main/WARN]: Found okay program match for malilib:pipeline/position_color/masa/depth_mask: BASIC_COLOR
[16:40:16] [main/WARN]: Found okay program match for malilib:pipeline/position_color/masa: BASIC_COLOR
[16:40:16] [main/WARN]: Found okay program match for malilib:pipeline/text_plate/no_depth: BASIC_COLOR
[16:40:16] [main/WARN]: Found okay program match for malilib:pipeline/text_plate: BASIC_COLOR
[16:40:16] [main/WARN]: Found okay program match for malilib:pipeline/minihud/shape/no_depth/offset: BASIC_COLOR
[16:40:16] [main/WARN]: Found okay program match for malilib:pipeline/minihud/shape/no_depth: BASIC_COLOR
[16:40:16] [main/WARN]: Found okay program match for malilib:pipeline/minihud/shape/offset/no_cull: BASIC_COLOR
[16:40:16] [main/WARN]: Found okay program match for malilib:pipeline/minihud/shape/offset: BASIC_COLOR
[16:40:16] [main/WARN]: Found okay program match for malilib:pipeline/minihud/shape/depth_mask: BASIC_COLOR
[16:40:16] [main/WARN]: Found okay program match for malilib:pipeline/minihud/shape/no_cull: BASIC_COLOR
[16:40:16] [main/WARN]: Found okay program match for malilib:pipeline/minihud/shape: BASIC_COLOR
[16:40:16] [main/WARN]: Found *decent* program match for malilib:pipeline/position_color_lines/translucent/no_depth/no_cull: LINES
[16:40:16] [main/WARN]: Found *decent* program match for malilib:pipeline/position_color_lines/translucent/no_depth: LINES
[16:40:16] [main/WARN]: Found *decent* program match for malilib:pipeline/position_color_lines/translucent/lequal_depth/offset_1: LINES
[16:40:16] [main/WARN]: Found *decent* program match for malilib:pipeline/position_color_lines/translucent/lequal_depth/offset_2: LINES
[16:40:16] [main/WARN]: Found *decent* program match for malilib:pipeline/position_color_lines/translucent/lequal_depth/offset_3: LINES
[16:40:16] [main/WARN]: Found *decent* program match for malilib:pipeline/position_color_lines/translucent/lequal_depth/no_cull: LINES
[16:40:16] [main/WARN]: Found *decent* program match for malilib:pipeline/position_color_lines/translucent/lequal_depth: LINES
[16:40:16] [main/WARN]: Found *decent* program match for malilib:pipeline/position_color_lines/translucent/greater_depth: LINES
[16:40:16] [main/WARN]: Found *decent* program match for malilib:pipeline/position_color_lines/translucent/depth_mask: LINES
[16:40:16] [main/WARN]: Found *decent* program match for malilib:pipeline/position_color_lines/translucent: LINES
[16:40:16] [main/WARN]: Found *decent* program match for malilib:pipeline/position_color_lines/masa/no_depth/no_cull: LINES
[16:40:16] [main/WARN]: Found *decent* program match for malilib:pipeline/position_color_lines/masa/no_depth: LINES
[16:40:16] [main/WARN]: Found *decent* program match for malilib:pipeline/position_color_lines/masa/lequal_depth/offset_1: LINES
[16:40:16] [main/WARN]: Found *decent* program match for malilib:pipeline/position_color_lines/masa/lequal_depth/offset_2: LINES
[16:40:16] [main/WARN]: Found *decent* program match for malilib:pipeline/position_color_lines/masa/lequal_depth/offset_3: LINES
[16:40:16] [main/WARN]: Found *decent* program match for malilib:pipeline/position_color_lines/masa/lequal_depth/no_cull: LINES
[16:40:16] [main/WARN]: Found *decent* program match for malilib:pipeline/position_color_lines/masa/lequal_depth: LINES
[16:40:16] [main/WARN]: Found *decent* program match for malilib:pipeline/position_color_lines/masa/greater_depth: LINES
[16:40:16] [main/WARN]: Found *decent* program match for malilib:pipeline/position_color_lines/masa/depth_mask: LINES
[16:40:16] [main/WARN]: Found *decent* program match for malilib:pipeline/position_color_lines/masa: LINES
[16:40:16] [main/WARN]: Found *decent* program match for malilib:pipeline/minihud/shape_lines/no_depth/offset: LINES
[16:40:16] [main/WARN]: Found *decent* program match for malilib:pipeline/minihud/shape_lines/no_depth: LINES
[16:40:16] [main/WARN]: Found *decent* program match for malilib:pipeline/minihud/shape_lines/offset/no_cull: LINES
[16:40:16] [main/WARN]: Found *decent* program match for malilib:pipeline/minihud/shape_lines/offset: LINES
[16:40:16] [main/WARN]: Found *decent* program match for malilib:pipeline/minihud/shape_lines/depth_mask: LINES
[16:40:16] [main/WARN]: Found *decent* program match for malilib:pipeline/minihud/shape_lines/no_cull: LINES
[16:40:16] [main/WARN]: Found *decent* program match for malilib:pipeline/minihud/shape_lines: LINES
[16:40:16] [main/WARN]: Found okay program match for malilib:pipeline/position_tex_color/translucent/no_depth/no_cull: TEXTURED_COLOR
[16:40:16] [main/WARN]: Found okay program match for malilib:pipeline/position_tex_color/translucent/no_depth: TEXTURED_COLOR
[16:40:16] [main/WARN]: Found okay program match for malilib:pipeline/position_tex_color/translucent/lequal_depth/offset_1: TEXTURED_COLOR
[16:40:16] [main/WARN]: Found okay program match for malilib:pipeline/position_tex_color/translucent/lequal_depth/offset_2: TEXTURED_COLOR
[16:40:16] [main/WARN]: Found okay program match for malilib:pipeline/position_tex_color/translucent/lequal_depth/offset_3: TEXTURED_COLOR
[16:40:16] [main/WARN]: Found okay program match for malilib:pipeline/position_tex_color/translucent/lequal_depth/no_cull: TEXTURED_COLOR
[16:40:16] [main/WARN]: Found okay program match for malilib:pipeline/position_tex_color/translucent/lequal_depth: TEXTURED_COLOR
[16:40:16] [main/WARN]: Found okay program match for malilib:pipeline/position_tex_color/translucent/greater_depth: TEXTURED_COLOR
[16:40:16] [main/WARN]: Found okay program match for malilib:pipeline/position_tex_color/translucent/depth_mask: TEXTURED_COLOR
[16:40:16] [main/WARN]: Found okay program match for malilib:pipeline/position_tex_color/translucent: TEXTURED_COLOR
[16:40:16] [main/WARN]: Found okay program match for malilib:pipeline/position_tex_color/masa/no_depth/no_cull: TEXTURED_COLOR
[16:40:16] [main/WARN]: Found okay program match for malilib:pipeline/position_tex_color/masa/no_depth: TEXTURED_COLOR
[16:40:16] [main/WARN]: Found okay program match for malilib:pipeline/position_tex_color/masa/lequal_depth/offset_1: TEXTURED_COLOR
[16:40:16] [main/WARN]: Found okay program match for malilib:pipeline/position_tex_color/masa/lequal_depth/offset_2: TEXTURED_COLOR
[16:40:16] [main/WARN]: Found okay program match for malilib:pipeline/position_tex_color/masa/lequal_depth/offset_3: TEXTURED_COLOR
[16:40:16] [main/WARN]: Found okay program match for malilib:pipeline/position_tex_color/masa/lequal_depth/no_cull: TEXTURED_COLOR
[16:40:16] [main/WARN]: Found okay program match for malilib:pipeline/position_tex_color/masa/lequal_depth: TEXTURED_COLOR
[16:40:16] [main/WARN]: Found okay program match for malilib:pipeline/position_tex_color/masa/greater_depth: TEXTURED_COLOR
[16:40:16] [main/WARN]: Found okay program match for malilib:pipeline/position_tex_color/masa/depth_mask: TEXTURED_COLOR
[16:40:16] [main/WARN]: Found okay program match for malilib:pipeline/position_tex_color/masa: TEXTURED_COLOR
[16:40:16] [main/WARN]: Found *decent* program match for malilib:pipeline/debug_lines/translucent/no_depth/no_cull: LINES
[16:40:16] [main/WARN]: Found *decent* program match for malilib:pipeline/debug_lines/translucent/no_depth: LINES
[16:40:16] [main/WARN]: Found *decent* program match for malilib:pipeline/debug_lines/translucent/no_cull: LINES
[16:40:16] [main/WARN]: Found *decent* program match for malilib:pipeline/debug_lines/translucent/lequal_depth: LINES
[16:40:16] [main/WARN]: Found *decent* program match for malilib:pipeline/debug_lines/translucent/offset_1: LINES
[16:40:16] [main/WARN]: Found *decent* program match for malilib:pipeline/debug_lines/translucent/offset_2: LINES
[16:40:16] [main/WARN]: Found *decent* program match for malilib:pipeline/debug_lines/translucent/offset_3: LINES
[16:40:16] [main/WARN]: Found *decent* program match for malilib:pipeline/debug_lines/translucent: LINES
[16:40:16] [main/WARN]: Found *decent* program match for malilib:pipeline/debug_lines/masa_simple/no_depth/no_cull: LINES
[16:40:16] [main/WARN]: Found *decent* program match for malilib:pipeline/debug_lines/masa_simple/no_depth: LINES
[16:40:16] [main/WARN]: Found *decent* program match for malilib:pipeline/debug_lines/masa_simple/no_cull: LINES
[16:40:16] [main/WARN]: Found *decent* program match for malilib:pipeline/debug_lines/masa_simple/lequal_depth: LINES
[16:40:16] [main/WARN]: Found *decent* program match for malilib:pipeline/debug_lines/masa_simple/offset_1: LINES
[16:40:16] [main/WARN]: Found *decent* program match for malilib:pipeline/debug_lines/masa_simple/offset_2: LINES
[16:40:16] [main/WARN]: Found *decent* program match for malilib:pipeline/debug_lines/masa_simple/offset_3: LINES
[16:40:16] [main/WARN]: Found *decent* program match for malilib:pipeline/debug_lines/masa_simple: LINES
[16:40:16] [main/WARN]: Found *decent* program match for malilib:pipeline/debug_line_strip/translucent/no_depth/no_cull: LINES
[16:40:16] [main/WARN]: Found *decent* program match for malilib:pipeline/debug_line_strip/translucent/no_depth: LINES
[16:40:16] [main/WARN]: Found *decent* program match for malilib:pipeline/debug_line_strip/translucent/no_cull: LINES
[16:40:16] [main/WARN]: Found *decent* program match for malilib:pipeline/debug_line_strip/translucent/offset_1: LINES
[16:40:16] [main/WARN]: Found *decent* program match for malilib:pipeline/debug_line_strip/translucent/offset_2: LINES
[16:40:16] [main/WARN]: Found *decent* program match for malilib:pipeline/debug_line_strip/translucent/offset_3: LINES
[16:40:16] [main/WARN]: Found *decent* program match for malilib:pipeline/debug_line_strip/translucent: LINES
[16:40:16] [main/WARN]: Found *decent* program match for malilib:pipeline/debug_line_strip/masa_simple/no_depth/no_cull: LINES
[16:40:16] [main/WARN]: Found *decent* program match for malilib:pipeline/debug_line_strip/masa_simple/no_depth: LINES
[16:40:16] [main/WARN]: Found *decent* program match for malilib:pipeline/debug_line_strip/masa_simple/no_cull: LINES
[16:40:16] [main/WARN]: Found *decent* program match for malilib:pipeline/debug_line_strip/masa_simple/offset_1: LINES
[16:40:16] [main/WARN]: Found *decent* program match for malilib:pipeline/debug_line_strip/masa_simple/offset_2: LINES
[16:40:16] [main/WARN]: Found *decent* program match for malilib:pipeline/debug_line_strip/masa_simple/offset_3: LINES
[16:40:16] [main/WARN]: Found *decent* program match for malilib:pipeline/debug_line_strip/masa_simple: LINES
[16:40:16] [main/WARN]: Found okay program match for malilib:pipeline/gui_overlay: BASIC_COLOR
[16:40:16] [main/WARN]: Found okay program match for malilib:pipeline/gui_textured_overlay: TEXTURED_COLOR
[16:40:16] [main/WARN]: Found *decent* program match for malilib:pipeline/solid_terrain/masa: TERRAIN_SOLID
[16:40:16] [main/WARN]: Found *decent* program match for malilib:pipeline/wireframe/masa: LINES
[16:40:16] [main/WARN]: Found fine program match for malilib:pipeline/cutout_terrain/masa: TERRAIN_CUTOUT
[16:40:16] [main/WARN]: Found *decent* program match for malilib:pipeline/translucent/masa: TERRAIN_TRANSLUCENT
[16:40:16] [main/WARN]: Found *decent* program match for malilib:pipeline/tripwire_terran/masa: TERRAIN_TRANSLUCENT
[16:40:16] [main/WARN]: Found *decent* program match for malilib:pipeline/solid_terrain/masa/offset: TERRAIN_SOLID
[16:40:16] [main/WARN]: Found *decent* program match for malilib:pipeline/wireframe/masa/offset: LINES
[16:40:16] [main/WARN]: Found fine program match for malilib:pipeline/cutout_terrain/masa/offset: TERRAIN_CUTOUT
[16:40:16] [main/WARN]: Found *decent* program match for malilib:pipeline/translucent/masa/offset: TERRAIN_TRANSLUCENT
[16:40:16] [main/WARN]: Found *decent* program match for malilib:pipeline/tripwire_terrain/masa/offset: TERRAIN_TRANSLUCENT
[16:40:16] [main/WARN]: Found *decent* program match for malilib:pipeline/solid_block/masa: MOVING_BLOCK
[16:40:16] [main/WARN]: Found fine program match for malilib:pipeline/cutout_block/masa: TERRAIN_CUTOUT
[16:40:16] [main/WARN]: Found fine program match for malilib:pipeline/tripwire_block/masa: TEXT_BE
[16:40:16] [main/WARN]: Found *decent* program match for malilib:pipeline/solid_block/masa/offset: MOVING_BLOCK
[16:40:16] [main/WARN]: Found fine program match for malilib:pipeline/cutout_block/masa/offset: TERRAIN_CUTOUT
[16:40:16] [main/WARN]: Found fine program match for malilib:pipeline/tripwire_block/masa/offset: TEXT_BE
[16:40:16] [main/WARN]: Found *decent* program match for malilib:pipeline/legacy/solid/masa: TERRAIN_SOLID
[16:40:16] [main/WARN]: Found *decent* program match for malilib:pipeline/legacy/wireframe/masa: LINES
[16:40:16] [main/WARN]: Found fine program match for malilib:pipeline/legacy/cutout/masa: TERRAIN_CUTOUT
[16:40:16] [main/WARN]: Found *decent* program match for malilib:pipeline/legacy/translucent/masa: TERRAIN_TRANSLUCENT
[16:40:16] [main/WARN]: Found *decent* program match for malilib:pipeline/legacy/tripwire/masa: TERRAIN_TRANSLUCENT
[16:40:16] [main/WARN]: Found *decent* program match for malilib:pipeline/legacy/solid/masa/offset: TERRAIN_SOLID
[16:40:16] [main/WARN]: Found *decent* program match for malilib:pipeline/legacy/wireframe/masa/offset: LINES
[16:40:16] [main/WARN]: Found fine program match for malilib:pipeline/legacy/cutout/masa/offset: TERRAIN_CUTOUT
[16:40:16] [main/WARN]: Found *decent* program match for malilib:pipeline/legacy/translucent/masa/offset: TERRAIN_TRANSLUCENT
[16:40:16] [main/WARN]: Found *decent* program match for malilib:pipeline/legacy/tripwire/masa/offset: TERRAIN_TRANSLUCENT
[16:40:16] [Render thread/INFO]: Environment: Environment[sessionHost=https://sessionserver.mojang.com, servicesHost=https://api.minecraftservices.com, profilesHost=https://api.mojang.com, name=PROD]
[16:40:16] [Render thread/INFO]: Setting user: Tomas_6482
[16:40:16] [Via-Mappingloader-1/INFO]: Loading block connection mappings ...
[16:40:16] [Worker-Main-1/INFO]: Loading translations...
[16:40:16] [Worker-Main-1/INFO]: Registering protocols...
[16:40:16] [Render thread/INFO]: Starting DI!
[16:40:16] [Render thread/INFO]: Authenticating to Mojang as Tomas_6482 (0f54a883-9ed1-4b63-a354-2ec3c82c8e16)
[16:40:17] [Render thread/INFO]: Initializing Axiom/5.4.2
[16:40:17] [Worker-Main-1/INFO]: Started resource pack HTTP server on http://127.0.0.1:34555/
[16:40:17] [Worker-Main-1/WARN]: Experimental features are enabled. These features might not be fully stable/tested and may cause issues.
[16:40:17] [Worker-Main-1/INFO]: ViaVersion detected lowest supported version by the proxy: c0.0.15a-1 (0)
[16:40:17] [Worker-Main-1/INFO]: Highest supported version by the proxy: Bedrock 1.26.20 (975)
[16:40:17] [Worker-Main-1/INFO]: Environment: Environment[sessionHost=https://sessionserver.mojang.com, servicesHost=https://api.minecraftservices.com, profilesHost=https://api.mojang.com, name=PROD]
[16:40:17] [DefaultDispatcher-worker-3/INFO]: Connecting to Essential Connection Manager...
[16:40:17] [DefaultDispatcher-worker-3/INFO]: Using Default JreDnsResolver
[16:40:17] [DefaultDispatcher-worker-3/INFO]: Using Default JreSocketFactory
[16:40:17] [Render thread/INFO]: Crafter Presets Mod initialized!
[16:40:17] [TISCM Mapping/INFO]: Yarn mapping file yarn-1.21.11+build.6-v2.tiny loaded
[16:40:17] [Render thread/INFO]: Enabled 7 bug fixes: [MC-577, MC-59810, MC-90683, MC-122477, MC-237493, MC-259512, MC-263865]
[16:40:17] [Render thread/INFO]: Successfully Debugify'd your game!
[16:40:17] [Render thread/INFO]: Hello Fabric world!
[16:40:17] [WebSocketConnectReadThread-170/INFO]: Connected to Essential Connection Manager.
[16:40:18] [Render thread/INFO]: Starting Load for Hopper the Hedgehog
[16:40:18] [Render thread/INFO]: Load for Hopper the Hedgehog successful
[16:40:18] [Render thread/INFO]: Owo.currentServer()
[16:40:18] [Render thread/INFO]: [REI] Config loaded
[16:40:18] [Render thread/INFO]: Registering S2C receiver with id roughlyenoughitems:request_tags_s2c
[16:40:18] [Render thread/INFO]: Registering C2S receiver with id roughlyenoughitems:request_tags_c2s
[16:40:18] [Render thread/INFO]: [REI] Registered plugin provider DefaultPlugin [roughlyenoughitems] for REICommonPlugin
[16:40:18] [Render thread/INFO]: [REI] Registered plugin provider DefaultRuntimePlugin [roughlyenoughitems] for REICommonPlugin
[16:40:18] [Render thread/INFO]: [REI] Registered plugin provider FabricFluidAPISupportPlugin for REICommonPlugin
[16:40:18] [Render thread/INFO]: Registering C2S receiver with id roughlyenoughitems:delete_item
[16:40:18] [Render thread/INFO]: Registering C2S receiver with id roughlyenoughitems:create_item
[16:40:18] [Via Async Scheduler 0/INFO]: Finished mapping loading, shutting down loader executor.
[16:40:18] [Render thread/INFO]: Registering C2S receiver with id roughlyenoughitems:create_item_grab
[16:40:18] [Render thread/INFO]: Registering C2S receiver with id roughlyenoughitems:create_item_hotbar
[16:40:18] [Render thread/INFO]: Registering C2S receiver with id roughlyenoughitems:move_items_new
[16:40:18] [Render thread/INFO]: [voicechat] Compatibility version 20
[16:40:18] [Render thread/INFO]: [voicechat] Loading plugins
[16:40:18] [Render thread/INFO]: [voicechat] Loaded 1 plugin(s)
[16:40:18] [Render thread/INFO]: [voicechat] Initializing plugins
[16:40:18] [Render thread/INFO]: [voicechat] Initialized 1 plugin(s)
[16:40:18] [Render thread/INFO]: [voicechat] Registering events for 'flashback'
[16:40:18] [Render thread/INFO]: [voicechat] Successfully registered ViaVersion mappings
[16:40:18] [Render thread/INFO]: Registering S2C receiver with id architectury:spawn_entity_packet
[16:40:18] [Render thread/INFO]: Checking for loaded mods for compact...
[16:40:18] [Render thread/INFO]: Building config cache from user defined config file...
[16:40:18] [Render thread/INFO]: Collecting API Entrypoint's...
[16:40:18] [Render thread/INFO]: [BetterGrassify] Better Grass is disabled! ;(
[16:40:18] [Render thread/INFO]: Carpet AMS Addition v26.2 loaded! (Total rules: 149)
[16:40:18] [Render thread/INFO]: Open Source: https://github.com/Minecraft-AMS/Carpet-AMS-Addition
[16:40:18] [Render thread/INFO]: Issues: https://github.com/Minecraft-AMS/Carpet-AMS-Addition/issues
[16:40:18] [Render thread/INFO]: Wiki: https://minecraft-ams.github.io/carpetamsaddition/
[16:40:18] [Render thread/INFO]: Pre-initializing Controlify...
[16:40:18] [Render thread/INFO]: [STDERR]: SLF4J: Failed to load class "org.slf4j.impl.StaticLoggerBinder".
[16:40:18] [Render thread/INFO]: [STDERR]: SLF4J: Defaulting to no-operation (NOP) logger implementation
[16:40:18] [Render thread/INFO]: [STDERR]: SLF4J: See http://www.slf4j.org/codes.html#StaticLoggerBinder for further details.
[16:40:18] [Render thread/INFO]: Crafter Presets Client initialized!
[16:40:18] [Render thread/INFO]: Initializing Donut SMP Profit Calculator Client...
[16:40:19] [Render thread/INFO]: Donut SMP Profit Calculator Client initialized successfully!
[16:40:19] [Render thread/INFO]: [ETF]: Modifying ETF Render State constructor because: for EMF
[16:40:19] [Render thread/INFO]: Loading Entity Model Features, we get there when we get there.
[16:40:19] [Render thread/INFO]: [ETF]: 6 new ETF Random Properties registered by entity_model_features
[16:40:19] [Render thread/INFO]: Loading Entity Texture Features, ,serutaeF erutxeT ytitnE gnidoaL
[16:40:19] [Render thread/INFO]: [Indigo] Different rendering plugin detected; not applying Indigo.
[16:40:19] [Render thread/INFO]: [FastQuit] Initialized
[16:40:19] [ForkJoinPool.commonPool-worker-8/INFO]: Update notification available: wasd (v20260430-215627)
[16:40:19] [Render thread/WARN]: Found *decent* program match for minecraft:polytone/pipeline/leash: MOVING_BLOCK
[16:40:19] [Render thread/WARN]: Found okay program match for polytone:pipeline/additive_particle: PARTICLES_TRANS
[16:40:19] [Render thread/WARN]: Found *decent* program match for polytone:pipeline/additive_translucent_moving_block: TEXT_BE
[16:40:19] [Render thread/INFO]: [REI] Registered plugin provider REITooltipPlugin [appleskin] for REIClientPlugin
[16:40:19] [Render thread/INFO]: [REI] Registered plugin provider OwoReiPlugin [owo] for REIClientPlugin
[16:40:19] [Render thread/INFO]: [REI] Registered plugin provider DefaultClientPlugin [roughlyenoughitems] for REIClientPlugin
[16:40:19] [Render thread/INFO]: [REI] Registered plugin provider DefaultClientRuntimePlugin [roughlyenoughitems] for REIClientPlugin
[16:40:19] [Render thread/INFO]: [REI] Registered plugin provider HideIngredientsFromTagsPlugin [roughlyenoughitems] for REIClientPlugin
[16:40:19] [Render thread/INFO]: Registering S2C receiver with id roughlyenoughitems:ci_msg
[16:40:19] [Render thread/INFO]: Registering S2C receiver with id roughlyenoughitems:og_not_enough
[16:40:19] [Render thread/INFO]: Registering S2C receiver with id roughlyenoughitems:sync_displays
[16:40:19] [Render thread/INFO]: Deserializing SkyboxifyConfig from '/home/tomas/.local/share/PrismLauncher/instances/fps/minecraft/config/skyboxify.json'
[16:40:19] [Render thread/INFO]: [SSPB] Broken dirt path lighting is best dirt path lighting lol
[16:40:19] [Render thread/INFO]: [STDOUT]: [LibGui] Initializing Client...
[16:40:19] [Render thread/INFO]: [voicechat] Initializing Opus
[16:40:19] [Render thread/INFO]: [voicechat] Successfully initialized Opus
[16:40:19] [Render thread/INFO]: [voicechat] Initializing RNNoise
[16:40:19] [Cosmetica Worker #4/INFO]: Connecting to Ethiopia
[16:40:19] [Cosmetica Worker #4/INFO]: Cosmetica is in favour of Tearfund's support in Ethiopia!
[16:40:19] [Render thread/INFO]: [voicechat] Successfully initialized RNNoise
[16:40:19] [Render thread/INFO]: [voicechat] Initializing Speex
[16:40:19] [Render thread/INFO]: [voicechat] Successfully initialized Speex
[16:40:19] [Render thread/INFO]: [voicechat] Initializing LAME
[16:40:19] [Render thread/INFO]: [voicechat] Successfully initialized LAME
[16:40:19] [Render thread/INFO]: [voicechat] Using Cloth Config GUI
[16:40:19] [Render thread/INFO]: Deserializing YACLConfig from '/home/tomas/.local/share/PrismLauncher/instances/fps/minecraft/config/yacl.json5'
[16:40:19] [Render thread/INFO]: Initializing mods (entrypoint yumi:init)...
[16:40:19] [Render thread/INFO]: [LambDynLights] Initializing LambDynamicLights...
[16:40:19] [Render thread/INFO]: [LambDynLights] Configuration loaded.
[16:40:19] [Render thread/INFO]: OptiFine not detected.
[16:40:19] [Render thread/ERROR]: Couldn't load ambientsounds pack metadata: Pack declares support for format 50, but game versions supporting formats 17 to 64 require a supported_formats field. Add "supported_formats": [50, 64] or require a version greater or equal to 65.0.
[16:40:19] [Render thread/ERROR]: Couldn't load creativecore pack metadata: Pack declares support for format 50, but game versions supporting formats 17 to 64 require a supported_formats field. Add "supported_formats": [50, 64] or require a version greater or equal to 65.0.
[16:40:19] [Render thread/INFO]: Backend library: LWJGL version 3.3.3-snapshot
[16:40:19] [Render thread/INFO]: Modifying process environment to apply workarounds for the NVIDIA graphics driver...
[16:40:20] [Render thread/INFO]: Initializing ImmediatelyFast 1.14.2+1.21.11 on NVIDIA GeForce RTX 5080/PCIe/SSE2 (NVIDIA Corporation) with OpenGL 3.3.0 NVIDIA 610.43.03
[16:40:20] [Render thread/INFO]: Found Iris 1.10.7+mc1.21.11. Enabling compatibility.
[16:40:20] [Render thread/INFO]: Debug functionality is disabled.
[16:40:20] [Render thread/INFO]: ARB_direct_state_access detected, enabling DSA.
[16:40:20] [Render thread/INFO]: Shaders are disabled because enableShaders is set to false in iris.properties
[16:40:20] [Render thread/INFO]: OpenGL Vendor: NVIDIA Corporation
[16:40:20] [Render thread/INFO]: OpenGL Renderer: NVIDIA GeForce RTX 5080/PCIe/SSE2
[16:40:20] [Render thread/INFO]: OpenGL Version: 3.3.0 NVIDIA 610.43.03
[16:40:20] [Render thread/INFO]: Modifying OpenGL context to apply workarounds for the NVIDIA graphics driver...
[16:40:20] [Render thread/INFO]: Using optional rendering extensions: GL_ARB_buffer_storage, GL_KHR_debug, GL_ARB_vertex_attrib_binding, GL_ARB_direct_state_access, GL_EXT_texture_filter_anisotropic
[16:40:20] [Render thread/ERROR]: Couldn't load ambientsounds pack metadata: Pack declares support for format 50, but game versions supporting formats 17 to 64 require a supported_formats field. Add "supported_formats": [50, 64] or require a version greater or equal to 65.0.
[16:40:20] [Render thread/ERROR]: Couldn't load creativecore pack metadata: Pack declares support for format 50, but game versions supporting formats 17 to 64 require a supported_formats field. Add "supported_formats": [50, 64] or require a version greater or equal to 65.0.
[16:40:21] [Render thread/INFO]: Hardware information:
[16:40:21] [Render thread/INFO]: CPU: 24x AMD Ryzen 9 5900X 12-Core Processor
[16:40:21] [Render thread/INFO]: GPU: NVIDIA GeForce RTX 5080/PCIe/SSE2 (Supports OpenGL 3.3.0 NVIDIA 610.43.03)
[16:40:21] [Render thread/INFO]: OS: Linux (7.1.4-1-cachyos)
[16:40:21] [Render thread/ERROR]: Error while loading the narrator
com.mojang.text2speech.Narrator$InitializeException: Failed to load library flite
	at knot//com.mojang.text2speech.NarratorLinux$FliteLibrary.loadNative(NarratorLinux.java:81)
	at knot//com.mojang.text2speech.NarratorLinux.<init>(NarratorLinux.java:18)
	at knot//com.mojang.text2speech.Narrator.getNarrator(Narrator.java:41)
	at knot//net.minecraft.class_333.<init>(class_333.java:20)
	at knot//net.minecraft.class_310.<init>(class_310.java:702)
	at java.base/java.lang.Thread.run(Thread.java:1583)
Caused by: java.lang.UnsatisfiedLinkError: Unable to load library 'flite':
libflite.so: cannot open shared object file: No such file or directory
libflite.so: cannot open shared object file: No such file or directory
Native library (linux-x86-64/libflite.so) not found in resource path (/usr/share/PrismLauncher/NewLaunch.jar:/home/tomas/.local/share/PrismLauncher/libraries/org/lwjgl/lwjgl-freetype-natives-linux/3.3.3/lwjgl-freetype-natives-linux-3.3.3.jar:/home/tomas/.local/share/PrismLauncher/libraries/org/lwjgl/lwjgl-freetype/3.3.3/lwjgl-freetype-3.3.3.jar:/home/tomas/.local/share/PrismLauncher/libraries/org/lwjgl/lwjgl-glfw-natives-linux/3.3.3/lwjgl-glfw-natives-linux-3.3.3.jar:/home/tomas/.local/share/PrismLauncher/libraries/org/lwjgl/lwjgl-glfw/3.3.3/lwjgl-glfw-3.3.3.jar:/home/tomas/.local/share/PrismLauncher/libraries/org/lwjgl/lwjgl-jemalloc-natives-linux/3.3.3/lwjgl-jemalloc-natives-linux-3.3.3.jar:/home/tomas/.local/share/PrismLauncher/libraries/org/lwjgl/lwjgl-jemalloc/3.3.3/lwjgl-jemalloc-3.3.3.jar:/home/tomas/.local/share/PrismLauncher/libraries/org/lwjgl/lwjgl-natives-linux/3.3.3/lwjgl-natives-linux-3.3.3.jar:/home/tomas/.local/share/PrismLauncher/libraries/org/lwjgl/lwjgl-openal-natives-linux/3.3.3/lwjgl-openal-natives-linux-3.3.3.jar:/home/tomas/.local/share/PrismLauncher/libraries/org/lwjgl/lwjgl-openal/3.3.3/lwjgl-openal-3.3.3.jar:/home/tomas/.local/share/PrismLauncher/libraries/org/lwjgl/lwjgl-opengl-natives-linux/3.3.3/lwjgl-opengl-natives-linux-3.3.3.jar:/home/tomas/.local/share/PrismLauncher/libraries/org/lwjgl/lwjgl-opengl/3.3.3/lwjgl-opengl-3.3.3.jar:/home/tomas/.local/share/PrismLauncher/libraries/org/lwjgl/lwjgl-stb-natives-linux/3.3.3/lwjgl-stb-natives-linux-3.3.3.jar:/home/tomas/.local/share/PrismLauncher/libraries/org/lwjgl/lwjgl-stb/3.3.3/lwjgl-stb-3.3.3.jar:/home/tomas/.local/share/PrismLauncher/libraries/org/lwjgl/lwjgl-tinyfd-natives-linux/3.3.3/lwjgl-tinyfd-natives-linux-3.3.3.jar:/home/tomas/.local/share/PrismLauncher/libraries/org/lwjgl/lwjgl-tinyfd/3.3.3/lwjgl-tinyfd-3.3.3.jar:/home/tomas/.local/share/PrismLauncher/libraries/org/lwjgl/lwjgl/3.3.3/lwjgl-3.3.3.jar:/home/tomas/.local/share/PrismLauncher/libraries/at/yawk/lz4/lz4-java/1.8.1/lz4-java-1.8.1.jar:/home/tomas/.local/share/PrismLauncher/libraries/com/azure/azure-json/1.4.0/azure-json-1.4.0.jar:/home/tomas/.local/share/PrismLauncher/libraries/com/github/oshi/oshi-core/6.9.0/oshi-core-6.9.0.jar:/home/tomas/.local/share/PrismLauncher/libraries/com/google/code/gson/gson/2.13.2/gson-2.13.2.jar:/home/tomas/.local/share/PrismLauncher/libraries/com/google/guava/failureaccess/1.0.3/failureaccess-1.0.3.jar:/home/tomas/.local/share/PrismLauncher/libraries/com/google/guava/guava/33.5.0-jre/guava-33.5.0-jre.jar:/home/tomas/.local/share/PrismLauncher/libraries/com/ibm/icu/icu4j/77.1/icu4j-77.1.jar:/home/tomas/.local/share/PrismLauncher/libraries/com/microsoft/azure/msal4j/1.23.1/msal4j-1.23.1.jar:/home/tomas/.local/share/PrismLauncher/libraries/com/mojang/authlib/7.0.61/authlib-7.0.61.jar:/home/tomas/.local/share/PrismLauncher/libraries/com/mojang/blocklist/1.0.10/blocklist-1.0.10.jar:/home/tomas/.local/share/PrismLauncher/libraries/com/mojang/brigadier/1.3.10/brigadier-1.3.10.jar:/home/tomas/.local/share/PrismLauncher/libraries/com/mojang/datafixerupper/9.0.19/datafixerupper-9.0.19.jar:/home/tomas/.local/share/PrismLauncher/libraries/com/mojang/jtracy/1.0.37/jtracy-1.0.37.jar:/home/tomas/.local/share/PrismLauncher/libraries/com/mojang/jtracy-natives-linux/1.0.37/jtracy-natives-linux-1.0.37.jar:/home/tomas/.local/share/PrismLauncher/libraries/com/mojang/logging/1.6.11/logging-1.6.11.jar:/home/tomas/.local/share/PrismLauncher/libraries/com/mojang/patchy/2.2.10/patchy-2.2.10.jar:/home/tomas/.local/share/PrismLauncher/libraries/com/mojang/text2speech/1.18.11/text2speech-1.18.11.jar:/home/tomas/.local/share/PrismLauncher/libraries/commons-codec/commons-codec/1.19.0/commons-codec-1.19.0.jar:/home/tomas/.local/share/PrismLauncher/libraries/commons-io/commons-io/2.20.0/commons-io-2.20.0.jar:/home/tomas/.local/share/PrismLauncher/libraries/io/netty/netty-buffer/4.2.7.Final/netty-buffer-4.2.7.Final.jar:/home/tomas/.local/share/PrismLauncher/libraries/io/netty/netty-codec-base/4.2.7.Final/netty-codec-base-4.2.7.Final.jar:/home/tomas/.local/share/PrismLauncher/libraries/io/netty/netty-codec-compression/4.2.7.Final/netty-codec-compression-4.2.7.Final.jar:/home/tomas/.local/share/PrismLauncher/libraries/io/netty/netty-codec-http/4.2.7.Final/netty-codec-http-4.2.7.Final.jar:/home/tomas/.local/share/PrismLauncher/libraries/io/netty/netty-common/4.2.7.Final/netty-common-4.2.7.Final.jar:/home/tomas/.local/share/PrismLauncher/libraries/io/netty/netty-handler/4.2.7.Final/netty-handler-4.2.7.Final.jar:/home/tomas/.local/share/PrismLauncher/libraries/io/netty/netty-resolver/4.2.7.Final/netty-resolver-4.2.7.Final.jar:/home/tomas/.local/share/PrismLauncher/libraries/io/netty/netty-transport-classes-epoll/4.2.7.Final/netty-transport-classes-epoll-4.2.7.Final.jar:/home/tomas/.local/share/PrismLauncher/libraries/io/netty/netty-transport-classes-kqueue/4.2.7.Final/netty-transport-classes-kqueue-4.2.7.Final.jar:/home/tomas/.local/share/PrismLauncher/libraries/io/netty/netty-transport-native-epoll/4.2.7.Final/netty-transport-native-epoll-4.2.7.Final-linux-aarch_64.jar:/home/tomas/.local/share/PrismLauncher/libraries/io/netty/netty-transport-native-epoll/4.2.7.Final/netty-transport-native-epoll-4.2.7.Final-linux-x86_64.jar:/home/tomas/.local/share/PrismLauncher/libraries/io/netty/netty-transport-native-unix-common/4.2.7.Final/netty-transport-native-unix-common-4.2.7.Final.jar:/home/tomas/.local/share/PrismLauncher/libraries/io/netty/netty-transport/4.2.7.Final/netty-transport-4.2.7.Final.jar:/home/tomas/.local/share/PrismLauncher/libraries/it/unimi/dsi/fastutil/8.5.18/fastutil-8.5.18.jar:/home/tomas/.local/share/PrismLauncher/libraries/net/java/dev/jna/jna-platform/5.17.0/jna-platform-5.17.0.jar:/home/tomas/.local/share/PrismLauncher/libraries/net/java/dev/jna/jna/5.17.0/jna-5.17.0.jar:/home/tomas/.local/share/PrismLauncher/libraries/net/sf/jopt-simple/jopt-simple/5.0.4/jopt-simple-5.0.4.jar:/home/tomas/.local/share/PrismLauncher/libraries/org/apache/commons/commons-compress/1.28.0/commons-compress-1.28.0.jar:/home/tomas/.local/share/PrismLauncher/libraries/org/apache/commons/commons-lang3/3.19.0/commons-lang3-3.19.0.jar:/home/tomas/.local/share/PrismLauncher/libraries/org/apache/logging/log4j/log4j-api/2.25.2/log4j-api-2.25.2.jar:/home/tomas/.local/share/PrismLauncher/libraries/org/apache/logging/log4j/log4j-core/2.25.2/log4j-core-2.25.2.jar:/home/tomas/.local/share/PrismLauncher/libraries/org/apache/logging/log4j/log4j-slf4j2-impl/2.25.2/log4j-slf4j2-impl-2.25.2.jar:/home/tomas/.local/share/PrismLauncher/libraries/org/jcraft/jorbis/0.0.17/jorbis-0.0.17.jar:/home/tomas/.local/share/PrismLauncher/libraries/org/joml/joml/1.10.8/joml-1.10.8.jar:/home/tomas/.local/share/PrismLauncher/libraries/org/jspecify/jspecify/1.0.0/jspecify-1.0.0.jar:/home/tomas/.local/share/PrismLauncher/libraries/org/slf4j/slf4j-api/2.0.17/slf4j-api-2.0.17.jar:/home/tomas/.local/share/PrismLauncher/libraries/net/fabricmc/intermediary/1.21.11/intermediary-1.21.11.jar:/home/tomas/.local/share/PrismLauncher/libraries/org/ow2/asm/asm/9.10.1/asm-9.10.1.jar:/home/tomas/.local/share/PrismLauncher/libraries/org/ow2/asm/asm-analysis/9.10.1/asm-analysis-9.10.1.jar:/home/tomas/.local/share/PrismLauncher/libraries/org/ow2/asm/asm-commons/9.10.1/asm-commons-9.10.1.jar:/home/tomas/.local/share/PrismLauncher/libraries/org/ow2/asm/asm-tree/9.10.1/asm-tree-9.10.1.jar:/home/tomas/.local/share/PrismLauncher/libraries/org/ow2/asm/asm-util/9.10.1/asm-util-9.10.1.jar:/home/tomas/.local/share/PrismLauncher/libraries/net/fabricmc/sponge-mixin/0.17.3+mixin.0.8.7/sponge-mixin-0.17.3+mixin.0.8.7.jar:/home/tomas/.local/share/PrismLauncher/libraries/net/fabricmc/fabric-loader/0.19.3/fabric-loader-0.19.3.jar:/home/tomas/.local/share/PrismLauncher/libraries/com/mojang/minecraft/1.21.11/minecraft-1.21.11-client.jar)
	at knot//com.sun.jna.NativeLibrary.loadLibrary(NativeLibrary.java:325)
	at knot//com.sun.jna.NativeLibrary.getInstance(NativeLibrary.java:481)
	at knot//com.sun.jna.NativeLibrary.getInstance(NativeLibrary.java:423)
	at knot//com.mojang.text2speech.NarratorLinux$FliteLibrary.loadNative(NarratorLinux.java:79)
	... 5 more
	Suppressed: java.lang.UnsatisfiedLinkError: libflite.so: cannot open shared object file: No such file or directory
		at knot//com.sun.jna.Native.open(Native Method)
		at knot//com.sun.jna.NativeLibrary.loadLibrary(NativeLibrary.java:213)
		... 8 more
	Suppressed: java.lang.UnsatisfiedLinkError: libflite.so: cannot open shared object file: No such file or directory
		at knot//com.sun.jna.Native.open(Native Method)
		at knot//com.sun.jna.NativeLibrary.loadLibrary(NativeLibrary.java:226)
		... 8 more
	Suppressed: java.io.IOException: Native library (linux-x86-64/libflite.so) not found in resource path (/usr/share/PrismLauncher/NewLaunch.jar:/home/tomas/.local/share/PrismLauncher/libraries/org/lwjgl/lwjgl-freetype-natives-linux/3.3.3/lwjgl-freetype-natives-linux-3.3.3.jar:/home/tomas/.local/share/PrismLauncher/libraries/org/lwjgl/lwjgl-freetype/3.3.3/lwjgl-freetype-3.3.3.jar:/home/tomas/.local/share/PrismLauncher/libraries/org/lwjgl/lwjgl-glfw-natives-linux/3.3.3/lwjgl-glfw-natives-linux-3.3.3.jar:/home/tomas/.local/share/PrismLauncher/libraries/org/lwjgl/lwjgl-glfw/3.3.3/lwjgl-glfw-3.3.3.jar:/home/tomas/.local/share/PrismLauncher/libraries/org/lwjgl/lwjgl-jemalloc-natives-linux/3.3.3/lwjgl-jemalloc-natives-linux-3.3.3.jar:/home/tomas/.local/share/PrismLauncher/libraries/org/lwjgl/lwjgl-jemalloc/3.3.3/lwjgl-jemalloc-3.3.3.jar:/home/tomas/.local/share/PrismLauncher/libraries/org/lwjgl/lwjgl-natives-linux/3.3.3/lwjgl-natives-linux-3.3.3.jar:/home/tomas/.local/share/PrismLauncher/libraries/org/lwjgl/lwjgl-openal-natives-linux/3.3.3/lwjgl-openal-natives-linux-3.3.3.jar:/home/tomas/.local/share/PrismLauncher/libraries/org/lwjgl/lwjgl-openal/3.3.3/lwjgl-openal-3.3.3.jar:/home/tomas/.local/share/PrismLauncher/libraries/org/lwjgl/lwjgl-opengl-natives-linux/3.3.3/lwjgl-opengl-natives-linux-3.3.3.jar:/home/tomas/.local/share/PrismLauncher/libraries/org/lwjgl/lwjgl-opengl/3.3.3/lwjgl-opengl-3.3.3.jar:/home/tomas/.local/share/PrismLauncher/libraries/org/lwjgl/lwjgl-stb-natives-linux/3.3.3/lwjgl-stb-natives-linux-3.3.3.jar:/home/tomas/.local/share/PrismLauncher/libraries/org/lwjgl/lwjgl-stb/3.3.3/lwjgl-stb-3.3.3.jar:/home/tomas/.local/share/PrismLauncher/libraries/org/lwjgl/lwjgl-tinyfd-natives-linux/3.3.3/lwjgl-tinyfd-natives-linux-3.3.3.jar:/home/tomas/.local/share/PrismLauncher/libraries/org/lwjgl/lwjgl-tinyfd/3.3.3/lwjgl-tinyfd-3.3.3.jar:/home/tomas/.local/share/PrismLauncher/libraries/org/lwjgl/lwjgl/3.3.3/lwjgl-3.3.3.jar:/home/tomas/.local/share/PrismLauncher/libraries/at/yawk/lz4/lz4-java/1.8.1/lz4-java-1.8.1.jar:/home/tomas/.local/share/PrismLauncher/libraries/com/azure/azure-json/1.4.0/azure-json-1.4.0.jar:/home/tomas/.local/share/PrismLauncher/libraries/com/github/oshi/oshi-core/6.9.0/oshi-core-6.9.0.jar:/home/tomas/.local/share/PrismLauncher/libraries/com/google/code/gson/gson/2.13.2/gson-2.13.2.jar:/home/tomas/.local/share/PrismLauncher/libraries/com/google/guava/failureaccess/1.0.3/failureaccess-1.0.3.jar:/home/tomas/.local/share/PrismLauncher/libraries/com/google/guava/guava/33.5.0-jre/guava-33.5.0-jre.jar:/home/tomas/.local/share/PrismLauncher/libraries/com/ibm/icu/icu4j/77.1/icu4j-77.1.jar:/home/tomas/.local/share/PrismLauncher/libraries/com/microsoft/azure/msal4j/1.23.1/msal4j-1.23.1.jar:/home/tomas/.local/share/PrismLauncher/libraries/com/mojang/authlib/7.0.61/authlib-7.0.61.jar:/home/tomas/.local/share/PrismLauncher/libraries/com/mojang/blocklist/1.0.10/blocklist-1.0.10.jar:/home/tomas/.local/share/PrismLauncher/libraries/com/mojang/brigadier/1.3.10/brigadier-1.3.10.jar:/home/tomas/.local/share/PrismLauncher/libraries/com/mojang/datafixerupper/9.0.19/datafixerupper-9.0.19.jar:/home/tomas/.local/share/PrismLauncher/libraries/com/mojang/jtracy/1.0.37/jtracy-1.0.37.jar:/home/tomas/.local/share/PrismLauncher/libraries/com/mojang/jtracy-natives-linux/1.0.37/jtracy-natives-linux-1.0.37.jar:/home/tomas/.local/share/PrismLauncher/libraries/com/mojang/logging/1.6.11/logging-1.6.11.jar:/home/tomas/.local/share/PrismLauncher/libraries/com/mojang/patchy/2.2.10/patchy-2.2.10.jar:/home/tomas/.local/share/PrismLauncher/libraries/com/mojang/text2speech/1.18.11/text2speech-1.18.11.jar:/home/tomas/.local/share/PrismLauncher/libraries/commons-codec/commons-codec/1.19.0/commons-codec-1.19.0.jar:/home/tomas/.local/share/PrismLauncher/libraries/commons-io/commons-io/2.20.0/commons-io-2.20.0.jar:/home/tomas/.local/share/PrismLauncher/libraries/io/netty/netty-buffer/4.2.7.Final/netty-buffer-4.2.7.Final.jar:/home/tomas/.local/share/PrismLauncher/libraries/io/netty/netty-codec-base/4.2.7.Final/netty-codec-base-4.2.7.Final.jar:/home/tomas/.local/share/PrismLauncher/libraries/io/netty/netty-codec-compression/4.2.7.Final/netty-codec-compression-4.2.7.Final.jar:/home/tomas/.local/share/PrismLauncher/libraries/io/netty/netty-codec-http/4.2.7.Final/netty-codec-http-4.2.7.Final.jar:/home/tomas/.local/share/PrismLauncher/libraries/io/netty/netty-common/4.2.7.Final/netty-common-4.2.7.Final.jar:/home/tomas/.local/share/PrismLauncher/libraries/io/netty/netty-handler/4.2.7.Final/netty-handler-4.2.7.Final.jar:/home/tomas/.local/share/PrismLauncher/libraries/io/netty/netty-resolver/4.2.7.Final/netty-resolver-4.2.7.Final.jar:/home/tomas/.local/share/PrismLauncher/libraries/io/netty/netty-transport-classes-epoll/4.2.7.Final/netty-transport-classes-epoll-4.2.7.Final.jar:/home/tomas/.local/share/PrismLauncher/libraries/io/netty/netty-transport-classes-kqueue/4.2.7.Final/netty-transport-classes-kqueue-4.2.7.Final.jar:/home/tomas/.local/share/PrismLauncher/libraries/io/netty/netty-transport-native-epoll/4.2.7.Final/netty-transport-native-epoll-4.2.7.Final-linux-aarch_64.jar:/home/tomas/.local/share/PrismLauncher/libraries/io/netty/netty-transport-native-epoll/4.2.7.Final/netty-transport-native-epoll-4.2.7.Final-linux-x86_64.jar:/home/tomas/.local/share/PrismLauncher/libraries/io/netty/netty-transport-native-unix-common/4.2.7.Final/netty-transport-native-unix-common-4.2.7.Final.jar:/home/tomas/.local/share/PrismLauncher/libraries/io/netty/netty-transport/4.2.7.Final/netty-transport-4.2.7.Final.jar:/home/tomas/.local/share/PrismLauncher/libraries/it/unimi/dsi/fastutil/8.5.18/fastutil-8.5.18.jar:/home/tomas/.local/share/PrismLauncher/libraries/net/java/dev/jna/jna-platform/5.17.0/jna-platform-5.17.0.jar:/home/tomas/.local/share/PrismLauncher/libraries/net/java/dev/jna/jna/5.17.0/jna-5.17.0.jar:/home/tomas/.local/share/PrismLauncher/libraries/net/sf/jopt-simple/jopt-simple/5.0.4/jopt-simple-5.0.4.jar:/home/tomas/.local/share/PrismLauncher/libraries/org/apache/commons/commons-compress/1.28.0/commons-compress-1.28.0.jar:/home/tomas/.local/share/PrismLauncher/libraries/org/apache/commons/commons-lang3/3.19.0/commons-lang3-3.19.0.jar:/home/tomas/.local/share/PrismLauncher/libraries/org/apache/logging/log4j/log4j-api/2.25.2/log4j-api-2.25.2.jar:/home/tomas/.local/share/PrismLauncher/libraries/org/apache/logging/log4j/log4j-core/2.25.2/log4j-core-2.25.2.jar:/home/tomas/.local/share/PrismLauncher/libraries/org/apache/logging/log4j/log4j-slf4j2-impl/2.25.2/log4j-slf4j2-impl-2.25.2.jar:/home/tomas/.local/share/PrismLauncher/libraries/org/jcraft/jorbis/0.0.17/jorbis-0.0.17.jar:/home/tomas/.local/share/PrismLauncher/libraries/org/joml/joml/1.10.8/joml-1.10.8.jar:/home/tomas/.local/share/PrismLauncher/libraries/org/jspecify/jspecify/1.0.0/jspecify-1.0.0.jar:/home/tomas/.local/share/PrismLauncher/libraries/org/slf4j/slf4j-api/2.0.17/slf4j-api-2.0.17.jar:/home/tomas/.local/share/PrismLauncher/libraries/net/fabricmc/intermediary/1.21.11/intermediary-1.21.11.jar:/home/tomas/.local/share/PrismLauncher/libraries/org/ow2/asm/asm/9.10.1/asm-9.10.1.jar:/home/tomas/.local/share/PrismLauncher/libraries/org/ow2/asm/asm-analysis/9.10.1/asm-analysis-9.10.1.jar:/home/tomas/.local/share/PrismLauncher/libraries/org/ow2/asm/asm-commons/9.10.1/asm-commons-9.10.1.jar:/home/tomas/.local/share/PrismLauncher/libraries/org/ow2/asm/asm-tree/9.10.1/asm-tree-9.10.1.jar:/home/tomas/.local/share/PrismLauncher/libraries/org/ow2/asm/asm-util/9.10.1/asm-util-9.10.1.jar:/home/tomas/.local/share/PrismLauncher/libraries/net/fabricmc/sponge-mixin/0.17.3+mixin.0.8.7/sponge-mixin-0.17.3+mixin.0.8.7.jar:/home/tomas/.local/share/PrismLauncher/libraries/net/fabricmc/fabric-loader/0.19.3/fabric-loader-0.19.3.jar:/home/tomas/.local/share/PrismLauncher/libraries/com/mojang/minecraft/1.21.11/minecraft-1.21.11-client.jar)
		at knot//com.sun.jna.Native.extractFromResourcePath(Native.java:1141)
		at knot//com.sun.jna.NativeLibrary.loadLibrary(NativeLibrary.java:297)
		... 8 more
[16:40:21] [Render thread/INFO]: [DONUT PROFIT/SCREEN] Screen Opened: Title = 'Loading Minecraft' | Class = class_424
[16:40:21] [Render thread/INFO]: Reloading ResourceManager: vanilla, ambientsounds, animatica, annotationtoolbox, appleskin, axiom, betterblockentities, bettergrass, bettermounthud, carpet, carpet-ams-addition, carpet-extra, carpet-org-addition, carpet-tis-addition, cloth-config, com_viaversion_viaaprilfools-common, com_viaversion_viabackwards-common, com_viaversion_viaversion-common, conditional-mixin, config_manager, continuity, controlify, controlling, cosmetica, cosmetica-core, crafter-presets, creativecore, cubes-without-borders, debugify, donut-smp-profit-calc, dynamic_fps, e4mc, entity_model_features, entity_texture_features, entityculling, essential, essential-container, essential-loader, exploitpreventer, fabric-api, fabric-api-base, fabric-api-lookup-api-v1, fabric-biome-api-v1, fabric-block-api-v1, fabric-block-view-api-v2, fabric-command-api-v2, fabric-content-registries-v0, fabric-convention-tags-v1, fabric-convention-tags-v2, fabric-crash-report-info-v1, fabric-data-attachment-api-v1, fabric-data-generation-api-v1, fabric-dimensions-v1, fabric-entity-events-v1, fabric-events-interaction-v0, fabric-game-rule-api-v1, fabric-item-api-v1, fabric-item-group-api-v1, fabric-key-binding-api-v1, fabric-language-kotlin, fabric-lifecycle-events-v1, fabric-loot-api-v2, fabric-loot-api-v3, fabric-message-api-v1, fabric-model-loading-api-v1, fabric-networking-api-v1, fabric-object-builder-api-v1, fabric-particles-v1, fabric-recipe-api-v1, fabric-registry-sync-v0, fabric-renderer-api-v1, fabric-renderer-indigo, fabric-rendering-fluids-v1, fabric-rendering-v1, fabric-resource-conditions-api-v1, fabric-resource-loader-v0, fabric-resource-loader-v1, fabric-screen-api-v1, fabric-screen-handler-api-v1, fabric-serialization-api-v1, fabric-sound-api-v1, fabric-tag-api-v1, fabric-transfer-api-v1, fabric-transitive-access-wideners-v1, fabricloader, fabrishot, fastquit, flashback, forgeconfigapiport, glazed, hopperhedgehog, immediatelyfast, iris, jade, kupe, lambdynlights, lambdynlights_api, lambdynlights_runtime, languagereload, lattice, litematica, lithium, malilib, meteor-client, midnightlib, mixintrace, modmenu, moreculling, net_raphimc_viabedrock, net_raphimc_vialegacy, nochatreports, optigui, org_apache_commons_commons-math3, owo, paginatedadvancements, placeholder-api, polytone, pride, prometheus_essential, puzzle, reeses-sodium-options, roughlyenoughitems, rrls, searchables, skyboxify, sodium, sodium-extra, spruceui, sspb, trender, viafabricplus, viafabricplus-visuals, voicechat, yet_another_config_lib_v3, zoomify, Essential Assets, essential
[16:40:21] [Worker-Main-23/INFO]: Found unifont_pua-17.0.01.hex, loading
[16:40:21] [Worker-Main-21/INFO]: Found unifont_all_no_pua-17.0.01.hex, loading
[16:40:21] [Worker-Main-19/INFO]: Found unifont_jp_patch-17.0.01.hex, loading
[16:40:21] [Render thread/INFO]: Placement Manager calculated thread limit: [02/06]
[16:40:21] [Render thread/INFO]: i18nLang#load: File: '/assets/litematica/lang/en_us.json' has been loaded successfully
[16:40:21] [Render thread/WARN]: i18nOptionManager#buildLanguageOptions(litematica): Detected [13] available options.
[16:40:21] [Render thread/INFO]: i18nLang#load: File: '/assets/malilib/lang/en_us.json' has been loaded successfully
[16:40:21] [Render thread/WARN]: i18nOptionManager#buildLanguageOptions(malilib): Detected [12] available options.
[16:40:21] [Render thread/INFO]: Carpet: [1.4.194+v251223], CarpetTIS: [1.82.3]
[16:40:21] [Render thread/INFO]: Cached all modded block culling states
[16:40:22] [Worker-Main-2/WARN]: Missing texture references in model minecraft:block/moving_piston:
    particle
[16:40:22] [Worker-Main-2/WARN]: Missing texture references in model minecraft:block/structure_void:
    particle
[16:40:22] [Render thread/INFO]: Initializing Meteor Client
[16:40:22] [DefaultDispatcher-worker-8/INFO]: Connected to Discord as arrpc
[16:40:22] [Render thread/INFO]: Reflections took 93 ms to scan 1 urls, producing 27 keys and 1019 values
[16:40:22] [Render thread/INFO]: Reflections took 12 ms to scan 1 urls, producing 4 keys and 134 values
[16:40:22] [Render thread/WARN]: Failed to load system font DejaVu Sans Regular (/usr/share/fonts/TTF/DejaVuSans-Oblique.ttf)
[16:40:22] [Render thread/WARN]: Failed to load system font DejaVu Sans Regular (/usr/share/fonts/TTF/DejaVuSans.ttf)
[16:40:22] [Render thread/WARN]: Failed to load system font DejaVu Sans Condensed Regular (/usr/share/fonts/TTF/DejaVuSansCondensed-Oblique.ttf)
[16:40:22] [Render thread/WARN]: Failed to load system font DejaVu Sans Condensed Regular (/usr/share/fonts/TTF/DejaVuSansCondensed.ttf)
[16:40:22] [Render thread/WARN]: Failed to load system font DejaVu Sans Mono Regular (/usr/share/fonts/TTF/DejaVuSansMono-Oblique.ttf)
[16:40:22] [Render thread/WARN]: Failed to load system font DejaVu Sans Mono Regular (/usr/share/fonts/TTF/DejaVuSansMono.ttf)
[16:40:22] [Render thread/WARN]: Failed to load system font Bitstream Vera Sans Regular (/usr/share/fonts/TTF/VeraBI.ttf)
[16:40:22] [Render thread/WARN]: Failed to load system font Bitstream Vera Sans Regular (/usr/share/fonts/TTF/VeraIt.ttf)
[16:40:22] [Render thread/WARN]: Failed to load system font Bitstream Vera Sans Mono Regular (/usr/share/fonts/TTF/VeraMoIt.ttf)
[16:40:22] [Render thread/WARN]: Failed to load system font Bitstream Vera Sans Mono Regular (/usr/share/fonts/TTF/VeraMono.ttf)
[16:40:22] [Render thread/WARN]: Failed to load system font Noto Sans Sundanese Regular (/usr/share/fonts/noto/NotoSansSundanese-Regular.ttf)
[16:40:22] [Render thread/INFO]: Found 598 font families.
[16:40:22] [Render thread/INFO]: Path Manager: none
[16:40:22] [Render thread/INFO]: Loading
[16:40:22] [Render thread/INFO]: Loaded in 24 milliseconds
[16:40:23] [Render thread/INFO]: Start loading plugin from Jade: snownee.jade.addon.core.CorePlugin
[16:40:23] [Render thread/INFO]: Start loading plugin from Jade: snownee.jade.addon.vanilla.VanillaPlugin
[16:40:23] [Render thread/INFO]: Start loading plugin from Jade: snownee.jade.addon.universal.UniversalPlugin
[16:40:23] [Render thread/INFO]: Start loading plugin from Jade: snownee.jade.addon.access.AccessibilityPlugin
[16:40:23] [Render thread/INFO]: Start loading plugin from Jade: snownee.jade.addon.debug.DebugPlugin
[16:40:23] [Render thread/INFO]: OpenAL initialized on device Arctis Nova Pro Wireless Analog Stereo
[16:40:23] [Render thread/INFO]: Sound engine started
[16:40:23] [Render thread/INFO]: Created: 512x256x0 minecraft:textures/atlas/particles.png-atlas
[16:40:23] [Render thread/INFO]: Created: 128x128x0 minecraft:textures/atlas/decorated_pot.png-atlas
[16:40:23] [Render thread/INFO]: Created: 2048x1024x0 minecraft:textures/atlas/armor_trims.png-atlas
[16:40:23] [Render thread/INFO]: Created: 512x256x0 minecraft:textures/atlas/paintings.png-atlas
[16:40:23] [Render thread/INFO]: Created: 1024x512x0 minecraft:textures/atlas/shield_patterns.png-atlas
[16:40:23] [Render thread/INFO]: Created: 2048x1024x2 minecraft:textures/atlas/blocks.png-atlas
[16:40:23] [Render thread/INFO]: Created: 512x512x0 minecraft:textures/atlas/chest.png-atlas
[16:40:23] [Render thread/INFO]: Created: 256x128x0 minecraft:textures/atlas/celestials.png-atlas
[16:40:23] [Render thread/INFO]: Created: 1024x512x0 minecraft:textures/atlas/banner_patterns.png-atlas
[16:40:23] [Render thread/INFO]: Created: 512x512x0 minecraft:textures/atlas/beds.png-atlas
[16:40:23] [Render thread/INFO]: Created: 1024x512x0 minecraft:textures/atlas/items.png-atlas
[16:40:23] [Render thread/INFO]: Created: 1024x1024x0 minecraft:textures/atlas/gui.png-atlas
[16:40:23] [Render thread/INFO]: Created: 128x64x0 minecraft:textures/atlas/map_decorations.png-atlas
[16:40:23] [Render thread/INFO]: Created: 512x256x0 minecraft:textures/atlas/signs.png-atlas
[16:40:23] [Render thread/INFO]: Created: 512x512x0 minecraft:textures/atlas/shulker_boxes.png-atlas
[16:40:23] [Render thread/INFO]: Loaded AmbientEngine 'basic' v3.2.4. 11 dimension(s), 11 features, 11 blockgroups, 2 sound collections, 38 regions, 60 sounds, 12 sound categories, 6 solids and 2 biome types
[16:40:23] [Render thread/INFO]: [DONUT PROFIT/SCREEN] Screen Opened: Title = 'Loading Minecraft' | Class = class_424
[16:40:23] [Render thread/INFO]: 30237 cache(s) were cleared!
[16:40:24] [Render thread/INFO]: [KeyboardLayoutManager] Loaded 3 keyboard layouts
[16:40:24] [Render thread/INFO]: Loaded 5 Polytone config entries
[16:40:24] [Render thread/INFO]: Geometry registry populated! Task successfully completed
[16:40:24] [Render thread/INFO]: [ETF]: reloading ETF data.
[16:40:24] [Render thread/INFO]: [ETF]: emissive suffixes loaded: [_e]
[16:40:24] [Render thread/INFO]: [ETF]: emissive suffixes loaded: [_e]
[16:40:24] [Render thread/INFO]: [DONUT PROFIT/SCREEN] Screen Opened: Title = '' | Class = class_4399
[16:40:24] [Render thread/INFO]: Creating pipeline for dimension minecraft:overworld
[16:40:24] [Render thread/INFO]: [DONUT PROFIT/SCREEN] Screen Opened: Title = 'Title Screen' | Class = class_442
[16:40:24] [Render thread/INFO]: Initializing Controlify...
[16:40:24] [Render thread/INFO]: Config loaded successfully from /home/tomas/.local/share/PrismLauncher/instances/fps/minecraft/config/controlify.json
[16:40:24] [Render thread/INFO]: [SDLNativesLoader] Attempting to load SDL3 from SDL3
[16:40:24] [Render thread/INFO]: [LoadedSDLNatives] Loading SDL3 version: 3.4.12. Java bindings targeting: 3.2.18
[16:40:24] [Render thread/WARN]: [LoadedSDLNatives] SDL3 NATIVE LIBRARY VERSION MISMATCH! Java bindings are targeting a different version of SDL3 than the loaded native library. This may cause issues.
[16:40:24] [Render thread/INFO]: [LoadedSDLNatives] Successfully initialised SDL subsystems
[16:40:24] [Render thread/INFO]: [SDLNativesLoader] Successfully loaded SDL3 natives
[16:40:24] [Render thread/INFO]: Successfully loaded 445 gamepad mapping entries!
[16:40:24] [Render thread/INFO]: No controllers found.
[16:40:24] [Render thread/ERROR]: [SteamDeckUtil] Skipping Steam Deck checks as steamOS has temporarily broken the enhaned driver.
[16:40:24] [Render thread/INFO]: Steam Deck state: NOT_STEAM_DECK
[16:40:24] [Render thread/INFO]: [DONUT PROFIT/SCREEN] Screen Opened: Title = '' | Class = class_4399
[16:40:24] [Render thread/INFO]: [DONUT PROFIT/SCREEN] Screen Opened: Title = 'Title Screen' | Class = class_442
[16:40:24] [Render thread/WARN]: Found fine program match for minecraft:pipeline/entity_translucent: ENTITIES_TRANSLUCENT
[16:40:24] [Render thread/WARN]: Found okay program match for minecraft:pipeline/translucent_particle: PARTICLES_TRANS
[16:40:24] [Render thread/INFO]: Resizing Dynamic Transforms UBO, capacity limit of 2 reached during a single frame. New capacity will be 4.
[16:40:25] [Render thread/INFO]: Resizing Dynamic Transforms UBO, capacity limit of 4 reached during a single frame. New capacity will be 8.
[16:40:25] [Render thread/INFO]: Overlay is removed!
[16:40:25] [Render thread/INFO]: Using DearImGui config: config/axiom/imgui.ini
[16:41:18] [Render thread/INFO]: [DONUT PROFIT/SCREEN] Screen Opened: Title = 'Play Multiplayer' | Class = class_500
[16:41:20] [Render thread/INFO]: [DONUT PROFIT/SCREEN] Screen Opened: Title = '' | Class = class_435
[16:41:20] [Render thread/INFO]: [DONUT PROFIT/SCREEN] Screen Opened: Title = '' | Class = class_412
[16:41:20] [Render thread/INFO]: Connecting to Donutsmp.net, 25565
[16:41:21] [Render thread/INFO]: Registered 17 custom block set types
[16:41:21] [Render thread/INFO]: Reloaded Polytone Resources in 54 ms
[16:41:22] [Render thread/WARN]: @ModifyVariable(@At("HEAD")) Shift.BY=1 on sspb.mixins.json:sodium.SmoothLightPipelineMixin from mod sspb::localvar$jkn000$sspb$modifyApplyInsetPartialFaceVertexN2d exceeds the maximum allowed value: 0. Increase the value of maxShiftBy to suppress this warning.
[16:41:22] [Render thread/INFO]: Started 10 worker threads
[16:41:22] [Render thread/WARN]: Method overwrite conflict for setExhaustion in carpet.mixins.json:FoodData_scarpetMixin from mod carpet, previously written by squeek.appleskin.mixin.HungerManagerMixin. Skipping method.
[16:41:22] [Render thread/INFO]: [DONUT PROFIT/SCREEN] Screen Opened: Title = '' | Class = class_3928
[16:41:22] [Render thread/INFO]: [voicechat] Sending secret request to the server
[16:41:22] [Render thread/WARN]: Unable to read property: west with value: "false" for blockstate: {Name:"minecraft:cobblestone_wall",Properties:{east:"false",north:"false",south:"false",up:"false",west:"false"}}
[16:41:22] [Render thread/WARN]: Unable to read property: east with value: "false" for blockstate: {Name:"minecraft:cobblestone_wall",Properties:{east:"false",north:"false",south:"false",up:"false",west:"false"}}
[16:41:22] [Render thread/WARN]: Unable to read property: south with value: "false" for blockstate: {Name:"minecraft:cobblestone_wall",Properties:{east:"false",north:"false",south:"false",up:"false",west:"false"}}
[16:41:22] [Render thread/WARN]: Unable to read property: north with value: "false" for blockstate: {Name:"minecraft:cobblestone_wall",Properties:{east:"false",north:"false",south:"false",up:"false",west:"false"}}
[16:41:22] [Render thread/WARN]: Unable to read property: west with value: "false" for blockstate: {Name:"minecraft:mossy_cobblestone_wall",Properties:{east:"false",north:"false",south:"false",up:"false",west:"false"}}
[16:41:22] [Render thread/WARN]: Unable to read property: east with value: "false" for blockstate: {Name:"minecraft:mossy_cobblestone_wall",Properties:{east:"false",north:"false",south:"false",up:"false",west:"false"}}
[16:41:22] [Render thread/WARN]: Unable to read property: south with value: "false" for blockstate: {Name:"minecraft:mossy_cobblestone_wall",Properties:{east:"false",north:"false",south:"false",up:"false",west:"false"}}
[16:41:22] [Render thread/WARN]: Unable to read property: north with value: "false" for blockstate: {Name:"minecraft:mossy_cobblestone_wall",Properties:{east:"false",north:"false",south:"false",up:"false",west:"false"}}
[16:41:22] [Render thread/INFO]: Starting [2] Placement Manager Daemon threads
[16:41:22] [Render thread/WARN]: [REI] Found 1 existing reload task(s) after trying to terminate them!
[16:41:22] [REI-ReloadPlugins/INFO]: [REI] ----------------------------------------
[16:41:22] [REI-ReloadPlugins/INFO]: [REI] REICommonPlugin starting main-reload for START.
[16:41:22] [REI-ReloadPlugins/INFO]: [REI] Plugins (3):
[16:41:22] [REI-ReloadPlugins/INFO]: [REI]  - (-100.00) DefaultPlugin of DefaultPlugin [roughlyenoughitems]
[16:41:22] [REI-ReloadPlugins/INFO]: [REI]  - (0.00) FabricFluidAPISupportPlugin
[16:41:22] [REI-ReloadPlugins/INFO]: [REI]  - (0.00) DefaultRuntimePlugin of DefaultRuntimePlugin [roughlyenoughitems]
[16:41:22] [REI-ReloadPlugins/INFO]: [REI] ----------------------------------------
[16:41:22] [Render thread/INFO]: Loaded 393 advancements
[16:41:22] [REI-ReloadPlugins/INFO]: [REI] ----------------------------------------
[16:41:22] [REI-ReloadPlugins/INFO]: [REI] REIClientPlugin starting main-reload for START.
[16:41:22] [REI-ReloadPlugins/INFO]: [REI] Plugins (5):
[16:41:22] [REI-ReloadPlugins/INFO]: [REI]  - (-100.00) DefaultClientPlugin of DefaultClientPlugin [roughlyenoughitems]
[16:41:22] [REI-ReloadPlugins/INFO]: [REI]  - (0.00) HideIngredientsFromTagsPlugin of HideIngredientsFromTagsPlugin [roughlyenoughitems]
[16:41:22] [REI-ReloadPlugins/INFO]: [REI]  - (0.00) DefaultClientRuntimePlugin of DefaultClientRuntimePlugin [roughlyenoughitems]
[16:41:22] [REI-ReloadPlugins/INFO]: [REI]  - (0.00) OwoReiPlugin of OwoReiPlugin [owo]
[16:41:22] [REI-ReloadPlugins/INFO]: [REI]  - (0.00) REITooltipPlugin of REITooltipPlugin [appleskin]
[16:41:22] [REI-ReloadPlugins/INFO]: [REI] ----------------------------------------
[16:41:22] [Render thread/INFO]: [DONUT PROFIT/SCREEN] Screen Opened: Title = 'Edit Sign Message' | Class = class_498
[16:41:22] [Render thread/INFO]: [DONUT PROFIT/SCREEN] Screen Opened: Title = 'Edit Sign Message' | Class = class_498
[16:41:22] [Render thread/INFO]: [DONUT PROFIT/SCREEN] Screen Opened: Title = 'Edit Sign Message' | Class = class_498
[16:41:22] [Render thread/INFO]: [DONUT PROFIT/SCREEN] Screen Opened: Title = 'Edit Sign Message' | Class = class_498
[16:41:22] [Render thread/INFO]: [DONUT PROFIT/SCREEN] Screen Opened: Title = 'Edit Sign Message' | Class = class_498
[16:41:22] [Render thread/INFO]: [DONUT PROFIT/SCREEN] Screen Opened: Title = 'Edit Sign Message' | Class = class_498
[16:41:22] [Render thread/INFO]: [DONUT PROFIT/SCREEN] Screen Opened: Title = 'Edit Sign Message' | Class = class_498
[16:41:22] [Render thread/INFO]: [DONUT PROFIT/SCREEN] Screen Opened: Title = 'Edit Sign Message' | Class = class_498
[16:41:22] [Render thread/INFO]: [DONUT PROFIT/SCREEN] Screen Opened: Title = 'Edit Sign Message' | Class = class_498
[16:41:22] [Render thread/INFO]: [DONUT PROFIT/SCREEN] Screen Opened: Title = 'Edit Sign Message' | Class = class_498
[16:41:22] [Render thread/INFO]: [DONUT PROFIT/SCREEN] Screen Opened: Title = 'Edit Sign Message' | Class = class_498
[16:41:22] [Render thread/INFO]: [DONUT PROFIT/SCREEN] Screen Opened: Title = 'Edit Sign Message' | Class = class_498
[16:41:22] [Render thread/INFO]: [DONUT PROFIT/SCREEN] Screen Opened: Title = 'Edit Sign Message' | Class = class_498
[16:41:22] [Render thread/INFO]: [DONUT PROFIT/SCREEN] Screen Opened: Title = 'Edit Sign Message' | Class = class_498
[16:41:22] [Render thread/INFO]: [DONUT PROFIT/SCREEN] Screen Opened: Title = 'Edit Sign Message' | Class = class_498
[16:41:22] [Render thread/INFO]: [DONUT PROFIT/SCREEN] Screen Opened: Title = 'Edit Sign Message' | Class = class_498
[16:41:22] [Render thread/INFO]: [DONUT PROFIT/SCREEN] Screen Opened: Title = 'Edit Sign Message' | Class = class_498
[16:41:22] [Render thread/INFO]: [DONUT PROFIT/SCREEN] Screen Opened: Title = 'Edit Sign Message' | Class = class_498
[16:41:22] [Render thread/INFO]: [voicechat] Received secret
[16:41:22] [Render thread/INFO]: [voicechat] Connecting to voice chat server: '172.65.200.198:55554'
[16:41:22] [VoiceChatAuthenticationThread/INFO]: [voicechat] Trying to authenticate voice chat connection
[16:41:22] [REI-ReloadPlugins/INFO]: [REI] REICommonPlugin finished post-reload for START in 815.2 μs, totaling 58.36 ms.
[16:41:22] [REI-ReloadPlugins/INFO]: [REI] REIClientPlugin finished post-reload for START in 1.088 ms, totaling 243.3 ms.
[16:41:22] [REI-ReloadPlugins/INFO]: [REI] OOOOOOOOOOOOOOOOOOOOOOOOOOOOOOOOOOOOOOOO
[16:41:22] [REI-ReloadPlugins/INFO]: [REI] REICommonPlugin starting main-reload for END.
[16:41:22] [REI-ReloadPlugins/INFO]: [REI] Plugins (3):
[16:41:22] [REI-ReloadPlugins/INFO]: [REI]  - (-100.00) DefaultPlugin of DefaultPlugin [roughlyenoughitems]
[16:41:22] [REI-ReloadPlugins/INFO]: [REI]  - (0.00) FabricFluidAPISupportPlugin
[16:41:22] [REI-ReloadPlugins/INFO]: [REI]  - (0.00) DefaultRuntimePlugin of DefaultRuntimePlugin [roughlyenoughitems]
[16:41:22] [REI-ReloadPlugins/INFO]: [REI] OOOOOOOOOOOOOOOOOOOOOOOOOOOOOOOOOOOOOOOO
[16:41:22] [REI-ReloadPlugins/INFO]: [REI] ----------------------------------------
[16:41:22] [REI-ReloadPlugins/INFO]: [REI] REIClientPlugin starting main-reload for END.
[16:41:22] [REI-ReloadPlugins/INFO]: [REI] Plugins (5):
[16:41:22] [REI-ReloadPlugins/INFO]: [REI]  - (-100.00) DefaultClientPlugin of DefaultClientPlugin [roughlyenoughitems]
[16:41:22] [REI-ReloadPlugins/INFO]: [REI]  - (0.00) HideIngredientsFromTagsPlugin of HideIngredientsFromTagsPlugin [roughlyenoughitems]
[16:41:22] [REI-ReloadPlugins/INFO]: [REI]  - (0.00) DefaultClientRuntimePlugin of DefaultClientRuntimePlugin [roughlyenoughitems]
[16:41:22] [REI-ReloadPlugins/INFO]: [REI]  - (0.00) OwoReiPlugin of OwoReiPlugin [owo]
[16:41:22] [REI-ReloadPlugins/INFO]: [REI]  - (0.00) REITooltipPlugin of REITooltipPlugin [appleskin]
[16:41:22] [REI-ReloadPlugins/INFO]: [REI] ----------------------------------------
[16:41:22] [VoiceChatConnectionThread/INFO]: [voicechat] Server acknowledged authentication
[16:41:22] [VoiceChatConnectionThread/INFO]: [voicechat] Server acknowledged connection check
[16:41:23] [Render thread/WARN]: Class meteordevelopment.meteorclient.utils.render.CustomOutlineVertexConsumerProvider$CustomVertexConsumer does not support optimized vertex writing code paths, which may cause reduced rendering performance
[16:41:23] [Render thread/WARN]: Class meteordevelopment.meteorclient.utils.render.NoopVertexConsumer does not support optimized vertex writing code paths, which may cause reduced rendering performance
[16:41:23] [Render thread/INFO]: Resizing Dynamic Transforms UBO, capacity limit of 8 reached during a single frame. New capacity will be 16.
[16:41:23] [ForkJoinPool.commonPool-worker-14/INFO]: [REI] [Local Recipes] Loading recipes from client data packs...
[16:41:23] [REI-ReloadPlugins/INFO]: [REI] REICommonPlugin finished post-reload for END in 306.6 μs, totaling 6.506 ms.
[16:41:23] [REI-ReloadPlugins/INFO]: [REI] REIClientPlugin finished post-reload for END in 1.533 ms, totaling 329.7 ms.
[16:41:23] [ForkJoinPool.commonPool-worker-14/INFO]: Loaded 1470 recipes
[16:41:23] [ForkJoinPool.commonPool-worker-14/INFO]: [REI] [Local Recipes] Built 1459 local recipe displays
[16:41:23] [Render thread/INFO]: [REI] [Local Recipes] Loaded 1459 local recipe displays; reloading to inject
[16:41:23] [REI-ReloadPlugins/INFO]: [REI] ########################################
[16:41:23] [REI-ReloadPlugins/INFO]: [REI] REICommonPlugin starting main-reload for START.
[16:41:23] [REI-ReloadPlugins/INFO]: [REI] Plugins (3):
[16:41:23] [REI-ReloadPlugins/INFO]: [REI]  - (-100.00) DefaultPlugin of DefaultPlugin [roughlyenoughitems]
[16:41:23] [REI-ReloadPlugins/INFO]: [REI]  - (0.00) FabricFluidAPISupportPlugin
[16:41:23] [REI-ReloadPlugins/INFO]: [REI]  - (0.00) DefaultRuntimePlugin of DefaultRuntimePlugin [roughlyenoughitems]
[16:41:23] [REI-ReloadPlugins/INFO]: [REI] ########################################
[16:41:23] [REI-ReloadPlugins/INFO]: [REI] ~~~~~~~~~~~~~~~~~~~~~~~~~~~~~~~~~~~~~~~~
[16:41:23] [REI-ReloadPlugins/INFO]: [REI] REIClientPlugin starting main-reload for START.
[16:41:23] [REI-ReloadPlugins/INFO]: [REI] Plugins (5):
[16:41:23] [REI-ReloadPlugins/INFO]: [REI]  - (-100.00) DefaultClientPlugin of DefaultClientPlugin [roughlyenoughitems]
[16:41:23] [REI-ReloadPlugins/INFO]: [REI]  - (0.00) HideIngredientsFromTagsPlugin of HideIngredientsFromTagsPlugin [roughlyenoughitems]
[16:41:23] [REI-ReloadPlugins/INFO]: [REI]  - (0.00) DefaultClientRuntimePlugin of DefaultClientRuntimePlugin [roughlyenoughitems]
[16:41:23] [REI-ReloadPlugins/INFO]: [REI]  - (0.00) OwoReiPlugin of OwoReiPlugin [owo]
[16:41:23] [REI-ReloadPlugins/INFO]: [REI]  - (0.00) REITooltipPlugin of REITooltipPlugin [appleskin]
[16:41:23] [REI-ReloadPlugins/INFO]: [REI] ~~~~~~~~~~~~~~~~~~~~~~~~~~~~~~~~~~~~~~~~
[16:41:23] [REI-ReloadPlugins/INFO]: [REI] REICommonPlugin finished post-reload for START in 259.8 μs, totaling 3.383 ms.
[16:41:23] [REI-ReloadPlugins/INFO]: [REI] REIClientPlugin finished post-reload for START in 687.9 μs, totaling 103.9 ms.
[16:41:23] [REI-ReloadPlugins/INFO]: [REI] OOOOOOOOOOOOOOOOOOOOOOOOOOOOOOOOOOOOOOOO
[16:41:23] [REI-ReloadPlugins/INFO]: [REI] REICommonPlugin starting main-reload for END.
[16:41:23] [REI-ReloadPlugins/INFO]: [REI] Plugins (3):
[16:41:23] [REI-ReloadPlugins/INFO]: [REI]  - (-100.00) DefaultPlugin of DefaultPlugin [roughlyenoughitems]
[16:41:23] [REI-ReloadPlugins/INFO]: [REI]  - (0.00) FabricFluidAPISupportPlugin
[16:41:23] [REI-ReloadPlugins/INFO]: [REI]  - (0.00) DefaultRuntimePlugin of DefaultRuntimePlugin [roughlyenoughitems]
[16:41:23] [REI-ReloadPlugins/INFO]: [REI] OOOOOOOOOOOOOOOOOOOOOOOOOOOOOOOOOOOOOOOO
[16:41:23] [REI-ReloadPlugins/INFO]: [REI] ~~~~~~~~~~~~~~~~~~~~~~~~~~~~~~~~~~~~~~~~
[16:41:23] [REI-ReloadPlugins/INFO]: [REI] REIClientPlugin starting main-reload for END.
[16:41:23] [REI-ReloadPlugins/INFO]: [REI] Plugins (5):
[16:41:23] [REI-ReloadPlugins/INFO]: [REI]  - (-100.00) DefaultClientPlugin of DefaultClientPlugin [roughlyenoughitems]
[16:41:23] [REI-ReloadPlugins/INFO]: [REI]  - (0.00) HideIngredientsFromTagsPlugin of HideIngredientsFromTagsPlugin [roughlyenoughitems]
[16:41:23] [REI-ReloadPlugins/INFO]: [REI]  - (0.00) DefaultClientRuntimePlugin of DefaultClientRuntimePlugin [roughlyenoughitems]
[16:41:23] [REI-ReloadPlugins/INFO]: [REI]  - (0.00) OwoReiPlugin of OwoReiPlugin [owo]
[16:41:23] [REI-ReloadPlugins/INFO]: [REI]  - (0.00) REITooltipPlugin of REITooltipPlugin [appleskin]
[16:41:23] [REI-ReloadPlugins/INFO]: [REI] ~~~~~~~~~~~~~~~~~~~~~~~~~~~~~~~~~~~~~~~~
[16:41:23] [REI-ReloadPlugins/INFO]: [REI] [Local Recipes] Filled 0 local fallback displays in 7.300 ms
[16:41:23] [REI-ReloadPlugins/INFO]: [REI] REICommonPlugin finished post-reload for END in 261.2 μs, totaling 2.250 ms.
[16:41:23] [REI-ReloadPlugins/INFO]: [REI] REIClientPlugin finished post-reload for END in 1.104 ms, totaling 208.3 ms.
[16:41:26] [Render thread/INFO]: [DONUT PROFIT/SCREEN] Screen Opened: Title = '' | Class = ProfitDetailsScreen
[16:41:27] [Render thread/WARN]: Tried to configure cosmetics of romsr/bef95195-0376-4ea8-a29f-f4ca672784a1 no matching player found!
[16:41:32] [Render thread/INFO]: [Best Deal Finder] Starting search: /ah oak_trapdoor (Target Qty: 64, Max Price: $1, Auto Buy: false)
[16:41:32] [Render thread/INFO]: [DONUT PROFIT/SCREEN] Screen Opened: Title = 'Auction (Page 1)' | Class = class_476
[16:41:32] [Render thread/INFO]: Resizing Dynamic Transforms UBO, capacity limit of 16 reached during a single frame. New capacity will be 32.
[16:41:33] [Render thread/INFO]: [Best Deal Finder] Finishing scan after 1 pages. Total Matches: 45, Qualifying Matches: 18
[16:41:33] [Render thread/INFO]: [Best Deal Finder] Search Complete:
[16:41:33] [Render thread/INFO]:   Item Name        : Oak Trapdoor
[16:41:33] [Render thread/INFO]:   Summary          : Single Listing (64x)
[16:41:33] [Render thread/INFO]:   Effective $/Unit : $2343.75
[16:41:33] [Render thread/INFO]:   Combined Cost    : $150000.00
[16:41:33] [Render thread/INFO]:   Combined Qty     : 64 (Requested: 64)
[16:41:33] [Render thread/INFO]:   Is Qualifying    : true
[16:41:33] [Render thread/INFO]:   Max Price Cap    : $1 (Cap Exceeded: true)
[16:41:33] [Render thread/INFO]:   Auto Buy         : false
[16:41:33] [Render thread/INFO]: [DONUT PROFIT/SCREEN] Screen Opened: Title = '' | Class = ProfitDetailsScreen
[16:41:41] [Render thread/INFO]: [DONUT PROFIT/SCREEN] Screen Opened: Title = 'Chat screen' | Class = class_408
[16:41:42] [Render thread/INFO]: [DONUT PROFIT/SCREEN] Screen Opened: Title = 'Auction (Page 1)' | Class = class_476
[16:41:43] [Render thread/INFO]: [DONUT PROFIT/SCREEN] Screen Opened: Title = 'Chat screen' | Class = class_408
[16:41:45] [Render thread/INFO]: [DONUT PROFIT/SCREEN] Screen Opened: Title = 'Auction (Page 1)' | Class = class_476
[16:41:46] [Render thread/INFO]: [DONUT PROFIT/SCREEN] Screen Opened: Title = 'Chat screen' | Class = class_408
[16:41:47] [Render thread/INFO]: [DONUT PROFIT/SCREEN] Screen Opened: Title = 'Auction (Page 1)' | Class = class_476
[16:41:56] [Render thread/INFO]: [DONUT PROFIT/SCREEN] Screen Opened: Title = '' | Class = ProfitDetailsScreen
[16:42:00] [Render thread/INFO]: [Best Deal Finder] Starting search: /ah trapdoor (Target Qty: 64, Max Price: $1, Auto Buy: false)
[16:42:01] [Render thread/INFO]: [DONUT PROFIT/SCREEN] Screen Opened: Title = 'Auction (Page 1)' | Class = class_476
[16:42:01] [Render thread/INFO]: [Best Deal Finder] Finishing scan after 1 pages. Total Matches: 45, Qualifying Matches: 4
[16:42:01] [Render thread/INFO]: [Best Deal Finder] Search Complete:
[16:42:01] [Render thread/INFO]:   Item Name        : Spruce Trapdoor
[16:42:01] [Render thread/INFO]:   Summary          : Single Listing (64x)
[16:42:01] [Render thread/INFO]:   Effective $/Unit : $343.75
[16:42:01] [Render thread/INFO]:   Combined Cost    : $22000.00
[16:42:01] [Render thread/INFO]:   Combined Qty     : 64 (Requested: 64)
[16:42:01] [Render thread/INFO]:   Is Qualifying    : true
[16:42:01] [Render thread/INFO]:   Max Price Cap    : $1 (Cap Exceeded: true)
[16:42:01] [Render thread/INFO]:   Auto Buy         : false
[16:42:01] [Render thread/INFO]: [DONUT PROFIT/SCREEN] Screen Opened: Title = '' | Class = ProfitDetailsScreen
[16:42:32] [Render thread/INFO]: [DONUT PROFIT/SCREEN] Screen Opened: Title = 'Crafting' | Class = class_490
[16:42:34] [Render thread/INFO]: [DONUT PROFIT/SCREEN] Screen Opened: Title = 'Chat screen' | Class = class_408
[16:43:05] [Render thread/INFO]: [DONUT PROFIT/SCREEN] Screen Opened: Title = 'Chat screen' | Class = class_408
[16:44:09] [Render thread/INFO]: [DONUT PROFIT/SCREEN] Screen Opened: Title = 'Chat screen' | Class = class_408
[16:44:13] [Render thread/INFO]: [CHAT] You cannot do this in combat
[16:44:17] [Render thread/INFO]: [DONUT PROFIT/SCREEN] Screen Opened: Title = 'Chat screen' | Class = class_408
[16:44:18] [Render thread/INFO]: [DONUT PROFIT/SCREEN] Screen Opened: Title = 'Auction (Page 1)' | Class = class_476
[16:44:19] [Render thread/INFO]: [CHAT] You bought 16 Snowballs for $ 2.5K
[16:44:19] [Render thread/INFO]: [DONUT PROFIT/SCREEN] Screen Opened: Title = 'Auction (Page 1)' | Class = class_476
[16:44:19] [Render thread/INFO]: Loaded 395 advancements
[16:45:13] [Render thread/INFO]: [DONUT PROFIT/SCREEN] Screen Opened: Title = 'Crafting' | Class = class_490
[16:45:15] [Render thread/INFO]: [DONUT PROFIT/SCREEN] Screen Opened: Title = 'Crafting' | Class = class_490
[16:45:16] [Render thread/INFO]: [DONUT PROFIT/SCREEN] Screen Opened: Title = 'Chat screen' | Class = class_408
[16:45:19] [Render thread/INFO]: [DONUT PROFIT/SCREEN] Screen Opened: Title = 'Auction (Page 1)' | Class = class_476
[16:45:20] [Render thread/INFO]: [CHAT] This item was already bought
[16:45:20] [Render thread/INFO]: [DONUT PROFIT/SCREEN] Screen Opened: Title = 'Auction (Page 1)' | Class = class_476
[16:45:21] [Render thread/INFO]: [CHAT] This item was already bought
[16:45:21] [Render thread/INFO]: [DONUT PROFIT/SCREEN] Screen Opened: Title = 'Auction (Page 1)' | Class = class_476
[16:45:21] [Render thread/INFO]: [CHAT] This item was already bought
[16:45:21] [Render thread/INFO]: [DONUT PROFIT/SCREEN] Screen Opened: Title = 'Auction (Page 1)' | Class = class_476
[16:45:22] [Render thread/INFO]: [CHAT] This item was already bought
[16:45:22] [Render thread/INFO]: [DONUT PROFIT/SCREEN] Screen Opened: Title = 'Auction (Page 1)' | Class = class_476
[16:45:22] [Render thread/INFO]: [DONUT PROFIT/SCREEN] Screen Opened: Title = 'Auction (Page 1)' | Class = class_476
[16:45:22] [Render thread/INFO]: [CHAT] You bought 1 Spruce Sign for $ 1.9K
[16:45:24] [Render thread/INFO]: [DONUT PROFIT/SCREEN] Screen Opened: Title = 'Edit Sign Message' | Class = class_498
[16:45:39] [Render thread/INFO]: [DONUT PROFIT/SCREEN] Screen Opened: Title = 'Edit Sign Message' | Class = class_498
[16:45:47] [Worker-Main-13/WARN]: Profile contained invalid signature for textures property (profile id: 00000000-0000-0000-0009-01f8b4bfa583)
[16:45:52] [Render thread/WARN]: Class net.minecraft.class_4720$class_4589 does not support optimized vertex writing code paths, which may cause reduced rendering performance
[16:45:56] [Render thread/INFO]: [DONUT PROFIT/SCREEN] Screen Opened: Title = 'Chat screen' | Class = class_408
[16:46:00] [Render thread/INFO]: [DONUT PROFIT/SCREEN] Screen Opened: Title = 'Crafting' | Class = class_490
[16:46:10] [Render thread/INFO]: [DONUT PROFIT/SCREEN] Screen Opened: Title = 'Crafting' | Class = class_490
[16:46:22] [Render thread/INFO]: [CHAT] [Meteor] Toggled Fast Use §aon.
[16:46:27] [Render thread/INFO]: [CHAT] [Meteor] Toggled Fast Use §coff.
[16:46:30] [Render thread/INFO]: [CHAT] [Meteor] Toggled Fast Use §aon.
[16:46:49] [Render thread/INFO]: [CHAT] [Meteor] Toggled Fast Use §coff.
[16:46:58] [Render thread/INFO]: [DONUT PROFIT/SCREEN] Screen Opened: Title = 'Crafting' | Class = class_490
[16:47:01] [Render thread/INFO]: [DONUT PROFIT/SCREEN] Screen Opened: Title = 'Edit Sign Message' | Class = class_498
[16:47:13] [Render thread/INFO]: [DONUT PROFIT/SCREEN] Screen Opened: Title = 'Crafting' | Class = class_490
[16:47:20] [Render thread/INFO]: [DONUT PROFIT/SCREEN] Screen Opened: Title = 'Crafting' | Class = class_490
[16:47:46] [Render thread/INFO]: [DONUT PROFIT/SCREEN] Screen Opened: Title = 'Chat screen' | Class = class_408
[16:47:50] [Render thread/WARN]: Remote Player 7c590c5a-b2f0-4038-8297-d6a9c883877f had associated Player Info == null?
[16:47:50] [Render thread/INFO]: Loaded 295 advancements
[16:47:50] [Render thread/INFO]: Loaded 297 advancements
[16:47:50] [Render thread/WARN]: Requested creation of existing team 'sidebar_line_0'
[16:47:50] [Render thread/WARN]: Requested creation of existing team 'sidebar_line_1'
[16:47:50] [Render thread/WARN]: Requested creation of existing team 'sidebar_line_2'
[16:47:50] [Render thread/WARN]: Requested creation of existing team 'sidebar_line_3'
[16:47:50] [Render thread/WARN]: Requested creation of existing team 'sidebar_line_4'
[16:47:51] [Render thread/WARN]: Requested creation of existing team '09-DanIsNotThatCool-false'
[16:47:51] [Render thread/WARN]: Requested creation of existing team '09-Boom_Boy_-false'
[16:47:51] [Render thread/WARN]: Requested creation of existing team '09-mega112233-false'
[16:47:51] [Render thread/WARN]: Requested creation of existing team '09-Lighttism-false'
[16:47:51] [Render thread/WARN]: Requested creation of existing team '09-Christianwei-false'
[16:47:51] [Render thread/WARN]: Requested creation of existing team '09-BabyBeetroot-false'
[16:47:51] [Render thread/WARN]: Requested creation of existing team '09-Maverick0407-false'
[16:47:51] [Render thread/WARN]: Requested creation of existing team '09-EnVarkoume-false'
[16:47:51] [Render thread/WARN]: Requested creation of existing team '09-Marlivv-false'
[16:47:51] [Render thread/WARN]: Requested creation of existing team '09-Eric23141-false'
[16:47:51] [Render thread/WARN]: Requested creation of existing team '09-epoiw-false'
[16:47:51] [Render thread/WARN]: Requested creation of existing team '09-Flaran-false'
[16:47:51] [Render thread/WARN]: Requested creation of existing team '09-Qwixzee_YT-false'
[16:47:51] [Render thread/WARN]: Requested creation of existing team '09-Lebroniss-false'
[16:47:51] [Render thread/WARN]: Requested creation of existing team '09-DxP1-false'
[16:47:51] [Render thread/WARN]: Requested creation of existing team '09-Filipoke-false'
[16:47:51] [Render thread/WARN]: Requested creation of existing team '09-poopfartgamer38-false'
[16:47:51] [Render thread/WARN]: Requested creation of existing team '09-Lamadaw-false'
[16:47:51] [Render thread/WARN]: Requested creation of existing team '09-DaytonaV8-false'
[16:47:51] [Render thread/WARN]: Requested creation of existing team '09-Mori_cpvp-false'
[16:47:51] [Render thread/WARN]: Requested creation of existing team '09-gurkenaffr-false'
[16:47:51] [Render thread/WARN]: Requested creation of existing team '09-au4q-false'
[16:47:51] [Render thread/WARN]: Requested creation of existing team '09-okvain-false'
[16:47:51] [Render thread/WARN]: Requested creation of existing team '09-Abuodee-false'
[16:47:51] [Render thread/WARN]: Requested creation of existing team '09-jesticc-false'
[16:47:51] [Render thread/WARN]: Requested creation of existing team '09-itzkorbz-false'
[16:47:51] [Render thread/WARN]: Requested creation of existing team '09-g1uc-false'
[16:47:51] [Render thread/WARN]: Requested creation of existing team '09-raf1us-false'
[16:47:51] [Render thread/WARN]: Requested creation of existing team '09-MrMilaano-false'
[16:47:51] [Render thread/WARN]: Requested creation of existing team '09-Golbary-false'
[16:47:51] [Render thread/WARN]: Requested creation of existing team '09-Fintox-false'
[16:47:51] [Render thread/WARN]: Requested creation of existing team '09-romsr-false'
[16:47:51] [Render thread/WARN]: Requested creation of existing team '09-AstroM4TT-false'
[16:47:51] [Render thread/WARN]: Requested creation of existing team '09-fubol-false'
[16:47:51] [Render thread/WARN]: Requested creation of existing team '09-kakn-false'
[16:47:51] [Render thread/WARN]: Requested creation of existing team '09-Pawkovsky_-false'
[16:47:51] [Render thread/WARN]: Requested creation of existing team '09-Ikeacpvp-false'
[16:47:51] [Render thread/WARN]: Requested creation of existing team '09-meitsmeYT-false'
[16:47:51] [Render thread/WARN]: Requested creation of existing team '09-JoseCPVP-false'
[16:47:51] [Render thread/WARN]: Requested creation of existing team '09-MrRami12356-false'
[16:47:51] [Render thread/WARN]: Requested creation of existing team '09-donutgaspa-false'
[16:47:51] [Render thread/WARN]: Requested creation of existing team '09-EtlotOff-false'
[16:47:51] [Render thread/WARN]: Requested creation of existing team '09-Fluxify_YT-false'
[16:47:51] [Render thread/WARN]: Requested creation of existing team '09-HAMSTERKING_gm-false'
[16:47:51] [Render thread/WARN]: Requested creation of existing team '09-CoolDudeBoodle-false'
[16:47:51] [Render thread/WARN]: Requested creation of existing team '09-MinimikeCPVP-false'
[16:47:51] [Render thread/WARN]: Requested creation of existing team '09-Cactifyy-false'
[16:47:51] [Render thread/WARN]: Requested creation of existing team '09-BluqoYT-false'
[16:47:51] [Render thread/WARN]: Requested creation of existing team '09-greedzox-false'
[16:47:51] [Render thread/WARN]: Requested creation of existing team '09-Pryvtfor3stgump-false'
[16:47:51] [Render thread/WARN]: Requested creation of existing team '09-mavy_mavy-false'
[16:47:51] [Render thread/WARN]: Requested creation of existing team '09-AquaMC-false'
[16:47:51] [Render thread/WARN]: Requested creation of existing team '09-NinjaWasThere-false'
[16:47:51] [Render thread/WARN]: Requested creation of existing team '09-FlewCPVP-false'
[16:47:51] [Render thread/WARN]: Requested creation of existing team '09-KFAcpvp-false'
[16:47:51] [Render thread/WARN]: Requested creation of existing team '09-RainedFall-false'
[16:47:51] [Render thread/WARN]: Requested creation of existing team '09-LexAmarni0-false'
[16:47:51] [Render thread/WARN]: Requested creation of existing team '09-Melton56-false'
[16:47:51] [Render thread/WARN]: Requested creation of existing team '09-ikck-false'
[16:47:51] [Render thread/WARN]: Requested creation of existing team '09-CrypticXYT-false'
[16:47:51] [Render thread/WARN]: Requested creation of existing team '09-As1atic-false'
[16:47:51] [Render thread/WARN]: Requested creation of existing team '09-.Hqgarry-false'
[16:47:51] [Render thread/WARN]: Requested creation of existing team '09-RavvixSMP-false'
[16:47:51] [Render thread/WARN]: Requested creation of existing team '09-RealTTOxCar-false'
[16:47:51] [Render thread/WARN]: Requested creation of existing team '03-W1zoX_-false'
[16:47:51] [Render thread/WARN]: Requested creation of existing team '09-Rodis17-false'
[16:47:51] [Render thread/WARN]: Requested creation of existing team '09-Daku__-false'
[16:47:51] [Render thread/WARN]: Requested creation of existing team '09-MayoTV-false'
[16:47:51] [Render thread/WARN]: Requested creation of existing team '09-pro1234micahn-false'
[16:47:51] [Render thread/WARN]: Requested creation of existing team '09-Flow_hype-false'
[16:47:51] [Render thread/WARN]: Requested creation of existing team '09-Leflid-false'
[16:47:51] [Render thread/WARN]: Requested creation of existing team '09-Cryx_cpvp-false'
[16:47:51] [Render thread/WARN]: Requested creation of existing team '09-PlayerTCT-false'
[16:47:51] [Render thread/WARN]: Requested creation of existing team '09-2pfp-false'
[16:47:51] [Render thread/WARN]: Requested creation of existing team '09-mejro-false'
[16:47:51] [Render thread/WARN]: Requested creation of existing team '09-Mik4s_dUgiRa-false'
[16:47:51] [Render thread/WARN]: Requested creation of existing team '09-CaptainMoose35-false'
[16:47:51] [Render thread/WARN]: Requested creation of existing team '09-FlashAlexMP-false'
[16:47:51] [Render thread/WARN]: Requested creation of existing team '09-MathsterPlays-false'
[16:47:51] [Render thread/WARN]: Requested creation of existing team '09-AlpBey3503-false'
[16:47:51] [Render thread/WARN]: Requested creation of existing team '09-KlingMC-false'
[16:47:51] [Render thread/WARN]: Requested creation of existing team '09-Nonsense__2k-false'
[16:47:51] [Render thread/WARN]: Requested creation of existing team '09-knownVisitor-false'
[16:47:51] [Render thread/WARN]: Requested creation of existing team '09-polleMC-false'
[16:47:51] [Render thread/INFO]: [REI] [Local Recipes] Removing 0 overlapping fallback displays superseded by server recipe add
[16:47:51] [Render thread/WARN]: [REI] Detected runtime DisplayRegistry modification, this can be extremely dangerous!
[16:47:53] [Render thread/INFO]: [DONUT PROFIT/SCREEN] Screen Opened: Title = 'Crafting' | Class = class_490
[16:47:54] [Render thread/WARN]: Tried to configure cosmetics of RythenYT/b76367dc-2f5b-4052-b8f0-437a5e14d064 no matching player found!
[16:48:08] [Render thread/INFO]: [DONUT PROFIT/SCREEN] Screen Opened: Title = 'Chat screen' | Class = class_408
[16:48:11] [Render thread/INFO]: [CHAT] Mrhsownyjdn has $ 3.2M
[16:48:42] [Render thread/INFO]: [DONUT PROFIT/SCREEN] Screen Opened: Title = '' | Class = ProfitDetailsScreen
[16:48:44] [Render thread/INFO]: [Auto Flip] Running /order bone for item key: bone
[16:48:45] [Render thread/INFO]: [DONUT PROFIT/SCREEN] Screen Opened: Title = 'Orders (Page 1)' | Class = class_476
[16:48:45] [Render thread/INFO]: [DONUT PROFIT/STATUS] State Changed -> State: BROWSING_ORDERS | Item: '' | Price: $0.0/ea | Amount: 0 | Detail: 'Browsing Orders'
[16:48:45] [Render thread/INFO]: [Auto Flip] Paging forward for /order bone (Page 2, Total Matches: 0, Empty Pages After Match: 0)...
[16:48:45] [Render thread/INFO]: [DONUT PROFIT/SCREEN] Screen Opened: Title = 'Orders (Page 2)' | Class = class_476
[16:48:45] [Render thread/INFO]: [Auto Flip] Paging forward for /order bone (Page 3, Total Matches: 0, Empty Pages After Match: 0)...
[16:48:46] [Render thread/INFO]: [DONUT PROFIT/SCREEN] Screen Opened: Title = 'Orders (Page 3)' | Class = class_476
[16:48:46] [Render thread/INFO]: [Auto Flip] Finishing scan for /order bone after 3 pages. Total Matches: 39, Empty Pages After Match: 0
[16:48:46] [Render thread/INFO]: [Auto Flip] Summary for key 'bone':
[16:48:46] [Render thread/INFO]:   Raw Matches (39)       : [$117.00 (qty: 1), $116.00 (qty: 1), $115.10 (qty: 1), $115.00 (qty: 1), $115.00 (qty: 1), $114.10 (qty: 1), $114.00 (qty: 1), $114.00 (qty: 1), $113.50 (qty: 1), $113.50 (qty: 1), $113.00 (qty: 1), $111.20 (qty: 1), $111.10 (qty: 1), $111.10 (qty: 1), $111.00 (qty: 1), $111.00 (qty: 1), $111.00 (qty: 1), $111.00 (qty: 1), $110.60 (qty: 1), $110.60 (qty: 1), $110.02 (qty: 1), $110.01 (qty: 1), $110.01 (qty: 1), $110.00 (qty: 1), $110.00 (qty: 1), $110.00 (qty: 1), $110.00 (qty: 1), $110.00 (qty: 1), $110.00 (qty: 1), $110.00 (qty: 1), $110.00 (qty: 1), $110.00 (qty: 1), $110.00 (qty: 1), $109.00 (qty: 1), $109.00 (qty: 1), $108.00 (qty: 1), $105.10 (qty: 1), $105.00 (qty: 1), $105.00 (qty: 1)]
[16:48:46] [Render thread/INFO]:   Median Qty            : 1.0 (Cutoff >= 0.25)
[16:48:46] [Render thread/INFO]:   Outliers Dropped (0)  : []
[16:48:46] [Render thread/INFO]:   Filtered Set (39)      : [$117.00 (qty: 1), $116.00 (qty: 1), $115.10 (qty: 1), $115.00 (qty: 1), $115.00 (qty: 1), $114.10 (qty: 1), $114.00 (qty: 1), $114.00 (qty: 1), $113.50 (qty: 1), $113.50 (qty: 1), $113.00 (qty: 1), $111.20 (qty: 1), $111.10 (qty: 1), $111.10 (qty: 1), $111.00 (qty: 1), $111.00 (qty: 1), $111.00 (qty: 1), $111.00 (qty: 1), $110.60 (qty: 1), $110.60 (qty: 1), $110.02 (qty: 1), $110.01 (qty: 1), $110.01 (qty: 1), $110.00 (qty: 1), $110.00 (qty: 1), $110.00 (qty: 1), $110.00 (qty: 1), $110.00 (qty: 1), $110.00 (qty: 1), $110.00 (qty: 1), $110.00 (qty: 1), $110.00 (qty: 1), $110.00 (qty: 1), $109.00 (qty: 1), $109.00 (qty: 1), $108.00 (qty: 1), $105.10 (qty: 1), $105.00 (qty: 1), $105.00 (qty: 1)]
[16:48:46] [Render thread/INFO]:   Sort Order            : DESCENDING (Highest Buy Orders First)
[16:48:46] [Render thread/INFO]:   Top 3 Used (HIGHEST)  : [$117.00 (qty: 1), $116.00 (qty: 1), $115.10 (qty: 1)]
[16:48:46] [Render thread/INFO]:   Final Top-3 Avg Price : $116.03
[16:48:46] [Render thread/INFO]: [Auto Flip] Running /order bone_block for item key: bone_block
[16:48:46] [Render thread/INFO]: [DONUT PROFIT/STATUS] State Changed -> State: IDLE | Item: '' | Price: $0.0/ea | Amount: 0 | Detail: 'Idle'
[16:48:46] [Render thread/INFO]: [DONUT PROFIT/SCREEN] Screen Opened: Title = 'Orders (Page 1)' | Class = class_476
[16:48:46] [Render thread/INFO]: [DONUT PROFIT/STATUS] State Changed -> State: BROWSING_ORDERS | Item: '' | Price: $0.0/ea | Amount: 0 | Detail: 'Browsing Orders'
[16:48:47] [Render thread/INFO]: [Auto Flip] Finishing scan for /order bone_block after 1 pages. Total Matches: 45, Empty Pages After Match: 0
[16:48:47] [Render thread/INFO]: [Auto Flip] Summary for key 'bone_block':
[16:48:47] [Render thread/INFO]:   Raw Matches (45)       : [$375.00 (qty: 1), $374.00 (qty: 1), $370.00 (qty: 1), $370.00 (qty: 1), $368.00 (qty: 1), $367.00 (qty: 1), $366.00 (qty: 1), $365.00 (qty: 1), $362.20 (qty: 1), $360.00 (qty: 1), $360.00 (qty: 1), $360.00 (qty: 1), $358.40 (qty: 1), $358.20 (qty: 1), $357.00 (qty: 1), $356.50 (qty: 1), $356.10 (qty: 1), $356.10 (qty: 1), $356.00 (qty: 1), $350.20 (qty: 1), $350.10 (qty: 1), $350.00 (qty: 1), $350.00 (qty: 1), $350.00 (qty: 1), $350.00 (qty: 1), $350.00 (qty: 1), $350.00 (qty: 1), $345.00 (qty: 1), $343.00 (qty: 1), $340.00 (qty: 1), $340.00 (qty: 1), $338.00 (qty: 1), $330.00 (qty: 1), $330.00 (qty: 1), $320.00 (qty: 1), $312.50 (qty: 1), $311.10 (qty: 1), $310.00 (qty: 1), $310.00 (qty: 1), $310.00 (qty: 1), $310.00 (qty: 1), $310.00 (qty: 1), $300.00 (qty: 1), $300.00 (qty: 1), $300.00 (qty: 1)]
[16:48:47] [Render thread/INFO]:   Median Qty            : 1.0 (Cutoff >= 0.25)
[16:48:47] [Render thread/INFO]:   Outliers Dropped (0)  : []
[16:48:47] [Render thread/INFO]:   Filtered Set (45)      : [$375.00 (qty: 1), $374.00 (qty: 1), $370.00 (qty: 1), $370.00 (qty: 1), $368.00 (qty: 1), $367.00 (qty: 1), $366.00 (qty: 1), $365.00 (qty: 1), $362.20 (qty: 1), $360.00 (qty: 1), $360.00 (qty: 1), $360.00 (qty: 1), $358.40 (qty: 1), $358.20 (qty: 1), $357.00 (qty: 1), $356.50 (qty: 1), $356.10 (qty: 1), $356.10 (qty: 1), $356.00 (qty: 1), $350.20 (qty: 1), $350.10 (qty: 1), $350.00 (qty: 1), $350.00 (qty: 1), $350.00 (qty: 1), $350.00 (qty: 1), $350.00 (qty: 1), $350.00 (qty: 1), $345.00 (qty: 1), $343.00 (qty: 1), $340.00 (qty: 1), $340.00 (qty: 1), $338.00 (qty: 1), $330.00 (qty: 1), $330.00 (qty: 1), $320.00 (qty: 1), $312.50 (qty: 1), $311.10 (qty: 1), $310.00 (qty: 1), $310.00 (qty: 1), $310.00 (qty: 1), $310.00 (qty: 1), $310.00 (qty: 1), $300.00 (qty: 1), $300.00 (qty: 1), $300.00 (qty: 1)]
[16:48:47] [Render thread/INFO]:   Sort Order            : DESCENDING (Highest Buy Orders First)
[16:48:47] [Render thread/INFO]:   Top 3 Used (HIGHEST)  : [$375.00 (qty: 1), $374.00 (qty: 1), $370.00 (qty: 1)]
[16:48:47] [Render thread/INFO]:   Final Top-3 Avg Price : $373.00
[16:48:47] [Render thread/INFO]: [DONUT PROFIT/STATUS] State Changed -> State: IDLE | Item: '' | Price: $0.0/ea | Amount: 0 | Detail: 'Idle'
[16:48:47] [Render thread/INFO]: [Auto Flip] Running /order kelp for item key: kelp
[16:48:48] [Render thread/INFO]: [DONUT PROFIT/SCREEN] Screen Opened: Title = 'Orders (Page 1)' | Class = class_476
[16:48:48] [Render thread/INFO]: [DONUT PROFIT/STATUS] State Changed -> State: BROWSING_ORDERS | Item: '' | Price: $0.0/ea | Amount: 0 | Detail: 'Browsing Orders'
[16:48:48] [Render thread/INFO]: [Auto Flip] Finishing scan for /order kelp after 1 pages. Total Matches: 19, Empty Pages After Match: 0
[16:48:48] [Render thread/INFO]: [Auto Flip] Summary for key 'raw_kelp':
[16:48:48] [Render thread/INFO]:   Raw Matches (13)       : [$47.51 (qty: 1), $47.50 (qty: 1), $47.32 (qty: 1), $47.11 (qty: 1), $47.10 (qty: 1), $47.00 (qty: 1), $46.40 (qty: 1), $46.30 (qty: 1), $46.29 (qty: 1), $45.10 (qty: 1), $45.00 (qty: 1), $43.00 (qty: 1), $41.00 (qty: 1)]
[16:48:48] [Render thread/INFO]:   Median Qty            : 1.0 (Cutoff >= 0.25)
[16:48:48] [Render thread/INFO]:   Outliers Dropped (0)  : []
[16:48:48] [Render thread/INFO]:   Filtered Set (13)      : [$47.51 (qty: 1), $47.50 (qty: 1), $47.32 (qty: 1), $47.11 (qty: 1), $47.10 (qty: 1), $47.00 (qty: 1), $46.40 (qty: 1), $46.30 (qty: 1), $46.29 (qty: 1), $45.10 (qty: 1), $45.00 (qty: 1), $43.00 (qty: 1), $41.00 (qty: 1)]
[16:48:48] [Render thread/INFO]:   Sort Order            : DESCENDING (Highest Buy Orders First)
[16:48:48] [Render thread/INFO]:   Top 3 Used (HIGHEST)  : [$47.51 (qty: 1), $47.50 (qty: 1), $47.32 (qty: 1)]
[16:48:48] [Render thread/INFO]:   Final Top-3 Avg Price : $47.44
[16:48:48] [Render thread/INFO]: [Auto Flip] Summary for key 'dried_kelp':
[16:48:48] [Render thread/INFO]:   Raw Matches (13)       : [$81.20 (qty: 1), $81.20 (qty: 1), $81.10 (qty: 1), $81.00 (qty: 1), $80.00 (qty: 1), $80.00 (qty: 1), $80.00 (qty: 1), $75.11 (qty: 1), $75.00 (qty: 1), $71.50 (qty: 1), $67.00 (qty: 1), $51.00 (qty: 1), $50.00 (qty: 1)]
[16:48:48] [Render thread/INFO]:   Median Qty            : 1.0 (Cutoff >= 0.25)
[16:48:48] [Render thread/INFO]:   Outliers Dropped (0)  : []
[16:48:48] [Render thread/INFO]:   Filtered Set (13)      : [$81.20 (qty: 1), $81.20 (qty: 1), $81.10 (qty: 1), $81.00 (qty: 1), $80.00 (qty: 1), $80.00 (qty: 1), $80.00 (qty: 1), $75.11 (qty: 1), $75.00 (qty: 1), $71.50 (qty: 1), $67.00 (qty: 1), $51.00 (qty: 1), $50.00 (qty: 1)]
[16:48:48] [Render thread/INFO]:   Sort Order            : DESCENDING (Highest Buy Orders First)
[16:48:48] [Render thread/INFO]:   Top 3 Used (HIGHEST)  : [$81.20 (qty: 1), $81.20 (qty: 1), $81.10 (qty: 1)]
[16:48:48] [Render thread/INFO]:   Final Top-3 Avg Price : $81.17
[16:48:48] [Render thread/INFO]: [Auto Flip] Summary for key 'dried_kelp_block':
[16:48:48] [Render thread/INFO]:   Raw Matches (19)       : [$748.00 (qty: 1), $747.90 (qty: 1), $747.60 (qty: 1), $747.55 (qty: 1), $747.30 (qty: 1), $745.20 (qty: 1), $745.00 (qty: 1), $744.00 (qty: 1), $740.00 (qty: 1), $740.00 (qty: 1), $720.00 (qty: 1), $700.00 (qty: 1), $600.01 (qty: 1), $500.00 (qty: 1), $500.00 (qty: 1), $450.00 (qty: 1), $350.00 (qty: 1), $300.00 (qty: 1), $250.00 (qty: 1)]
[16:48:48] [Render thread/INFO]:   Median Qty            : 1.0 (Cutoff >= 0.25)
[16:48:48] [Render thread/INFO]:   Outliers Dropped (0)  : []
[16:48:48] [Render thread/INFO]:   Filtered Set (19)      : [$748.00 (qty: 1), $747.90 (qty: 1), $747.60 (qty: 1), $747.55 (qty: 1), $747.30 (qty: 1), $745.20 (qty: 1), $745.00 (qty: 1), $744.00 (qty: 1), $740.00 (qty: 1), $740.00 (qty: 1), $720.00 (qty: 1), $700.00 (qty: 1), $600.01 (qty: 1), $500.00 (qty: 1), $500.00 (qty: 1), $450.00 (qty: 1), $350.00 (qty: 1), $300.00 (qty: 1), $250.00 (qty: 1)]
[16:48:48] [Render thread/INFO]:   Sort Order            : DESCENDING (Highest Buy Orders First)
[16:48:48] [Render thread/INFO]:   Top 3 Used (HIGHEST)  : [$748.00 (qty: 1), $747.90 (qty: 1), $747.60 (qty: 1)]
[16:48:48] [Render thread/INFO]:   Final Top-3 Avg Price : $747.83
[16:48:48] [Render thread/INFO]: [Auto Flip] Running /order charcoal for item key: charcoal
[16:48:48] [Render thread/INFO]: [DONUT PROFIT/STATUS] State Changed -> State: IDLE | Item: '' | Price: $0.0/ea | Amount: 0 | Detail: 'Idle'
[16:48:49] [Render thread/INFO]: [DONUT PROFIT/SCREEN] Screen Opened: Title = 'Orders (Page 1)' | Class = class_476
[16:48:49] [Render thread/INFO]: [DONUT PROFIT/STATUS] State Changed -> State: BROWSING_ORDERS | Item: '' | Price: $0.0/ea | Amount: 0 | Detail: 'Browsing Orders'
[16:48:49] [Render thread/INFO]: [Auto Flip] Finishing scan for /order charcoal after 1 pages. Total Matches: 45, Empty Pages After Match: 0
[16:48:49] [Render thread/INFO]: [Auto Flip] Summary for key 'charcoal':
[16:48:49] [Render thread/INFO]:   Raw Matches (45)       : [$146.00 (qty: 1), $145.00 (qty: 1), $140.00 (qty: 1), $136.00 (qty: 1), $135.00 (qty: 1), $134.00 (qty: 1), $133.01 (qty: 1), $131.01 (qty: 1), $130.00 (qty: 1), $128.20 (qty: 1), $128.01 (qty: 1), $128.00 (qty: 1), $127.00 (qty: 1), $125.00 (qty: 1), $120.00 (qty: 1), $120.00 (qty: 1), $120.00 (qty: 1), $120.00 (qty: 1), $120.00 (qty: 1), $120.00 (qty: 1), $118.10 (qty: 1), $118.01 (qty: 1), $117.09 (qty: 1), $115.00 (qty: 1), $111.00 (qty: 1), $110.00 (qty: 1), $110.00 (qty: 1), $109.00 (qty: 1), $107.00 (qty: 1), $105.00 (qty: 1), $103.00 (qty: 1), $100.10 (qty: 1), $100.00 (qty: 1), $100.00 (qty: 1), $100.00 (qty: 1), $100.00 (qty: 1), $100.00 (qty: 1), $98.00 (qty: 1), $97.00 (qty: 1), $96.00 (qty: 1), $95.11 (qty: 1), $94.00 (qty: 1), $91.00 (qty: 1), $91.00 (qty: 1), $90.00 (qty: 1)]
[16:48:49] [Render thread/INFO]:   Median Qty            : 1.0 (Cutoff >= 0.25)
[16:48:49] [Render thread/INFO]:   Outliers Dropped (0)  : []
[16:48:49] [Render thread/INFO]:   Filtered Set (45)      : [$146.00 (qty: 1), $145.00 (qty: 1), $140.00 (qty: 1), $136.00 (qty: 1), $135.00 (qty: 1), $134.00 (qty: 1), $133.01 (qty: 1), $131.01 (qty: 1), $130.00 (qty: 1), $128.20 (qty: 1), $128.01 (qty: 1), $128.00 (qty: 1), $127.00 (qty: 1), $125.00 (qty: 1), $120.00 (qty: 1), $120.00 (qty: 1), $120.00 (qty: 1), $120.00 (qty: 1), $120.00 (qty: 1), $120.00 (qty: 1), $118.10 (qty: 1), $118.01 (qty: 1), $117.09 (qty: 1), $115.00 (qty: 1), $111.00 (qty: 1), $110.00 (qty: 1), $110.00 (qty: 1), $109.00 (qty: 1), $107.00 (qty: 1), $105.00 (qty: 1), $103.00 (qty: 1), $100.10 (qty: 1), $100.00 (qty: 1), $100.00 (qty: 1), $100.00 (qty: 1), $100.00 (qty: 1), $100.00 (qty: 1), $98.00 (qty: 1), $97.00 (qty: 1), $96.00 (qty: 1), $95.11 (qty: 1), $94.00 (qty: 1), $91.00 (qty: 1), $91.00 (qty: 1), $90.00 (qty: 1)]
[16:48:49] [Render thread/INFO]:   Sort Order            : DESCENDING (Highest Buy Orders First)
[16:48:49] [Render thread/INFO]:   Top 3 Used (HIGHEST)  : [$146.00 (qty: 1), $145.00 (qty: 1), $140.00 (qty: 1)]
[16:48:49] [Render thread/INFO]:   Final Top-3 Avg Price : $143.67
[16:48:49] [Render thread/INFO]: [DONUT PROFIT/STATUS] State Changed -> State: IDLE | Item: '' | Price: $0.0/ea | Amount: 0 | Detail: 'Idle'
[16:48:50] [Render thread/INFO]: [Auto Flip] Running /order oak log for item key: oak_log
[16:48:50] [Render thread/INFO]: [DONUT PROFIT/SCREEN] Screen Opened: Title = 'Orders (Page 1)' | Class = class_476
[16:48:50] [Render thread/INFO]: [DONUT PROFIT/STATUS] State Changed -> State: BROWSING_ORDERS | Item: '' | Price: $0.0/ea | Amount: 0 | Detail: 'Browsing Orders'
[16:48:50] [Render thread/INFO]: [Auto Flip] Finishing scan for /order oak log after 1 pages. Total Matches: 45, Empty Pages After Match: 0
[16:48:50] [Render thread/INFO]: [Auto Flip] Summary for key 'oak_log':
[16:48:50] [Render thread/INFO]:   Raw Matches (45)       : [$153.10 (qty: 1), $152.00 (qty: 1), $151.00 (qty: 1), $150.00 (qty: 1), $142.00 (qty: 1), $130.00 (qty: 1), $129.10 (qty: 1), $129.00 (qty: 1), $125.00 (qty: 1), $120.00 (qty: 1), $118.00 (qty: 1), $117.00 (qty: 1), $116.00 (qty: 1), $110.00 (qty: 1), $105.00 (qty: 1), $100.00 (qty: 1), $100.00 (qty: 1), $100.00 (qty: 1), $100.00 (qty: 1), $100.00 (qty: 1), $100.00 (qty: 1), $100.00 (qty: 1), $100.00 (qty: 1), $100.00 (qty: 1), $100.00 (qty: 1), $100.00 (qty: 1), $100.00 (qty: 1), $100.00 (qty: 1), $95.00 (qty: 1), $90.00 (qty: 1), $90.00 (qty: 1), $90.00 (qty: 1), $90.00 (qty: 1), $81.01 (qty: 1), $81.00 (qty: 1), $80.00 (qty: 1), $80.00 (qty: 1), $80.00 (qty: 1), $80.00 (qty: 1), $80.00 (qty: 1), $80.00 (qty: 1), $70.00 (qty: 1), $68.00 (qty: 1), $67.00 (qty: 1), $65.00 (qty: 1)]
[16:48:50] [Render thread/INFO]:   Median Qty            : 1.0 (Cutoff >= 0.25)
[16:48:50] [Render thread/INFO]:   Outliers Dropped (0)  : []
[16:48:50] [Render thread/INFO]:   Filtered Set (45)      : [$153.10 (qty: 1), $152.00 (qty: 1), $151.00 (qty: 1), $150.00 (qty: 1), $142.00 (qty: 1), $130.00 (qty: 1), $129.10 (qty: 1), $129.00 (qty: 1), $125.00 (qty: 1), $120.00 (qty: 1), $118.00 (qty: 1), $117.00 (qty: 1), $116.00 (qty: 1), $110.00 (qty: 1), $105.00 (qty: 1), $100.00 (qty: 1), $100.00 (qty: 1), $100.00 (qty: 1), $100.00 (qty: 1), $100.00 (qty: 1), $100.00 (qty: 1), $100.00 (qty: 1), $100.00 (qty: 1), $100.00 (qty: 1), $100.00 (qty: 1), $100.00 (qty: 1), $100.00 (qty: 1), $100.00 (qty: 1), $95.00 (qty: 1), $90.00 (qty: 1), $90.00 (qty: 1), $90.00 (qty: 1), $90.00 (qty: 1), $81.01 (qty: 1), $81.00 (qty: 1), $80.00 (qty: 1), $80.00 (qty: 1), $80.00 (qty: 1), $80.00 (qty: 1), $80.00 (qty: 1), $80.00 (qty: 1), $70.00 (qty: 1), $68.00 (qty: 1), $67.00 (qty: 1), $65.00 (qty: 1)]
[16:48:50] [Render thread/INFO]:   Sort Order            : DESCENDING (Highest Buy Orders First)
[16:48:50] [Render thread/INFO]:   Top 3 Used (HIGHEST)  : [$153.10 (qty: 1), $152.00 (qty: 1), $151.00 (qty: 1)]
[16:48:50] [Render thread/INFO]:   Final Top-3 Avg Price : $152.03
[16:48:51] [Render thread/INFO]: [Auto Flip] Running /order oak planks for item key: oak_planks
[16:48:51] [Render thread/INFO]: [DONUT PROFIT/STATUS] State Changed -> State: IDLE | Item: '' | Price: $0.0/ea | Amount: 0 | Detail: 'Idle'
[16:48:51] [Render thread/INFO]: [DONUT PROFIT/SCREEN] Screen Opened: Title = 'Orders (Page 1)' | Class = class_476
[16:48:51] [Render thread/INFO]: [DONUT PROFIT/STATUS] State Changed -> State: BROWSING_ORDERS | Item: '' | Price: $0.0/ea | Amount: 0 | Detail: 'Browsing Orders'
[16:48:51] [Render thread/INFO]: [Auto Flip] Finishing scan for /order oak planks after 1 pages. Total Matches: 14, Empty Pages After Match: 0
[16:48:51] [Render thread/INFO]: [Auto Flip] Summary for key 'oak_planks':
[16:48:51] [Render thread/INFO]:   Raw Matches (14)       : [$17.00 (qty: 1), $16.00 (qty: 1), $15.00 (qty: 1), $6.50 (qty: 1), $5.00 (qty: 1), $3.00 (qty: 1), $2.00 (qty: 1), $1.80 (qty: 1), $1.00 (qty: 1), $1.00 (qty: 1), $1.00 (qty: 1), $1.00 (qty: 1), $1.00 (qty: 1), $1.00 (qty: 1)]
[16:48:51] [Render thread/INFO]:   Median Qty            : 1.0 (Cutoff >= 0.25)
[16:48:51] [Render thread/INFO]:   Outliers Dropped (0)  : []
[16:48:51] [Render thread/INFO]:   Filtered Set (14)      : [$17.00 (qty: 1), $16.00 (qty: 1), $15.00 (qty: 1), $6.50 (qty: 1), $5.00 (qty: 1), $3.00 (qty: 1), $2.00 (qty: 1), $1.80 (qty: 1), $1.00 (qty: 1), $1.00 (qty: 1), $1.00 (qty: 1), $1.00 (qty: 1), $1.00 (qty: 1), $1.00 (qty: 1)]
[16:48:51] [Render thread/INFO]:   Sort Order            : DESCENDING (Highest Buy Orders First)
[16:48:51] [Render thread/INFO]:   Top 3 Used (HIGHEST)  : [$17.00 (qty: 1), $16.00 (qty: 1), $15.00 (qty: 1)]
[16:48:51] [Render thread/INFO]:   Final Top-3 Avg Price : $16.00
[16:48:51] [Render thread/INFO]: [DONUT PROFIT/STATUS] State Changed -> State: IDLE | Item: '' | Price: $0.0/ea | Amount: 0 | Detail: 'Idle'
[16:48:52] [Render thread/INFO]: [Auto Flip] Running /order piston for item key: piston
[16:48:52] [Render thread/INFO]: [DONUT PROFIT/SCREEN] Screen Opened: Title = 'Orders (Page 1)' | Class = class_476
[16:48:52] [Render thread/INFO]: [DONUT PROFIT/STATUS] State Changed -> State: BROWSING_ORDERS | Item: '' | Price: $0.0/ea | Amount: 0 | Detail: 'Browsing Orders'
[16:48:53] [Render thread/INFO]: [Auto Flip] Finishing scan for /order piston after 1 pages. Total Matches: 45, Empty Pages After Match: 0
[16:48:53] [Render thread/INFO]: [Auto Flip] Summary for key 'piston':
[16:48:53] [Render thread/INFO]:   Raw Matches (45)       : [$4000.00 (qty: 1), $2500.00 (qty: 1), $2200.00 (qty: 1), $2200.00 (qty: 1), $2200.00 (qty: 1), $2100.00 (qty: 1), $2000.00 (qty: 1), $2000.00 (qty: 1), $2000.00 (qty: 1), $2000.00 (qty: 1), $1900.00 (qty: 1), $1800.00 (qty: 1), $1800.00 (qty: 1), $1600.00 (qty: 1), $1300.00 (qty: 1), $1300.00 (qty: 1), $1200.00 (qty: 1), $1200.00 (qty: 1), $1200.00 (qty: 1), $1100.00 (qty: 1), $1100.00 (qty: 1), $1100.00 (qty: 1), $1000.00 (qty: 1), $1000.00 (qty: 1), $1000.00 (qty: 1), $1000.00 (qty: 1), $1000.00 (qty: 1), $1000.00 (qty: 1), $1000.00 (qty: 1), $1000.00 (qty: 1), $950.00 (qty: 1), $900.00 (qty: 1), $861.00 (qty: 1), $860.00 (qty: 1), $856.50 (qty: 1), $802.00 (qty: 1), $801.00 (qty: 1), $800.00 (qty: 1), $800.00 (qty: 1), $800.00 (qty: 1), $780.00 (qty: 1), $775.00 (qty: 1), $767.00 (qty: 1), $767.00 (qty: 1), $760.00 (qty: 1)]
[16:48:53] [Render thread/INFO]:   Median Qty            : 1.0 (Cutoff >= 0.25)
[16:48:53] [Render thread/INFO]:   Outliers Dropped (0)  : []
[16:48:53] [Render thread/INFO]:   Filtered Set (45)      : [$4000.00 (qty: 1), $2500.00 (qty: 1), $2200.00 (qty: 1), $2200.00 (qty: 1), $2200.00 (qty: 1), $2100.00 (qty: 1), $2000.00 (qty: 1), $2000.00 (qty: 1), $2000.00 (qty: 1), $2000.00 (qty: 1), $1900.00 (qty: 1), $1800.00 (qty: 1), $1800.00 (qty: 1), $1600.00 (qty: 1), $1300.00 (qty: 1), $1300.00 (qty: 1), $1200.00 (qty: 1), $1200.00 (qty: 1), $1200.00 (qty: 1), $1100.00 (qty: 1), $1100.00 (qty: 1), $1100.00 (qty: 1), $1000.00 (qty: 1), $1000.00 (qty: 1), $1000.00 (qty: 1), $1000.00 (qty: 1), $1000.00 (qty: 1), $1000.00 (qty: 1), $1000.00 (qty: 1), $1000.00 (qty: 1), $950.00 (qty: 1), $900.00 (qty: 1), $861.00 (qty: 1), $860.00 (qty: 1), $856.50 (qty: 1), $802.00 (qty: 1), $801.00 (qty: 1), $800.00 (qty: 1), $800.00 (qty: 1), $800.00 (qty: 1), $780.00 (qty: 1), $775.00 (qty: 1), $767.00 (qty: 1), $767.00 (qty: 1), $760.00 (qty: 1)]
[16:48:53] [Render thread/INFO]:   Sort Order            : DESCENDING (Highest Buy Orders First)
[16:48:53] [Render thread/INFO]:   Top 3 Used (HIGHEST)  : [$4000.00 (qty: 1), $2500.00 (qty: 1), $2200.00 (qty: 1)]
[16:48:53] [Render thread/INFO]:   Final Top-3 Avg Price : $2900.00
[16:48:53] [Render thread/INFO]: [Auto Flip] Running /order slimeball for item key: slimeball
[16:48:53] [Render thread/INFO]: [DONUT PROFIT/STATUS] State Changed -> State: IDLE | Item: '' | Price: $0.0/ea | Amount: 0 | Detail: 'Idle'
[16:48:53] [Render thread/INFO]: [DONUT PROFIT/SCREEN] Screen Opened: Title = 'Orders (Page 1)' | Class = class_476
[16:48:53] [Render thread/INFO]: [DONUT PROFIT/STATUS] State Changed -> State: BROWSING_ORDERS | Item: '' | Price: $0.0/ea | Amount: 0 | Detail: 'Browsing Orders'
[16:48:54] [Render thread/INFO]: [Auto Flip] Finishing scan for /order slimeball after 1 pages. Total Matches: 18, Empty Pages After Match: 0
[16:48:54] [Render thread/INFO]: [Auto Flip] Summary for key 'slimeball':
[16:48:54] [Render thread/INFO]:   Raw Matches (18)       : [$400.00 (qty: 1), $370.00 (qty: 1), $350.00 (qty: 1), $298.00 (qty: 1), $105.90 (qty: 1), $100.00 (qty: 1), $100.00 (qty: 1), $75.00 (qty: 1), $51.00 (qty: 1), $50.00 (qty: 1), $50.00 (qty: 1), $45.00 (qty: 1), $45.00 (qty: 1), $44.00 (qty: 1), $43.00 (qty: 1), $38.00 (qty: 1), $30.00 (qty: 1), $10.00 (qty: 1)]
[16:48:54] [Render thread/INFO]:   Median Qty            : 1.0 (Cutoff >= 0.25)
[16:48:54] [Render thread/INFO]:   Outliers Dropped (0)  : []
[16:48:54] [Render thread/INFO]:   Filtered Set (18)      : [$400.00 (qty: 1), $370.00 (qty: 1), $350.00 (qty: 1), $298.00 (qty: 1), $105.90 (qty: 1), $100.00 (qty: 1), $100.00 (qty: 1), $75.00 (qty: 1), $51.00 (qty: 1), $50.00 (qty: 1), $50.00 (qty: 1), $45.00 (qty: 1), $45.00 (qty: 1), $44.00 (qty: 1), $43.00 (qty: 1), $38.00 (qty: 1), $30.00 (qty: 1), $10.00 (qty: 1)]
[16:48:54] [Render thread/INFO]:   Sort Order            : DESCENDING (Highest Buy Orders First)
[16:48:54] [Render thread/INFO]:   Top 3 Used (HIGHEST)  : [$400.00 (qty: 1), $370.00 (qty: 1), $350.00 (qty: 1)]
[16:48:54] [Render thread/INFO]:   Final Top-3 Avg Price : $373.33
[16:48:54] [Render thread/INFO]: [Auto Flip] Running /order sticky piston for item key: sticky_piston
[16:48:54] [Render thread/INFO]: [DONUT PROFIT/STATUS] State Changed -> State: IDLE | Item: '' | Price: $0.0/ea | Amount: 0 | Detail: 'Idle'
[16:48:54] [Render thread/INFO]: [DONUT PROFIT/SCREEN] Screen Opened: Title = 'Orders (Page 1)' | Class = class_476
[16:48:54] [Render thread/INFO]: [DONUT PROFIT/STATUS] State Changed -> State: BROWSING_ORDERS | Item: '' | Price: $0.0/ea | Amount: 0 | Detail: 'Browsing Orders'
[16:48:55] [Render thread/INFO]: [Auto Flip] Finishing scan for /order sticky piston after 1 pages. Total Matches: 45, Empty Pages After Match: 0
[16:48:55] [Render thread/INFO]: [Auto Flip] Summary for key 'sticky_piston':
[16:48:55] [Render thread/INFO]:   Raw Matches (45)       : [$2500.00 (qty: 1), $2200.00 (qty: 1), $2200.00 (qty: 1), $2200.00 (qty: 1), $2100.00 (qty: 1), $2000.00 (qty: 1), $2000.00 (qty: 1), $2000.00 (qty: 1), $2000.00 (qty: 1), $1900.00 (qty: 1), $1600.00 (qty: 1), $1200.00 (qty: 1), $1200.00 (qty: 1), $1100.00 (qty: 1), $1100.00 (qty: 1), $1000.00 (qty: 1), $1000.00 (qty: 1), $950.00 (qty: 1), $861.00 (qty: 1), $860.00 (qty: 1), $856.50 (qty: 1), $750.00 (qty: 1), $700.00 (qty: 1), $600.00 (qty: 1), $500.00 (qty: 1), $500.00 (qty: 1), $500.00 (qty: 1), $400.00 (qty: 1), $400.00 (qty: 1), $300.00 (qty: 1), $270.00 (qty: 1), $200.00 (qty: 1), $100.00 (qty: 1), $60.00 (qty: 1), $50.00 (qty: 1), $43.00 (qty: 1), $12.00 (qty: 1), $1.60 (qty: 1), $1.00 (qty: 1), $1.00 (qty: 1), $1.00 (qty: 1), $1.00 (qty: 1), $1.00 (qty: 1), $1.00 (qty: 1), $1.00 (qty: 1)]
[16:48:55] [Render thread/INFO]:   Median Qty            : 1.0 (Cutoff >= 0.25)
[16:48:55] [Render thread/INFO]:   Outliers Dropped (0)  : []
[16:48:55] [Render thread/INFO]:   Filtered Set (45)      : [$2500.00 (qty: 1), $2200.00 (qty: 1), $2200.00 (qty: 1), $2200.00 (qty: 1), $2100.00 (qty: 1), $2000.00 (qty: 1), $2000.00 (qty: 1), $2000.00 (qty: 1), $2000.00 (qty: 1), $1900.00 (qty: 1), $1600.00 (qty: 1), $1200.00 (qty: 1), $1200.00 (qty: 1), $1100.00 (qty: 1), $1100.00 (qty: 1), $1000.00 (qty: 1), $1000.00 (qty: 1), $950.00 (qty: 1), $861.00 (qty: 1), $860.00 (qty: 1), $856.50 (qty: 1), $750.00 (qty: 1), $700.00 (qty: 1), $600.00 (qty: 1), $500.00 (qty: 1), $500.00 (qty: 1), $500.00 (qty: 1), $400.00 (qty: 1), $400.00 (qty: 1), $300.00 (qty: 1), $270.00 (qty: 1), $200.00 (qty: 1), $100.00 (qty: 1), $60.00 (qty: 1), $50.00 (qty: 1), $43.00 (qty: 1), $12.00 (qty: 1), $1.60 (qty: 1), $1.00 (qty: 1), $1.00 (qty: 1), $1.00 (qty: 1), $1.00 (qty: 1), $1.00 (qty: 1), $1.00 (qty: 1), $1.00 (qty: 1)]
[16:48:55] [Render thread/INFO]:   Sort Order            : DESCENDING (Highest Buy Orders First)
[16:48:55] [Render thread/INFO]:   Top 3 Used (HIGHEST)  : [$2500.00 (qty: 1), $2200.00 (qty: 1), $2200.00 (qty: 1)]
[16:48:55] [Render thread/INFO]:   Final Top-3 Avg Price : $2300.00
[16:48:55] [Render thread/INFO]: [DONUT PROFIT/STATUS] State Changed -> State: IDLE | Item: '' | Price: $0.0/ea | Amount: 0 | Detail: 'Idle'
[16:48:55] [Render thread/INFO]: [Auto Flip] Running /order gold ingot for item key: gold_ingot
[16:48:56] [Render thread/INFO]: [DONUT PROFIT/SCREEN] Screen Opened: Title = 'Orders (Page 1)' | Class = class_476
[16:48:56] [Render thread/INFO]: [DONUT PROFIT/STATUS] State Changed -> State: BROWSING_ORDERS | Item: '' | Price: $0.0/ea | Amount: 0 | Detail: 'Browsing Orders'
[16:48:56] [Render thread/INFO]: [Auto Flip] Finishing scan for /order gold ingot after 1 pages. Total Matches: 45, Empty Pages After Match: 0
[16:48:56] [Render thread/INFO]: [Auto Flip] Summary for key 'gold_ingot':
[16:48:56] [Render thread/INFO]:   Raw Matches (45)       : [$1100.00 (qty: 1), $960.00 (qty: 1), $950.00 (qty: 1), $900.00 (qty: 1), $900.00 (qty: 1), $900.00 (qty: 1), $880.00 (qty: 1), $864.00 (qty: 1), $851.00 (qty: 1), $850.00 (qty: 1), $849.00 (qty: 1), $833.10 (qty: 1), $832.10 (qty: 1), $831.00 (qty: 1), $801.02 (qty: 1), $800.00 (qty: 1), $751.00 (qty: 1), $750.00 (qty: 1), $700.00 (qty: 1), $500.00 (qty: 1), $500.00 (qty: 1), $450.00 (qty: 1), $450.00 (qty: 1), $402.00 (qty: 1), $402.00 (qty: 1), $400.00 (qty: 1), $400.00 (qty: 1), $300.00 (qty: 1), $250.00 (qty: 1), $220.00 (qty: 1), $200.00 (qty: 1), $100.00 (qty: 1), $100.00 (qty: 1), $100.00 (qty: 1), $100.00 (qty: 1), $100.00 (qty: 1), $100.00 (qty: 1), $100.00 (qty: 1), $55.00 (qty: 1), $40.00 (qty: 1), $30.00 (qty: 1), $20.00 (qty: 1), $20.00 (qty: 1), $16.00 (qty: 1), $15.00 (qty: 1)]
[16:48:56] [Render thread/INFO]:   Median Qty            : 1.0 (Cutoff >= 0.25)
[16:48:56] [Render thread/INFO]:   Outliers Dropped (0)  : []
[16:48:56] [Render thread/INFO]:   Filtered Set (45)      : [$1100.00 (qty: 1), $960.00 (qty: 1), $950.00 (qty: 1), $900.00 (qty: 1), $900.00 (qty: 1), $900.00 (qty: 1), $880.00 (qty: 1), $864.00 (qty: 1), $851.00 (qty: 1), $850.00 (qty: 1), $849.00 (qty: 1), $833.10 (qty: 1), $832.10 (qty: 1), $831.00 (qty: 1), $801.02 (qty: 1), $800.00 (qty: 1), $751.00 (qty: 1), $750.00 (qty: 1), $700.00 (qty: 1), $500.00 (qty: 1), $500.00 (qty: 1), $450.00 (qty: 1), $450.00 (qty: 1), $402.00 (qty: 1), $402.00 (qty: 1), $400.00 (qty: 1), $400.00 (qty: 1), $300.00 (qty: 1), $250.00 (qty: 1), $220.00 (qty: 1), $200.00 (qty: 1), $100.00 (qty: 1), $100.00 (qty: 1), $100.00 (qty: 1), $100.00 (qty: 1), $100.00 (qty: 1), $100.00 (qty: 1), $100.00 (qty: 1), $55.00 (qty: 1), $40.00 (qty: 1), $30.00 (qty: 1), $20.00 (qty: 1), $20.00 (qty: 1), $16.00 (qty: 1), $15.00 (qty: 1)]
[16:48:56] [Render thread/INFO]:   Sort Order            : DESCENDING (Highest Buy Orders First)
[16:48:56] [Render thread/INFO]:   Top 3 Used (HIGHEST)  : [$1100.00 (qty: 1), $960.00 (qty: 1), $950.00 (qty: 1)]
[16:48:56] [Render thread/INFO]:   Final Top-3 Avg Price : $1003.33
[16:48:57] [Render thread/INFO]: [Auto Flip] Running /order apple for item key: apple
[16:48:57] [Render thread/INFO]: [DONUT PROFIT/STATUS] State Changed -> State: IDLE | Item: '' | Price: $0.0/ea | Amount: 0 | Detail: 'Idle'
[16:48:57] [Render thread/INFO]: [DONUT PROFIT/SCREEN] Screen Opened: Title = 'Orders (Page 1)' | Class = class_476
[16:48:57] [Render thread/INFO]: [DONUT PROFIT/STATUS] State Changed -> State: BROWSING_ORDERS | Item: '' | Price: $0.0/ea | Amount: 0 | Detail: 'Browsing Orders'
[16:48:57] [Render thread/INFO]: [Auto Flip] Paging forward for /order apple (Page 2, Total Matches: 0, Empty Pages After Match: 0)...
[16:48:57] [Render thread/INFO]: [DONUT PROFIT/SCREEN] Screen Opened: Title = 'Orders (Page 2)' | Class = class_476
[16:48:57] [Render thread/INFO]: [Auto Flip] Paging forward for /order apple (Page 3, Total Matches: 0, Empty Pages After Match: 0)...
[16:48:58] [Render thread/INFO]: [DONUT PROFIT/SCREEN] Screen Opened: Title = 'Orders (Page 3)' | Class = class_476
[16:48:58] [Render thread/INFO]: [Auto Flip] Paging forward for /order apple (Page 4, Total Matches: 0, Empty Pages After Match: 0)...
[16:48:58] [Render thread/INFO]: [DONUT PROFIT/SCREEN] Screen Opened: Title = 'Orders (Page 4)' | Class = class_476
[16:48:58] [Render thread/INFO]: [Auto Flip] Paging forward for /order apple (Page 5, Total Matches: 0, Empty Pages After Match: 0)...
[16:48:58] [Render thread/INFO]: [DONUT PROFIT/SCREEN] Screen Opened: Title = 'Orders (Page 5)' | Class = class_476
[16:48:58] [Render thread/INFO]: [Auto Flip] Finishing scan for /order apple after 5 pages. Total Matches: 7, Empty Pages After Match: 0
[16:48:58] [Render thread/INFO]: [Auto Flip] Summary for key 'apple':
[16:48:58] [Render thread/INFO]:   Raw Matches (7)       : [$880.00 (qty: 1), $180.00 (qty: 1), $173.00 (qty: 1), $172.00 (qty: 1), $170.11 (qty: 1), $170.00 (qty: 1), $150.00 (qty: 1)]
[16:48:58] [Render thread/INFO]:   Median Qty            : 1.0 (Cutoff >= 0.25)
[16:48:58] [Render thread/INFO]:   Outliers Dropped (0)  : []
[16:48:58] [Render thread/INFO]:   Filtered Set (7)      : [$880.00 (qty: 1), $180.00 (qty: 1), $173.00 (qty: 1), $172.00 (qty: 1), $170.11 (qty: 1), $170.00 (qty: 1), $150.00 (qty: 1)]
[16:48:58] [Render thread/INFO]:   Sort Order            : DESCENDING (Highest Buy Orders First)
[16:48:58] [Render thread/INFO]:   Top 3 Used (HIGHEST)  : [$880.00 (qty: 1), $180.00 (qty: 1), $173.00 (qty: 1)]
[16:48:58] [Render thread/INFO]:   Final Top-3 Avg Price : $411.00
[16:48:59] [Render thread/INFO]: [Auto Flip] Running /order golden apple for item key: golden_apple
[16:48:59] [Render thread/INFO]: [DONUT PROFIT/STATUS] State Changed -> State: IDLE | Item: '' | Price: $0.0/ea | Amount: 0 | Detail: 'Idle'
[16:48:59] [Render thread/INFO]: [DONUT PROFIT/SCREEN] Screen Opened: Title = 'Orders (Page 1)' | Class = class_476
[16:48:59] [Render thread/INFO]: [DONUT PROFIT/STATUS] State Changed -> State: BROWSING_ORDERS | Item: '' | Price: $0.0/ea | Amount: 0 | Detail: 'Browsing Orders'
[16:48:59] [Render thread/INFO]: [Auto Flip] Finishing scan for /order golden apple after 1 pages. Total Matches: 45, Empty Pages After Match: 0
[16:48:59] [Render thread/INFO]: [Auto Flip] Summary for key 'golden_apple':
[16:48:59] [Render thread/INFO]:   Raw Matches (45)       : [$3400.00 (qty: 1), $3300.00 (qty: 1), $3200.00 (qty: 1), $3200.00 (qty: 1), $3200.00 (qty: 1), $3200.00 (qty: 1), $3100.00 (qty: 1), $3100.00 (qty: 1), $3000.00 (qty: 1), $3000.00 (qty: 1), $3000.00 (qty: 1), $3000.00 (qty: 1), $3000.00 (qty: 1), $3000.00 (qty: 1), $3000.00 (qty: 1), $3000.00 (qty: 1), $3000.00 (qty: 1), $3000.00 (qty: 1), $3000.00 (qty: 1), $3000.00 (qty: 1), $2900.00 (qty: 1), $2900.00 (qty: 1), $2900.00 (qty: 1), $2900.00 (qty: 1), $2900.00 (qty: 1), $2900.00 (qty: 1), $2900.00 (qty: 1), $2900.00 (qty: 1), $2800.00 (qty: 1), $2800.00 (qty: 1), $2800.00 (qty: 1), $2800.00 (qty: 1), $2800.00 (qty: 1), $2800.00 (qty: 1), $2800.00 (qty: 1), $2800.00 (qty: 1), $2700.00 (qty: 1), $2700.00 (qty: 1), $2700.00 (qty: 1), $2700.00 (qty: 1), $2700.00 (qty: 1), $2700.00 (qty: 1), $2700.00 (qty: 1), $2700.00 (qty: 1), $2700.00 (qty: 1)]
[16:48:59] [Render thread/INFO]:   Median Qty            : 1.0 (Cutoff >= 0.25)
[16:48:59] [Render thread/INFO]:   Outliers Dropped (0)  : []
[16:48:59] [Render thread/INFO]:   Filtered Set (45)      : [$3400.00 (qty: 1), $3300.00 (qty: 1), $3200.00 (qty: 1), $3200.00 (qty: 1), $3200.00 (qty: 1), $3200.00 (qty: 1), $3100.00 (qty: 1), $3100.00 (qty: 1), $3000.00 (qty: 1), $3000.00 (qty: 1), $3000.00 (qty: 1), $3000.00 (qty: 1), $3000.00 (qty: 1), $3000.00 (qty: 1), $3000.00 (qty: 1), $3000.00 (qty: 1), $3000.00 (qty: 1), $3000.00 (qty: 1), $3000.00 (qty: 1), $3000.00 (qty: 1), $2900.00 (qty: 1), $2900.00 (qty: 1), $2900.00 (qty: 1), $2900.00 (qty: 1), $2900.00 (qty: 1), $2900.00 (qty: 1), $2900.00 (qty: 1), $2900.00 (qty: 1), $2800.00 (qty: 1), $2800.00 (qty: 1), $2800.00 (qty: 1), $2800.00 (qty: 1), $2800.00 (qty: 1), $2800.00 (qty: 1), $2800.00 (qty: 1), $2800.00 (qty: 1), $2700.00 (qty: 1), $2700.00 (qty: 1), $2700.00 (qty: 1), $2700.00 (qty: 1), $2700.00 (qty: 1), $2700.00 (qty: 1), $2700.00 (qty: 1), $2700.00 (qty: 1), $2700.00 (qty: 1)]
[16:48:59] [Render thread/INFO]:   Sort Order            : DESCENDING (Highest Buy Orders First)
[16:48:59] [Render thread/INFO]:   Top 3 Used (HIGHEST)  : [$3400.00 (qty: 1), $3300.00 (qty: 1), $3200.00 (qty: 1)]
[16:48:59] [Render thread/INFO]:   Final Top-3 Avg Price : $3300.00
[16:49:00] [Render thread/INFO]: [DONUT PROFIT/STATUS] State Changed -> State: IDLE | Item: '' | Price: $0.0/ea | Amount: 0 | Detail: 'Idle'
[16:49:00] [Render thread/INFO]: [Auto Flip] Running /order oak planks for item key: oak_planks
[16:49:00] [Render thread/INFO]: [DONUT PROFIT/SCREEN] Screen Opened: Title = 'Orders (Page 1)' | Class = class_476
[16:49:00] [Render thread/INFO]: [DONUT PROFIT/STATUS] State Changed -> State: BROWSING_ORDERS | Item: '' | Price: $0.0/ea | Amount: 0 | Detail: 'Browsing Orders'
[16:49:01] [Render thread/INFO]: [Auto Flip] Finishing scan for /order oak planks after 1 pages. Total Matches: 14, Empty Pages After Match: 0
[16:49:01] [Render thread/INFO]: [Auto Flip] Summary for key 'oak_planks':
[16:49:01] [Render thread/INFO]:   Raw Matches (14)       : [$17.00 (qty: 1), $16.00 (qty: 1), $15.00 (qty: 1), $6.50 (qty: 1), $5.00 (qty: 1), $3.00 (qty: 1), $2.00 (qty: 1), $1.80 (qty: 1), $1.00 (qty: 1), $1.00 (qty: 1), $1.00 (qty: 1), $1.00 (qty: 1), $1.00 (qty: 1), $1.00 (qty: 1)]
[16:49:01] [Render thread/INFO]:   Median Qty            : 1.0 (Cutoff >= 0.25)
[16:49:01] [Render thread/INFO]:   Outliers Dropped (0)  : []
[16:49:01] [Render thread/INFO]:   Filtered Set (14)      : [$17.00 (qty: 1), $16.00 (qty: 1), $15.00 (qty: 1), $6.50 (qty: 1), $5.00 (qty: 1), $3.00 (qty: 1), $2.00 (qty: 1), $1.80 (qty: 1), $1.00 (qty: 1), $1.00 (qty: 1), $1.00 (qty: 1), $1.00 (qty: 1), $1.00 (qty: 1), $1.00 (qty: 1)]
[16:49:01] [Render thread/INFO]:   Sort Order            : DESCENDING (Highest Buy Orders First)
[16:49:01] [Render thread/INFO]:   Top 3 Used (HIGHEST)  : [$17.00 (qty: 1), $16.00 (qty: 1), $15.00 (qty: 1)]
[16:49:01] [Render thread/INFO]:   Final Top-3 Avg Price : $16.00
[16:49:01] [Render thread/INFO]: [Auto Flip] Running /order book for item key: book
[16:49:01] [Render thread/INFO]: [DONUT PROFIT/STATUS] State Changed -> State: IDLE | Item: '' | Price: $0.0/ea | Amount: 0 | Detail: 'Idle'
[16:49:01] [Render thread/INFO]: [DONUT PROFIT/SCREEN] Screen Opened: Title = 'Orders (Page 1)' | Class = class_476
[16:49:01] [Render thread/INFO]: [DONUT PROFIT/STATUS] State Changed -> State: BROWSING_ORDERS | Item: '' | Price: $0.0/ea | Amount: 0 | Detail: 'Browsing Orders'
[16:49:02] [Render thread/INFO]: [Auto Flip] Paging forward for /order book (Page 2, Total Matches: 0, Empty Pages After Match: 0)...
[16:49:02] [Render thread/INFO]: [DONUT PROFIT/SCREEN] Screen Opened: Title = 'Orders (Page 2)' | Class = class_476
[16:49:02] [Render thread/INFO]: [Auto Flip] Paging forward for /order book (Page 3, Total Matches: 0, Empty Pages After Match: 0)...
[16:49:02] [Render thread/INFO]: [DONUT PROFIT/SCREEN] Screen Opened: Title = 'Orders (Page 3)' | Class = class_476
[16:49:02] [Render thread/INFO]: [Auto Flip] Paging forward for /order book (Page 4, Total Matches: 0, Empty Pages After Match: 0)...
[16:49:02] [Render thread/INFO]: [DONUT PROFIT/SCREEN] Screen Opened: Title = 'Orders (Page 4)' | Class = class_476
[16:49:03] [Render thread/INFO]: [Auto Flip] Paging forward for /order book (Page 5, Total Matches: 0, Empty Pages After Match: 0)...
[16:49:03] [Render thread/INFO]: [DONUT PROFIT/SCREEN] Screen Opened: Title = 'Orders (Page 5)' | Class = class_476
[16:49:03] [Render thread/INFO]: [Auto Flip] Paging forward for /order book (Page 6, Total Matches: 0, Empty Pages After Match: 0)...
[16:49:03] [Render thread/INFO]: [DONUT PROFIT/SCREEN] Screen Opened: Title = 'Orders (Page 6)' | Class = class_476
[16:49:03] [Render thread/INFO]: [Auto Flip] Paging forward for /order book (Page 7, Total Matches: 0, Empty Pages After Match: 0)...
[16:49:03] [Render thread/INFO]: [DONUT PROFIT/SCREEN] Screen Opened: Title = 'Orders (Page 7)' | Class = class_476
[16:49:04] [Render thread/INFO]: [Auto Flip] Paging forward for /order book (Page 8, Total Matches: 0, Empty Pages After Match: 0)...
[16:49:04] [Render thread/INFO]: [DONUT PROFIT/SCREEN] Screen Opened: Title = 'Orders (Page 8)' | Class = class_476
[16:49:04] [Render thread/INFO]: [Auto Flip] Paging forward for /order book (Page 9, Total Matches: 0, Empty Pages After Match: 0)...
[16:49:04] [Render thread/INFO]: [DONUT PROFIT/SCREEN] Screen Opened: Title = 'Orders (Page 9)' | Class = class_476
[16:49:04] [Render thread/INFO]: [Auto Flip] Paging forward for /order book (Page 10, Total Matches: 0, Empty Pages After Match: 0)...
[16:49:04] [Render thread/INFO]: [DONUT PROFIT/SCREEN] Screen Opened: Title = 'Orders (Page 10)' | Class = class_476
[16:49:04] [Render thread/INFO]: [Auto Flip] Paging forward for /order book (Page 11, Total Matches: 0, Empty Pages After Match: 0)...
[16:49:05] [Render thread/INFO]: [DONUT PROFIT/SCREEN] Screen Opened: Title = 'Orders (Page 11)' | Class = class_476
[16:49:05] [Render thread/INFO]: [Auto Flip] Paging forward for /order book (Page 12, Total Matches: 0, Empty Pages After Match: 0)...
[16:49:05] [Render thread/INFO]: [DONUT PROFIT/SCREEN] Screen Opened: Title = 'Orders (Page 12)' | Class = class_476
[16:49:05] [Render thread/INFO]: [Auto Flip] Paging forward for /order book (Page 13, Total Matches: 0, Empty Pages After Match: 0)...
[16:49:05] [Render thread/INFO]: [DONUT PROFIT/SCREEN] Screen Opened: Title = 'Orders (Page 13)' | Class = class_476
[16:49:05] [Render thread/INFO]: [Auto Flip] Paging forward for /order book (Page 14, Total Matches: 0, Empty Pages After Match: 0)...
[16:49:06] [Render thread/INFO]: [DONUT PROFIT/SCREEN] Screen Opened: Title = 'Orders (Page 14)' | Class = class_476
[16:49:06] [Render thread/INFO]: [Auto Flip] Finishing scan for /order book after 14 pages. Total Matches: 7, Empty Pages After Match: 0
[16:49:06] [Render thread/INFO]: [Auto Flip] Summary for key 'book':
[16:49:06] [Render thread/INFO]:   Raw Matches (7)       : [$1100.00 (qty: 1), $1000.00 (qty: 1), $950.00 (qty: 1), $913.00 (qty: 1), $911.00 (qty: 1), $900.00 (qty: 1), $800.00 (qty: 1)]
[16:49:06] [Render thread/INFO]:   Median Qty            : 1.0 (Cutoff >= 0.25)
[16:49:06] [Render thread/INFO]:   Outliers Dropped (0)  : []
[16:49:06] [Render thread/INFO]:   Filtered Set (7)      : [$1100.00 (qty: 1), $1000.00 (qty: 1), $950.00 (qty: 1), $913.00 (qty: 1), $911.00 (qty: 1), $900.00 (qty: 1), $800.00 (qty: 1)]
[16:49:06] [Render thread/INFO]:   Sort Order            : DESCENDING (Highest Buy Orders First)
[16:49:06] [Render thread/INFO]:   Top 3 Used (HIGHEST)  : [$1100.00 (qty: 1), $1000.00 (qty: 1), $950.00 (qty: 1)]
[16:49:06] [Render thread/INFO]:   Final Top-3 Avg Price : $1016.67
[16:49:06] [Render thread/INFO]: [Auto Flip] Running /order bookshelf for item key: bookshelf
[16:49:06] [Render thread/INFO]: [DONUT PROFIT/STATUS] State Changed -> State: IDLE | Item: '' | Price: $0.0/ea | Amount: 0 | Detail: 'Idle'
[16:49:07] [Render thread/INFO]: [DONUT PROFIT/SCREEN] Screen Opened: Title = 'Orders (Page 1)' | Class = class_476
[16:49:07] [Render thread/INFO]: [DONUT PROFIT/STATUS] State Changed -> State: BROWSING_ORDERS | Item: '' | Price: $0.0/ea | Amount: 0 | Detail: 'Browsing Orders'
[16:49:07] [Render thread/INFO]: [Auto Flip] Finishing scan for /order bookshelf after 1 pages. Total Matches: 31, Empty Pages After Match: 0
[16:49:07] [Render thread/INFO]: [Auto Flip] Summary for key 'bookshelf':
[16:49:07] [Render thread/INFO]:   Raw Matches (31)       : [$5500.00 (qty: 1), $5500.00 (qty: 1), $2000.00 (qty: 1), $1200.00 (qty: 1), $1200.00 (qty: 1), $1200.00 (qty: 1), $1000.00 (qty: 1), $1000.00 (qty: 1), $1000.00 (qty: 1), $1000.00 (qty: 1), $1000.00 (qty: 1), $1000.00 (qty: 1), $1000.00 (qty: 1), $999.00 (qty: 1), $500.00 (qty: 1), $500.00 (qty: 1), $390.00 (qty: 1), $300.00 (qty: 1), $200.00 (qty: 1), $200.00 (qty: 1), $100.00 (qty: 1), $100.00 (qty: 1), $67.00 (qty: 1), $45.00 (qty: 1), $15.00 (qty: 1), $5.00 (qty: 1), $4.20 (qty: 1), $2.50 (qty: 1), $2.00 (qty: 1), $1.00 (qty: 1), $1.00 (qty: 1)]
[16:49:07] [Render thread/INFO]:   Median Qty            : 1.0 (Cutoff >= 0.25)
[16:49:07] [Render thread/INFO]:   Outliers Dropped (0)  : []
[16:49:07] [Render thread/INFO]:   Filtered Set (31)      : [$5500.00 (qty: 1), $5500.00 (qty: 1), $2000.00 (qty: 1), $1200.00 (qty: 1), $1200.00 (qty: 1), $1200.00 (qty: 1), $1000.00 (qty: 1), $1000.00 (qty: 1), $1000.00 (qty: 1), $1000.00 (qty: 1), $1000.00 (qty: 1), $1000.00 (qty: 1), $1000.00 (qty: 1), $999.00 (qty: 1), $500.00 (qty: 1), $500.00 (qty: 1), $390.00 (qty: 1), $300.00 (qty: 1), $200.00 (qty: 1), $200.00 (qty: 1), $100.00 (qty: 1), $100.00 (qty: 1), $67.00 (qty: 1), $45.00 (qty: 1), $15.00 (qty: 1), $5.00 (qty: 1), $4.20 (qty: 1), $2.50 (qty: 1), $2.00 (qty: 1), $1.00 (qty: 1), $1.00 (qty: 1)]
[16:49:07] [Render thread/INFO]:   Sort Order            : DESCENDING (Highest Buy Orders First)
[16:49:07] [Render thread/INFO]:   Top 3 Used (HIGHEST)  : [$5500.00 (qty: 1), $5500.00 (qty: 1), $2000.00 (qty: 1)]
[16:49:07] [Render thread/INFO]:   Final Top-3 Avg Price : $4333.33
[16:49:07] [Render thread/INFO]: [DONUT PROFIT/STATUS] State Changed -> State: IDLE | Item: '' | Price: $0.0/ea | Amount: 0 | Detail: 'Idle'
[16:49:07] [Render thread/INFO]: [Auto Flip] Running /order oak log for item key: oak_log
[16:49:08] [Render thread/INFO]: [DONUT PROFIT/SCREEN] Screen Opened: Title = 'Orders (Page 1)' | Class = class_476
[16:49:08] [Render thread/INFO]: [DONUT PROFIT/STATUS] State Changed -> State: BROWSING_ORDERS | Item: '' | Price: $0.0/ea | Amount: 0 | Detail: 'Browsing Orders'
[16:49:08] [Render thread/INFO]: [Auto Flip] Finishing scan for /order oak log after 1 pages. Total Matches: 45, Empty Pages After Match: 0
[16:49:08] [Render thread/INFO]: [Auto Flip] Summary for key 'oak_log':
[16:49:08] [Render thread/INFO]:   Raw Matches (45)       : [$153.10 (qty: 1), $152.00 (qty: 1), $151.00 (qty: 1), $150.00 (qty: 1), $142.00 (qty: 1), $130.00 (qty: 1), $129.10 (qty: 1), $129.00 (qty: 1), $125.00 (qty: 1), $120.00 (qty: 1), $118.00 (qty: 1), $117.00 (qty: 1), $116.00 (qty: 1), $110.00 (qty: 1), $105.00 (qty: 1), $100.00 (qty: 1), $100.00 (qty: 1), $100.00 (qty: 1), $100.00 (qty: 1), $100.00 (qty: 1), $100.00 (qty: 1), $100.00 (qty: 1), $100.00 (qty: 1), $100.00 (qty: 1), $100.00 (qty: 1), $100.00 (qty: 1), $100.00 (qty: 1), $100.00 (qty: 1), $95.00 (qty: 1), $90.00 (qty: 1), $90.00 (qty: 1), $90.00 (qty: 1), $90.00 (qty: 1), $81.01 (qty: 1), $81.00 (qty: 1), $80.00 (qty: 1), $80.00 (qty: 1), $80.00 (qty: 1), $80.00 (qty: 1), $80.00 (qty: 1), $80.00 (qty: 1), $70.00 (qty: 1), $68.00 (qty: 1), $67.00 (qty: 1), $65.00 (qty: 1)]
[16:49:08] [Render thread/INFO]:   Median Qty            : 1.0 (Cutoff >= 0.25)
[16:49:08] [Render thread/INFO]:   Outliers Dropped (0)  : []
[16:49:08] [Render thread/INFO]:   Filtered Set (45)      : [$153.10 (qty: 1), $152.00 (qty: 1), $151.00 (qty: 1), $150.00 (qty: 1), $142.00 (qty: 1), $130.00 (qty: 1), $129.10 (qty: 1), $129.00 (qty: 1), $125.00 (qty: 1), $120.00 (qty: 1), $118.00 (qty: 1), $117.00 (qty: 1), $116.00 (qty: 1), $110.00 (qty: 1), $105.00 (qty: 1), $100.00 (qty: 1), $100.00 (qty: 1), $100.00 (qty: 1), $100.00 (qty: 1), $100.00 (qty: 1), $100.00 (qty: 1), $100.00 (qty: 1), $100.00 (qty: 1), $100.00 (qty: 1), $100.00 (qty: 1), $100.00 (qty: 1), $100.00 (qty: 1), $100.00 (qty: 1), $95.00 (qty: 1), $90.00 (qty: 1), $90.00 (qty: 1), $90.00 (qty: 1), $90.00 (qty: 1), $81.01 (qty: 1), $81.00 (qty: 1), $80.00 (qty: 1), $80.00 (qty: 1), $80.00 (qty: 1), $80.00 (qty: 1), $80.00 (qty: 1), $80.00 (qty: 1), $70.00 (qty: 1), $68.00 (qty: 1), $67.00 (qty: 1), $65.00 (qty: 1)]
[16:49:08] [Render thread/INFO]:   Sort Order            : DESCENDING (Highest Buy Orders First)
[16:49:08] [Render thread/INFO]:   Top 3 Used (HIGHEST)  : [$153.10 (qty: 1), $152.00 (qty: 1), $151.00 (qty: 1)]
[16:49:08] [Render thread/INFO]:   Final Top-3 Avg Price : $152.03
[16:49:09] [Render thread/INFO]: [Auto Flip] Running /ah trapdoor for item key: ah_trapdoor_64
[16:49:09] [Render thread/INFO]: [DONUT PROFIT/STATUS] State Changed -> State: IDLE | Item: '' | Price: $0.0/ea | Amount: 0 | Detail: 'Idle'
[16:49:09] [Render thread/INFO]: [DONUT PROFIT/SCREEN] Screen Opened: Title = 'Auction (Page 1)' | Class = class_476
[16:49:09] [Render thread/INFO]: [Auto Flip] Paging forward for /ah trapdoor (Page 2, Total Matches: 0, Empty Pages After Match: 0)...
[16:49:09] [Render thread/INFO]: [DONUT PROFIT/SCREEN] Screen Opened: Title = 'Auction (Page 2)' | Class = class_476
[16:49:09] [Render thread/INFO]: [Auto Flip] Paging forward for /ah trapdoor (Page 3, Total Matches: 0, Empty Pages After Match: 0)...
[16:49:10] [Render thread/INFO]: [DONUT PROFIT/SCREEN] Screen Opened: Title = 'Auction (Page 3)' | Class = class_476
[16:49:10] [Render thread/INFO]: [Auto Flip] Finishing scan for /ah trapdoor after 3 pages. Total Matches: 22, Empty Pages After Match: 0
[16:49:10] [Render thread/INFO]: [Auto Flip] Summary for 64x Trapdoor Baseline:
[16:49:10] [Render thread/INFO]:   Matched 64x Listings (22) : [$1484.38 (qty: 64), $1484.38 (qty: 64), $1484.38 (qty: 64), $1484.38 (qty: 64), $1484.38 (qty: 64), $1484.38 (qty: 64), $1484.38 (qty: 64), $1484.38 (qty: 64), $1484.38 (qty: 64), $1484.38 (qty: 64), $1484.38 (qty: 64), $1562.50 (qty: 64), $1562.50 (qty: 64), $1562.50 (qty: 64), $1562.50 (qty: 64), $1562.50 (qty: 64), $1562.50 (qty: 64), $1562.50 (qty: 64), $1562.50 (qty: 64), $1562.50 (qty: 64), $1562.50 (qty: 64), $1562.50 (qty: 64)]
[16:49:10] [Render thread/INFO]:   Baseline Price/Unit       : $1523.44
[16:49:10] [Render thread/INFO]: [Auto Flip] Running /ah trapdoor for item key: ah_trapdoor_page1
[16:49:10] [Render thread/INFO]: [DONUT PROFIT/SCREEN] Screen Opened: Title = 'Auction (Page 1)' | Class = class_476
[16:49:11] [Render thread/INFO]: [Auto Flip] Summary for Trapdoor Page 1 Ceiling:
[16:49:11] [Render thread/INFO]:   Page 1 Listings (45)      : [$5000.00 (qty: 1), $5000.00 (qty: 1), $5000.00 (qty: 1), $5000.00 (qty: 1), $5000.00 (qty: 1), $5000.00 (qty: 1), $5000.00 (qty: 1), $5000.00 (qty: 1), $5000.00 (qty: 1), $5000.00 (qty: 1), $5000.00 (qty: 1), $7000.00 (qty: 1), $7000.00 (qty: 1), $7000.00 (qty: 1), $7000.00 (qty: 1), $7000.00 (qty: 1), $7000.00 (qty: 1), $7000.00 (qty: 1), $7000.00 (qty: 1), $7000.00 (qty: 1), $7000.00 (qty: 1), $7000.00 (qty: 1), $7000.00 (qty: 1), $7000.00 (qty: 1), $9000.00 (qty: 1), $9000.00 (qty: 1), $9000.00 (qty: 1), $9000.00 (qty: 1), $9000.00 (qty: 1), $9000.00 (qty: 1), $9000.00 (qty: 1), $9000.00 (qty: 1), $9000.00 (qty: 1), $9000.00 (qty: 1), $9000.00 (qty: 1), $9000.00 (qty: 1), $9000.00 (qty: 1), $9000.00 (qty: 1), $9000.00 (qty: 1), $9000.00 (qty: 1), $9000.00 (qty: 1), $9000.00 (qty: 1), $10000.00 (qty: 1), $10000.00 (qty: 1), $10000.00 (qty: 1)]
[16:49:11] [Render thread/INFO]:   Page 1 Max Ceiling Total  : $10000.00
[16:49:11] [Render thread/INFO]: [Auto Flip] Suggested stack size: 4x (Total Ask: $6496.00, Ceiling: $10000.00)
[16:49:11] [Render thread/INFO]: [DONUT PROFIT/SCREEN] Screen Opened: Title = '' | Class = ProfitDetailsScreen
[16:49:19] [Render thread/INFO]: [DONUT PROFIT/SCREEN] Screen Opened: Title = 'Chat screen' | Class = class_408
[16:49:27] [Render thread/INFO]: [CHAT] You whisper to VELVETALLLL: aiko kinda cooked last night
[16:49:38] [Render thread/INFO]: [DONUT PROFIT/SCREEN] Screen Opened: Title = 'Game Menu' | Class = class_433
[16:49:43] [Render thread/INFO]: [CHAT] VELVETALLLL whispers to you: kinda
[16:49:44] [Render thread/INFO]: [DONUT PROFIT/SCREEN] Screen Opened: Title = 'Chat screen' | Class = class_408
[16:49:51] [Render thread/INFO]: [CHAT] You whisper to VELVETALLLL: not finished tho
[16:49:57] [Render thread/INFO]: [DONUT PROFIT/SCREEN] Screen Opened: Title = 'Crafting' | Class = class_490
[16:49:59] [Render thread/INFO]: [CHAT] VELVETALLLL whispers to you: oh
[16:50:00] [Render thread/INFO]: [CHAT] You earned 1 Shard for playing the server
[16:50:04] [Render thread/INFO]: [DONUT PROFIT/SCREEN] Screen Opened: Title = 'Crafting' | Class = class_490
[16:50:05] [Render thread/INFO]: [DONUT PROFIT/SCREEN] Screen Opened: Title = 'Crafting' | Class = class_490
[16:50:09] [Render thread/INFO]: [DONUT PROFIT/SCREEN] Screen Opened: Title = 'Game Menu' | Class = class_433
[16:50:13] [Render thread/INFO]: [DONUT PROFIT/SCREEN] Screen Opened: Title = 'Crafting' | Class = class_490
[16:50:16] [Render thread/INFO]: [DONUT PROFIT/SCREEN] Screen Opened: Title = 'Crafting' | Class = class_490
[16:50:16] [Render thread/INFO]: [DONUT PROFIT/SCREEN] Screen Opened: Title = 'Chat screen' | Class = class_408
[16:50:18] [Render thread/INFO]: [DONUT PROFIT/SCREEN] Screen Opened: Title = 'Auction (Page 1)' | Class = class_476
[16:50:20] [Render thread/INFO]: [CHAT] This item was already bought
[16:50:20] [Render thread/INFO]: [DONUT PROFIT/SCREEN] Screen Opened: Title = 'Auction (Page 1)' | Class = class_476
[16:50:44] [Render thread/INFO]: [DONUT PROFIT/SCREEN] Screen Opened: Title = 'Crafting' | Class = class_490
[16:50:45] [Render thread/INFO]: [DONUT PROFIT/SCREEN] Screen Opened: Title = 'Chat screen' | Class = class_408
[16:50:45] [Render thread/INFO]: [DONUT PROFIT/SCREEN] Screen Opened: Title = 'Auction (Page 1)' | Class = class_476
[16:50:49] [Render thread/INFO]: [CHAT] This item was already bought
[16:50:49] [Render thread/INFO]: [DONUT PROFIT/SCREEN] Screen Opened: Title = 'Auction (Page 1)' | Class = class_476
[16:50:50] [Render thread/INFO]: [DONUT PROFIT/SCREEN] Screen Opened: Title = 'Chat screen' | Class = class_408
[16:50:51] [Render thread/INFO]: [DONUT PROFIT/SCREEN] Screen Opened: Title = 'Chat screen' | Class = class_408
[16:50:58] [Render thread/INFO]: [DONUT PROFIT/SCREEN] Screen Opened: Title = '' | Class = ProfitDetailsScreen
[16:51:05] [Render thread/INFO]: [Best Deal Finder] Starting search: /ah glass (Target Qty: 64, Max Price: $None, Auto Buy: false)
[16:51:05] [Render thread/INFO]: [DONUT PROFIT/SCREEN] Screen Opened: Title = 'Auction (Page 1)' | Class = class_476
[16:51:06] [Render thread/INFO]: [Best Deal Finder] Finishing scan after 1 pages. Total Matches: 45, Qualifying Matches: 38
[16:51:06] [Render thread/INFO]: [Best Deal Finder] Filtered out scam listing: Black Stained Glass x5 @ $9980.00/ea (Baseline median: $779.69)
[16:51:06] [Render thread/INFO]: [Best Deal Finder] Filtered out scam listing: Black Stained Glass x5 @ $9980.00/ea (Baseline median: $779.69)
[16:51:06] [Render thread/INFO]: [Best Deal Finder] Filtered out scam listing: Black Stained Glass x5 @ $9980.00/ea (Baseline median: $779.69)
[16:51:06] [Render thread/INFO]: [Best Deal Finder] Filtered out scam listing: Black Stained Glass x5 @ $9980.00/ea (Baseline median: $779.69)
[16:51:06] [Render thread/INFO]: [Best Deal Finder] Filtered out scam listing: Black Stained Glass x5 @ $9980.00/ea (Baseline median: $779.69)
[16:51:06] [Render thread/INFO]: [Best Deal Finder] Search Complete:
[16:51:06] [Render thread/INFO]:   Item Name        : Glass
[16:51:06] [Render thread/INFO]:   Summary          : Single Listing (64x)
[16:51:06] [Render thread/INFO]:   Effective $/Unit : $625.00
[16:51:06] [Render thread/INFO]:   Combined Cost    : $40000.00
[16:51:06] [Render thread/INFO]:   Combined Qty     : 64 (Requested: 64)
[16:51:06] [Render thread/INFO]:   Is Qualifying    : true
[16:51:06] [Render thread/INFO]:   Max Price Cap    : $None (Cap Exceeded: false)
[16:51:06] [Render thread/INFO]:   Auto Buy         : false
[16:51:06] [Render thread/INFO]: [DONUT PROFIT/SCREEN] Screen Opened: Title = '' | Class = ProfitDetailsScreen
[16:51:08] [Render thread/INFO]: [Best Deal Finder] Queue Step 1/1: Navigating to /ah glass (Page 1, Slot 2)
[16:51:08] [Render thread/INFO]: [DONUT PROFIT/SCREEN] Screen Opened: Title = 'Auction (Page 1)' | Class = class_476
[16:51:09] [Render thread/WARN]: [Best Deal Finder] Listing at slot 2 modified (expected: glass x64 @ $40000.0, found: glass x50 @ $40000.0), purchase aborted!
[16:51:09] [Render thread/WARN]: [Best Deal Finder] Multi-buy chain ABORTED after 0/1 purchases. Reason: Listing details changed or item unavailable
[16:51:13] [Render thread/INFO]: [DONUT PROFIT/SCREEN] Screen Opened: Title = '' | Class = ProfitDetailsScreen
[16:51:17] [Render thread/INFO]: [Best Deal Finder] Starting search: /ah glass (Target Qty: 64, Max Price: $None, Auto Buy: true)
[16:51:17] [Render thread/INFO]: [DONUT PROFIT/SCREEN] Screen Opened: Title = 'Auction (Page 1)' | Class = class_476
[16:51:17] [Render thread/INFO]: [Best Deal Finder] Finishing scan after 1 pages. Total Matches: 45, Qualifying Matches: 40
[16:51:17] [Render thread/INFO]: [Best Deal Finder] Filtered out scam listing: Black Stained Glass x5 @ $9980.00/ea (Baseline median: $745.31)
[16:51:17] [Render thread/INFO]: [Best Deal Finder] Filtered out scam listing: Black Stained Glass x5 @ $9980.00/ea (Baseline median: $745.31)
[16:51:17] [Render thread/INFO]: [Best Deal Finder] Filtered out scam listing: Black Stained Glass x5 @ $9980.00/ea (Baseline median: $745.31)
[16:51:17] [Render thread/INFO]: [Best Deal Finder] Filtered out scam listing: Black Stained Glass x5 @ $9980.00/ea (Baseline median: $745.31)
[16:51:17] [Render thread/INFO]: [Best Deal Finder] Filtered out scam listing: Black Stained Glass x5 @ $9980.00/ea (Baseline median: $745.31)
[16:51:17] [Render thread/INFO]: [Best Deal Finder] Search Complete:
[16:51:17] [Render thread/INFO]:   Item Name        : Glass
[16:51:17] [Render thread/INFO]:   Summary          : Single Listing (64x)
[16:51:17] [Render thread/INFO]:   Effective $/Unit : $625.00
[16:51:17] [Render thread/INFO]:   Combined Cost    : $40000.00
[16:51:17] [Render thread/INFO]:   Combined Qty     : 64 (Requested: 64)
[16:51:17] [Render thread/INFO]:   Is Qualifying    : true
[16:51:17] [Render thread/INFO]:   Max Price Cap    : $None (Cap Exceeded: false)
[16:51:17] [Render thread/INFO]:   Auto Buy         : true
[16:51:17] [Render thread/INFO]: [Best Deal Finder] Queue Step 1/1: Navigating to /ah glass (Page 1, Slot 0)
[16:51:18] [Render thread/INFO]: [DONUT PROFIT/SCREEN] Screen Opened: Title = 'Auction (Page 1)' | Class = class_476
[16:51:18] [Render thread/INFO]: [Best Deal Finder] AUDIT LOG - Purchase Executed (1/1): Glass x64 for Total $40000.00 ($625.00/ea) at Page 1, Slot 0
[16:51:18] [Render thread/INFO]: [CHAT] You bought 64 Glass for $ 40K
[16:51:18] [Render thread/INFO]: [DONUT PROFIT/SCREEN] Screen Opened: Title = 'Auction (Page 1)' | Class = class_476
[16:51:32] [Render thread/INFO]: [DONUT PROFIT/SCREEN] Screen Opened: Title = 'Crafting' | Class = class_490
[16:51:33] [Render thread/INFO]: [DONUT PROFIT/SCREEN] Screen Opened: Title = 'Chat screen' | Class = class_408
[16:51:38] [Render thread/INFO]: [DONUT PROFIT/SCREEN] Screen Opened: Title = 'Modules' | Class = ModulesScreen
[16:51:40] [Render thread/INFO]: [DONUT PROFIT/SCREEN] Screen Opened: Title = '' | Class = ProfitDetailsScreen
[16:51:44] [Render thread/INFO]: [DONUT PROFIT/SCREEN] Screen Opened: Title = '' | Class = UtilityScreen
[16:51:47] [Render thread/INFO]: [Best Deal Finder] Starting search: /ah hopper (Target Qty: 8, Max Price: $None, Auto Buy: true)
[16:51:47] [Render thread/INFO]: [DONUT PROFIT/SCREEN] Screen Opened: Title = 'Auction (Page 1)' | Class = class_476
[16:51:48] [Render thread/INFO]: [Best Deal Finder] Finishing scan after 1 pages. Total Matches: 45, Qualifying Matches: 27
[16:51:48] [Render thread/INFO]: [Best Deal Finder] Filtered out scam listing: Minecart with Hopper x1 @ $30000.00/ea (Baseline median: $3750.00)
[16:51:48] [Render thread/INFO]: [Best Deal Finder] Filtered out scam listing: Minecart with Hopper x1 @ $45000.00/ea (Baseline median: $3750.00)
[16:51:48] [Render thread/INFO]: [Best Deal Finder] Filtered out scam listing: Minecart with Hopper x1 @ $50000.00/ea (Baseline median: $3750.00)
[16:51:48] [Render thread/INFO]: [Best Deal Finder] Filtered out scam listing: Minecart with Hopper x1 @ $50000.00/ea (Baseline median: $3750.00)
[16:51:48] [Render thread/INFO]: [Best Deal Finder] Filtered out scam listing: Minecart with Hopper x1 @ $50000.00/ea (Baseline median: $3750.00)
[16:51:48] [Render thread/INFO]: [Best Deal Finder] Filtered out scam listing: Minecart with Hopper x1 @ $50000.00/ea (Baseline median: $3750.00)
[16:51:48] [Render thread/INFO]: [Best Deal Finder] Filtered out scam listing: Minecart with Hopper x1 @ $50000.00/ea (Baseline median: $3750.00)
[16:51:48] [Render thread/INFO]: [Best Deal Finder] Filtered out scam listing: Minecart with Hopper x1 @ $65000.00/ea (Baseline median: $3750.00)
[16:51:48] [Render thread/INFO]: [Best Deal Finder] Search Complete:
[16:51:48] [Render thread/INFO]:   Item Name        : Hopper
[16:51:48] [Render thread/INFO]:   Summary          : Single Listing (16x)
[16:51:48] [Render thread/INFO]:   Effective $/Unit : $3737.50
[16:51:48] [Render thread/INFO]:   Combined Cost    : $59800.00
[16:51:48] [Render thread/INFO]:   Combined Qty     : 16 (Requested: 8)
[16:51:48] [Render thread/INFO]:   Is Qualifying    : true
[16:51:48] [Render thread/INFO]:   Max Price Cap    : $None (Cap Exceeded: false)
[16:51:48] [Render thread/INFO]:   Auto Buy         : true
[16:51:48] [Render thread/INFO]: [Best Deal Finder] Queue Step 1/1: Navigating to /ah hopper (Page 1, Slot 21)
[16:51:48] [Render thread/INFO]: [DONUT PROFIT/SCREEN] Screen Opened: Title = 'Auction (Page 1)' | Class = class_476
[16:51:48] [Render thread/WARN]: [Best Deal Finder] Listing at slot 21 modified (expected: hopper x16 @ $59800.0, found: hopper x16 @ $59900.0), purchase aborted!
[16:51:48] [Render thread/WARN]: [Best Deal Finder] Multi-buy chain ABORTED after 0/1 purchases. Reason: Listing details changed or item unavailable
[16:51:50] [Render thread/INFO]: [DONUT PROFIT/SCREEN] Screen Opened: Title = 'Chat screen' | Class = class_408
[16:51:50] [Render thread/INFO]: [DONUT PROFIT/SCREEN] Screen Opened: Title = 'Auction (Page 1)' | Class = class_476
[16:51:51] [Render thread/INFO]: [DONUT PROFIT/SCREEN] Screen Opened: Title = '' | Class = ProfitDetailsScreen
[16:51:53] [Render thread/INFO]: [Best Deal Finder] Starting search: /ah hopper (Target Qty: 8, Max Price: $None, Auto Buy: true)
[16:51:53] [Render thread/INFO]: [DONUT PROFIT/SCREEN] Screen Opened: Title = 'Auction (Page 1)' | Class = class_476
[16:51:54] [Render thread/INFO]: [Best Deal Finder] Finishing scan after 1 pages. Total Matches: 45, Qualifying Matches: 26
[16:51:54] [Render thread/INFO]: [Best Deal Finder] Filtered out scam listing: Minecart with Hopper x1 @ $30000.00/ea (Baseline median: $5714.29)
[16:51:54] [Render thread/INFO]: [Best Deal Finder] Filtered out scam listing: Minecart with Hopper x1 @ $45000.00/ea (Baseline median: $5714.29)
[16:51:54] [Render thread/INFO]: [Best Deal Finder] Filtered out scam listing: Minecart with Hopper x1 @ $50000.00/ea (Baseline median: $5714.29)
[16:51:54] [Render thread/INFO]: [Best Deal Finder] Filtered out scam listing: Minecart with Hopper x1 @ $50000.00/ea (Baseline median: $5714.29)
[16:51:54] [Render thread/INFO]: [Best Deal Finder] Filtered out scam listing: Minecart with Hopper x1 @ $50000.00/ea (Baseline median: $5714.29)
[16:51:54] [Render thread/INFO]: [Best Deal Finder] Filtered out scam listing: Minecart with Hopper x1 @ $50000.00/ea (Baseline median: $5714.29)
[16:51:54] [Render thread/INFO]: [Best Deal Finder] Filtered out scam listing: Minecart with Hopper x1 @ $50000.00/ea (Baseline median: $5714.29)
[16:51:54] [Render thread/INFO]: [Best Deal Finder] Filtered out scam listing: Minecart with Hopper x1 @ $50000.00/ea (Baseline median: $5714.29)
[16:51:54] [Render thread/INFO]: [Best Deal Finder] Search Complete:
[16:51:54] [Render thread/INFO]:   Item Name        : Hopper
[16:51:54] [Render thread/INFO]:   Summary          : Single Listing (47x)
[16:51:54] [Render thread/INFO]:   Effective $/Unit : $1276.60
[16:51:54] [Render thread/INFO]:   Combined Cost    : $60000.00
[16:51:54] [Render thread/INFO]:   Combined Qty     : 47 (Requested: 8)
[16:51:54] [Render thread/INFO]:   Is Qualifying    : true
[16:51:54] [Render thread/INFO]:   Max Price Cap    : $None (Cap Exceeded: false)
[16:51:54] [Render thread/INFO]:   Auto Buy         : true
[16:51:54] [Render thread/INFO]: [Best Deal Finder] Queue Step 1/1: Navigating to /ah hopper (Page 1, Slot 32)
[16:51:54] [Render thread/INFO]: [DONUT PROFIT/SCREEN] Screen Opened: Title = 'Auction (Page 1)' | Class = class_476
[16:51:55] [Render thread/WARN]: [Best Deal Finder] Listing at slot 32 modified (expected: hopper x47 @ $60000.0, found: hopper x16 @ $60000.0), purchase aborted!
[16:51:55] [Render thread/WARN]: [Best Deal Finder] Multi-buy chain ABORTED after 0/1 purchases. Reason: Listing details changed or item unavailable
[16:51:56] [Render thread/INFO]: [DONUT PROFIT/SCREEN] Screen Opened: Title = 'Chat screen' | Class = class_408
[16:51:56] [Render thread/INFO]: [DONUT PROFIT/SCREEN] Screen Opened: Title = 'Auction (Page 1)' | Class = class_476
[16:51:57] [Render thread/INFO]: [DONUT PROFIT/SCREEN] Screen Opened: Title = '' | Class = ProfitDetailsScreen
[16:51:59] [Render thread/INFO]: [Best Deal Finder] Starting search: /ah hopper (Target Qty: 8, Max Price: $None, Auto Buy: true)
[16:51:59] [Render thread/INFO]: [DONUT PROFIT/SCREEN] Screen Opened: Title = 'Auction (Page 1)' | Class = class_476
[16:51:59] [Render thread/INFO]: [Best Deal Finder] Finishing scan after 1 pages. Total Matches: 45, Qualifying Matches: 23
[16:51:59] [Render thread/INFO]: [Best Deal Finder] Filtered out scam listing: Minecart with Hopper x1 @ $45000.00/ea (Baseline median: $6250.00)
[16:51:59] [Render thread/INFO]: [Best Deal Finder] Filtered out scam listing: Minecart with Hopper x1 @ $50000.00/ea (Baseline median: $6250.00)
[16:51:59] [Render thread/INFO]: [Best Deal Finder] Filtered out scam listing: Minecart with Hopper x1 @ $50000.00/ea (Baseline median: $6250.00)
[16:51:59] [Render thread/INFO]: [Best Deal Finder] Filtered out scam listing: Minecart with Hopper x1 @ $50000.00/ea (Baseline median: $6250.00)
[16:51:59] [Render thread/INFO]: [Best Deal Finder] Filtered out scam listing: Minecart with Hopper x1 @ $50000.00/ea (Baseline median: $6250.00)
[16:51:59] [Render thread/INFO]: [Best Deal Finder] Filtered out scam listing: Minecart with Hopper x1 @ $50000.00/ea (Baseline median: $6250.00)
[16:51:59] [Render thread/INFO]: [Best Deal Finder] Filtered out scam listing: Minecart with Hopper x1 @ $50000.00/ea (Baseline median: $6250.00)
[16:51:59] [Render thread/INFO]: [Best Deal Finder] Filtered out scam listing: Minecart with Hopper x1 @ $50000.00/ea (Baseline median: $6250.00)
[16:51:59] [Render thread/INFO]: [Best Deal Finder] Filtered out scam listing: Minecart with Hopper x1 @ $50000.00/ea (Baseline median: $6250.00)
[16:51:59] [Render thread/INFO]: [Best Deal Finder] Filtered out scam listing: Minecart with Hopper x1 @ $50000.00/ea (Baseline median: $6250.00)
[16:51:59] [Render thread/INFO]: [Best Deal Finder] Filtered out scam listing: Minecart with Hopper x1 @ $50000.00/ea (Baseline median: $6250.00)
[16:51:59] [Render thread/INFO]: [Best Deal Finder] Search Complete:
[16:51:59] [Render thread/INFO]:   Item Name        : Hopper
[16:51:59] [Render thread/INFO]:   Summary          : Single Listing (47x)
[16:51:59] [Render thread/INFO]:   Effective $/Unit : $1276.60
[16:51:59] [Render thread/INFO]:   Combined Cost    : $60000.00
[16:51:59] [Render thread/INFO]:   Combined Qty     : 47 (Requested: 8)
[16:51:59] [Render thread/INFO]:   Is Qualifying    : true
[16:51:59] [Render thread/INFO]:   Max Price Cap    : $None (Cap Exceeded: false)
[16:51:59] [Render thread/INFO]:   Auto Buy         : true
[16:51:59] [Render thread/INFO]: [Best Deal Finder] Queue Step 1/1: Navigating to /ah hopper (Page 1, Slot 34)
[16:51:59] [Render thread/INFO]: [DONUT PROFIT/SCREEN] Screen Opened: Title = 'Auction (Page 1)' | Class = class_476
[16:52:00] [Render thread/WARN]: [Best Deal Finder] Listing at slot 34 modified (expected: hopper x47 @ $60000.0, found: hopper x16 @ $60000.0), purchase aborted!
[16:52:00] [Render thread/WARN]: [Best Deal Finder] Multi-buy chain ABORTED after 0/1 purchases. Reason: Listing details changed or item unavailable
[16:52:01] [Render thread/INFO]: [DONUT PROFIT/SCREEN] Screen Opened: Title = '' | Class = ProfitDetailsScreen
[16:52:03] [Render thread/INFO]: [DONUT PROFIT/SCREEN] Screen Opened: Title = 'Chat screen' | Class = class_408
[16:52:05] [Render thread/INFO]: [DONUT PROFIT/SCREEN] Screen Opened: Title = 'Auction (Page 1)' | Class = class_476
[16:52:07] [Render thread/INFO]: [DONUT PROFIT/SCREEN] Screen Opened: Title = 'Auction (Page 1)' | Class = class_476
[16:52:07] [Render thread/INFO]: [CHAT] You bought 8 Hoppers for $ 50K
[16:52:35] [Render thread/INFO]: [DONUT PROFIT/SCREEN] Screen Opened: Title = 'Barrel' | Class = class_476
[16:52:42] [Render thread/INFO]: [DONUT PROFIT/SCREEN] Screen Opened: Title = 'Barrel' | Class = class_476
[16:52:43] [Render thread/INFO]: [DONUT PROFIT/SCREEN] Screen Opened: Title = 'Chat screen' | Class = class_408
[16:52:44] [Render thread/INFO]: [DONUT PROFIT/SCREEN] Screen Opened: Title = 'Auction (Page 1)' | Class = class_476
[16:52:46] [Render thread/INFO]: [CHAT] This item was already bought
[16:52:46] [Render thread/INFO]: [DONUT PROFIT/SCREEN] Screen Opened: Title = 'Auction (Page 1)' | Class = class_476
[16:52:47] [Render thread/INFO]: [CHAT] This item was already bought
[16:52:47] [Render thread/INFO]: [DONUT PROFIT/SCREEN] Screen Opened: Title = 'Auction (Page 1)' | Class = class_476
[16:52:48] [Render thread/INFO]: [CHAT] You bought 64 Glass for $ 39.8K
[16:52:49] [Render thread/INFO]: [DONUT PROFIT/SCREEN] Screen Opened: Title = 'Auction (Page 1)' | Class = class_476
[16:53:09] [Render thread/INFO]: [DONUT PROFIT/SCREEN] Screen Opened: Title = 'Litematica v0.26.12' | Class = GuiMainMenu
[16:53:11] [Render thread/INFO]: [DONUT PROFIT/SCREEN] Screen Opened: Title = 'Litematica v0.26.12 => Manage Schematic Placements' | Class = GuiSchematicPlacementsList
[16:53:12] [Render thread/INFO]: [DONUT PROFIT/SCREEN] Screen Opened: Title = 'Litematica v0.26.12' | Class = GuiMainMenu
[16:53:12] [Render thread/INFO]: [DONUT PROFIT/SCREEN] Screen Opened: Title = 'Litematica v0.26.12 => Load Schematic' | Class = GuiSchematicLoad
[16:53:14] [Render thread/INFO]: Resizing Dynamic Transforms UBO, capacity limit of 32 reached during a single frame. New capacity will be 64.
[16:53:14] [Render thread/INFO]: [DONUT PROFIT/SCREEN] Screen Opened: Title = 'Litematica v0.26.12' | Class = GuiMainMenu
[16:53:14] [Render thread/INFO]: [DONUT PROFIT/SCREEN] Screen Opened: Title = 'Game Menu' | Class = class_433
[16:53:16] [Render thread/INFO]: [DONUT PROFIT/SCREEN] Screen Opened: Title = 'Litematica v0.26.12' | Class = GuiMainMenu
[16:53:18] [Render thread/INFO]: [DONUT PROFIT/SCREEN] Screen Opened: Title = 'Litematica v0.26.12 => Manage Schematic Placements' | Class = GuiSchematicPlacementsList
[16:53:19] [Render thread/INFO]: [DONUT PROFIT/SCREEN] Screen Opened: Title = 'Litematica v0.26.12 => Manage Schematic Placements => Configure Schematic placement' | Class = GuiPlacementConfiguration
[16:53:21] [Render thread/INFO]: [DONUT PROFIT/SCREEN] Screen Opened: Title = 'Litematica v0.26.12 => Manage Schematic Placements' | Class = GuiSchematicPlacementsList
[16:53:21] [Render thread/INFO]: [DONUT PROFIT/SCREEN] Screen Opened: Title = 'Litematica v0.26.12' | Class = GuiMainMenu
[16:53:22] [Render thread/INFO]: [DONUT PROFIT/SCREEN] Screen Opened: Title = 'Crafting' | Class = class_490
[16:53:22] [Render thread/INFO]: Resizing Dynamic Transforms UBO, capacity limit of 64 reached during a single frame. New capacity will be 128.
[16:53:38] [Render thread/INFO]: [DONUT PROFIT/SCREEN] Screen Opened: Title = 'Litematica v0.26.12' | Class = GuiMainMenu
[16:53:39] [Render thread/INFO]: [DONUT PROFIT/SCREEN] Screen Opened: Title = 'Litematica v0.26.12 => Manage loaded Schematics' | Class = GuiSchematicLoadedList
[16:53:40] [Render thread/INFO]: [DONUT PROFIT/SCREEN] Screen Opened: Title = 'Litematica v0.26.12' | Class = GuiMainMenu
[16:53:40] [Render thread/INFO]: [DONUT PROFIT/SCREEN] Screen Opened: Title = 'Litematica v0.26.12 => Manage Schematic Placements' | Class = GuiSchematicPlacementsList
[16:53:41] [Render thread/INFO]: [DONUT PROFIT/SCREEN] Screen Opened: Title = 'Litematica v0.26.12 => Manage Schematic Placements => Configure Schematic placement' | Class = GuiPlacementConfiguration
[16:53:53] [Render thread/INFO]: [DONUT PROFIT/SCREEN] Screen Opened: Title = 'Litematica v0.26.12 => Manage Schematic Placements' | Class = GuiSchematicPlacementsList
[16:53:54] [Render thread/INFO]: [DONUT PROFIT/SCREEN] Screen Opened: Title = 'Litematica v0.26.12' | Class = GuiMainMenu
[16:53:55] [Render thread/INFO]: Stopping worker threads
[16:53:55] [Render thread/INFO]: Started 10 worker threads
[16:53:55] [Render thread/INFO]: [CHAT] [Meteor] Toggled Freecam §aon.
[16:53:57] [Render thread/INFO]: Stopping worker threads
[16:53:57] [Render thread/INFO]: Started 10 worker threads
[16:53:57] [Render thread/INFO]: [CHAT] [Meteor] Toggled Freecam §coff.
[16:54:00] [Render thread/INFO]: [DONUT PROFIT/SCREEN] Screen Opened: Title = 'Litematica v0.26.12' | Class = GuiMainMenu
[16:54:01] [Render thread/INFO]: [DONUT PROFIT/SCREEN] Screen Opened: Title = 'Litematica v0.26.12 => Manage Schematic Placements' | Class = GuiSchematicPlacementsList
[16:54:02] [Render thread/INFO]: [DONUT PROFIT/SCREEN] Screen Opened: Title = 'Litematica v0.26.12' | Class = GuiMainMenu
[16:54:03] [Render thread/INFO]: [DONUT PROFIT/SCREEN] Screen Opened: Title = 'Litematica v0.26.12 => Load Schematic' | Class = GuiSchematicLoad
[16:54:04] [Render thread/INFO]: [DONUT PROFIT/SCREEN] Screen Opened: Title = 'Litematica v0.26.12' | Class = GuiMainMenu
[16:54:05] [Render thread/INFO]: [DONUT PROFIT/SCREEN] Screen Opened: Title = 'Game Menu' | Class = class_433
[16:54:07] [Render thread/INFO]: [DONUT PROFIT/SCREEN] Screen Opened: Title = 'Litematica v0.26.12' | Class = GuiMainMenu
[16:54:08] [Render thread/INFO]: [DONUT PROFIT/SCREEN] Screen Opened: Title = 'Litematica v0.26.12 => Manage Schematic Placements' | Class = GuiSchematicPlacementsList
[16:54:09] [Render thread/INFO]: [DONUT PROFIT/SCREEN] Screen Opened: Title = 'Litematica v0.26.12 => Manage Schematic Placements => Configure Schematic placement' | Class = GuiPlacementConfiguration
[16:54:10] [Render thread/INFO]: [DONUT PROFIT/SCREEN] Screen Opened: Title = 'Litematica v0.26.12 => Manage Schematic Placements' | Class = GuiSchematicPlacementsList
[16:54:10] [Render thread/INFO]: [CHAT] VELVETALLLL whispers to you: bone block prices are going down like crazy
[16:54:10] [Render thread/INFO]: [DONUT PROFIT/SCREEN] Screen Opened: Title = 'Litematica v0.26.12' | Class = GuiMainMenu
[16:54:43] [Render thread/INFO]: [DONUT PROFIT/SCREEN] Screen Opened: Title = 'Crafting' | Class = class_490
[16:54:46] [Render thread/INFO]: [DONUT PROFIT/SCREEN] Screen Opened: Title = 'Chat screen' | Class = class_408
[16:54:52] [Render thread/INFO]: [DONUT PROFIT/SCREEN] Screen Opened: Title = '' | Class = ProfitDetailsScreen
[16:54:53] [Render thread/INFO]: [DONUT PROFIT/SCREEN] Screen Opened: Title = '' | Class = ProfitDetailsScreen
[16:54:54] [Render thread/INFO]: [DONUT PROFIT/SCREEN] Screen Opened: Title = '' | Class = ProfitDetailsScreen
[16:54:55] [Render thread/INFO]: [Auto Flip] Running /order bone for item key: bone
[16:54:55] [Render thread/INFO]: [DONUT PROFIT/SCREEN] Screen Opened: Title = 'Orders (Page 1)' | Class = class_476
[16:54:55] [Render thread/INFO]: [DONUT PROFIT/STATUS] State Changed -> State: BROWSING_ORDERS | Item: '' | Price: $0.0/ea | Amount: 0 | Detail: 'Browsing Orders'
[16:54:56] [Render thread/INFO]: [Auto Flip] Paging forward for /order bone (Page 2, Total Matches: 0, Empty Pages After Match: 0)...
[16:54:56] [Render thread/INFO]: [DONUT PROFIT/SCREEN] Screen Opened: Title = 'Orders (Page 2)' | Class = class_476
[16:54:56] [Render thread/INFO]: [Auto Flip] Paging forward for /order bone (Page 3, Total Matches: 0, Empty Pages After Match: 0)...
[16:54:56] [Render thread/INFO]: [DONUT PROFIT/SCREEN] Screen Opened: Title = 'Orders (Page 3)' | Class = class_476
[16:54:56] [Render thread/INFO]: [Auto Flip] Finishing scan for /order bone after 3 pages. Total Matches: 35, Empty Pages After Match: 0
[16:54:56] [Render thread/INFO]: [Auto Flip] Summary for key 'bone':
[16:54:56] [Render thread/INFO]:   Raw Matches (35)       : [$119.00 (qty: 1), $118.00 (qty: 1), $117.20 (qty: 1), $117.00 (qty: 1), $116.00 (qty: 1), $115.10 (qty: 1), $115.00 (qty: 1), $115.00 (qty: 1), $115.00 (qty: 1), $114.10 (qty: 1), $114.00 (qty: 1), $114.00 (qty: 1), $113.50 (qty: 1), $113.50 (qty: 1), $113.00 (qty: 1), $111.20 (qty: 1), $111.10 (qty: 1), $111.10 (qty: 1), $111.00 (qty: 1), $111.00 (qty: 1), $111.00 (qty: 1), $111.00 (qty: 1), $110.60 (qty: 1), $110.60 (qty: 1), $110.02 (qty: 1), $110.01 (qty: 1), $110.01 (qty: 1), $110.00 (qty: 1), $110.00 (qty: 1), $110.00 (qty: 1), $110.00 (qty: 1), $110.00 (qty: 1), $110.00 (qty: 1), $110.00 (qty: 1), $110.00 (qty: 1)]
[16:54:56] [Render thread/INFO]:   Median Qty            : 1.0 (Cutoff >= 0.25)
[16:54:56] [Render thread/INFO]:   Outliers Dropped (0)  : []
[16:54:56] [Render thread/INFO]:   Filtered Set (35)      : [$119.00 (qty: 1), $118.00 (qty: 1), $117.20 (qty: 1), $117.00 (qty: 1), $116.00 (qty: 1), $115.10 (qty: 1), $115.00 (qty: 1), $115.00 (qty: 1), $115.00 (qty: 1), $114.10 (qty: 1), $114.00 (qty: 1), $114.00 (qty: 1), $113.50 (qty: 1), $113.50 (qty: 1), $113.00 (qty: 1), $111.20 (qty: 1), $111.10 (qty: 1), $111.10 (qty: 1), $111.00 (qty: 1), $111.00 (qty: 1), $111.00 (qty: 1), $111.00 (qty: 1), $110.60 (qty: 1), $110.60 (qty: 1), $110.02 (qty: 1), $110.01 (qty: 1), $110.01 (qty: 1), $110.00 (qty: 1), $110.00 (qty: 1), $110.00 (qty: 1), $110.00 (qty: 1), $110.00 (qty: 1), $110.00 (qty: 1), $110.00 (qty: 1), $110.00 (qty: 1)]
[16:54:56] [Render thread/INFO]:   Sort Order            : DESCENDING (Highest Buy Orders First)
[16:54:56] [Render thread/INFO]:   Top 3 Used (HIGHEST)  : [$119.00 (qty: 1), $118.00 (qty: 1), $117.20 (qty: 1)]
[16:54:56] [Render thread/INFO]:   Final Top-3 Avg Price : $118.07
[16:54:57] [Render thread/INFO]: [Auto Flip] Running /order bone_block for item key: bone_block
[16:54:57] [Render thread/INFO]: [DONUT PROFIT/STATUS] State Changed -> State: IDLE | Item: '' | Price: $0.0/ea | Amount: 0 | Detail: 'Idle'
[16:54:57] [Render thread/INFO]: [DONUT PROFIT/SCREEN] Screen Opened: Title = 'Orders (Page 1)' | Class = class_476
[16:54:57] [Render thread/INFO]: [DONUT PROFIT/STATUS] State Changed -> State: BROWSING_ORDERS | Item: '' | Price: $0.0/ea | Amount: 0 | Detail: 'Browsing Orders'
[16:54:58] [Render thread/INFO]: [Auto Flip] Finishing scan for /order bone_block after 1 pages. Total Matches: 45, Empty Pages After Match: 0
[16:54:58] [Render thread/INFO]: [Auto Flip] Summary for key 'bone_block':
[16:54:58] [Render thread/INFO]:   Raw Matches (45)       : [$379.00 (qty: 1), $378.01 (qty: 1), $378.00 (qty: 1), $376.10 (qty: 1), $376.00 (qty: 1), $376.00 (qty: 1), $375.00 (qty: 1), $371.00 (qty: 1), $371.00 (qty: 1), $370.00 (qty: 1), $367.00 (qty: 1), $366.00 (qty: 1), $362.20 (qty: 1), $360.00 (qty: 1), $360.00 (qty: 1), $360.00 (qty: 1), $358.40 (qty: 1), $358.20 (qty: 1), $357.00 (qty: 1), $356.50 (qty: 1), $356.10 (qty: 1), $356.10 (qty: 1), $356.00 (qty: 1), $350.20 (qty: 1), $350.10 (qty: 1), $350.00 (qty: 1), $350.00 (qty: 1), $350.00 (qty: 1), $350.00 (qty: 1), $350.00 (qty: 1), $350.00 (qty: 1), $345.00 (qty: 1), $343.00 (qty: 1), $340.00 (qty: 1), $340.00 (qty: 1), $338.00 (qty: 1), $330.00 (qty: 1), $330.00 (qty: 1), $320.00 (qty: 1), $312.50 (qty: 1), $311.10 (qty: 1), $310.00 (qty: 1), $310.00 (qty: 1), $310.00 (qty: 1), $310.00 (qty: 1)]
[16:54:58] [Render thread/INFO]:   Median Qty            : 1.0 (Cutoff >= 0.25)
[16:54:58] [Render thread/INFO]:   Outliers Dropped (0)  : []
[16:54:58] [Render thread/INFO]:   Filtered Set (45)      : [$379.00 (qty: 1), $378.01 (qty: 1), $378.00 (qty: 1), $376.10 (qty: 1), $376.00 (qty: 1), $376.00 (qty: 1), $375.00 (qty: 1), $371.00 (qty: 1), $371.00 (qty: 1), $370.00 (qty: 1), $367.00 (qty: 1), $366.00 (qty: 1), $362.20 (qty: 1), $360.00 (qty: 1), $360.00 (qty: 1), $360.00 (qty: 1), $358.40 (qty: 1), $358.20 (qty: 1), $357.00 (qty: 1), $356.50 (qty: 1), $356.10 (qty: 1), $356.10 (qty: 1), $356.00 (qty: 1), $350.20 (qty: 1), $350.10 (qty: 1), $350.00 (qty: 1), $350.00 (qty: 1), $350.00 (qty: 1), $350.00 (qty: 1), $350.00 (qty: 1), $350.00 (qty: 1), $345.00 (qty: 1), $343.00 (qty: 1), $340.00 (qty: 1), $340.00 (qty: 1), $338.00 (qty: 1), $330.00 (qty: 1), $330.00 (qty: 1), $320.00 (qty: 1), $312.50 (qty: 1), $311.10 (qty: 1), $310.00 (qty: 1), $310.00 (qty: 1), $310.00 (qty: 1), $310.00 (qty: 1)]
[16:54:58] [Render thread/INFO]:   Sort Order            : DESCENDING (Highest Buy Orders First)
[16:54:58] [Render thread/INFO]:   Top 3 Used (HIGHEST)  : [$379.00 (qty: 1), $378.01 (qty: 1), $378.00 (qty: 1)]
[16:54:58] [Render thread/INFO]:   Final Top-3 Avg Price : $378.34
[16:54:58] [Render thread/INFO]: [DONUT PROFIT/SCREEN] Screen Opened: Title = '' | Class = ProfitDetailsScreen
[16:55:02] [Render thread/INFO]: [DONUT PROFIT/STATUS] State Changed -> State: IDLE | Item: '' | Price: $0.0/ea | Amount: 0 | Detail: 'Idle'
[16:55:05] [Render thread/INFO]: [DONUT PROFIT/SCREEN] Screen Opened: Title = 'Chat screen' | Class = class_408
[16:55:08] [Render thread/INFO]: [DONUT PROFIT/SCREEN] Screen Opened: Title = 'Chat screen' | Class = class_408
[16:55:10] [Render thread/INFO]: [DONUT PROFIT/SCREEN] Screen Opened: Title = 'Auction (Page 1)' | Class = class_476
[16:55:11] [Render thread/INFO]: [DONUT PROFIT/SCREEN] Screen Opened: Title = 'Auction (Page 2)' | Class = class_476
[16:55:13] [Render thread/INFO]: [DONUT PROFIT/SCREEN] Screen Opened: Title = 'Auction (Page 2)' | Class = class_476
[16:55:13] [Render thread/INFO]: [CHAT] You bought 16 Oak Signs for $ 3.9K
[16:55:14] [Render thread/INFO]: [DONUT PROFIT/SCREEN] Screen Opened: Title = 'Edit Sign Message' | Class = class_498
[16:55:17] [Render thread/INFO]: [DONUT PROFIT/SCREEN] Screen Opened: Title = 'Edit Sign Message' | Class = class_498
[16:55:19] [Render thread/INFO]: [DONUT PROFIT/SCREEN] Screen Opened: Title = 'Edit Sign Message' | Class = class_498
[16:55:20] [Render thread/INFO]: [DONUT PROFIT/SCREEN] Screen Opened: Title = 'Edit Sign Message' | Class = class_498
[16:55:25] [Render thread/INFO]: [DONUT PROFIT/SCREEN] Screen Opened: Title = 'Edit Sign Message' | Class = class_498
[16:55:29] [Render thread/INFO]: [DONUT PROFIT/SCREEN] Screen Opened: Title = 'Edit Sign Message' | Class = class_498
[16:55:31] [Render thread/INFO]: [DONUT PROFIT/SCREEN] Screen Opened: Title = 'Edit Sign Message' | Class = class_498
[16:55:33] [Render thread/INFO]: [DONUT PROFIT/SCREEN] Screen Opened: Title = 'Chat screen' | Class = class_408
[16:55:35] [Render thread/INFO]: [DONUT PROFIT/SCREEN] Screen Opened: Title = 'Auction (Page 1)' | Class = class_476
[16:55:37] [Render thread/INFO]: [DONUT PROFIT/SCREEN] Screen Opened: Title = 'Auction (Page 2)' | Class = class_476
[16:55:38] [Render thread/INFO]: [DONUT PROFIT/SCREEN] Screen Opened: Title = 'Auction (Page 1)' | Class = class_476
[16:55:38] [Render thread/INFO]: [CHAT] You bought 1 Water Bucket for $ 2.8K
[16:55:38] [Render thread/INFO]: [DONUT PROFIT/SCREEN] Screen Opened: Title = 'Auction (Page 1)' | Class = class_476
[16:55:39] [Render thread/INFO]: [CHAT] You bought 1 Water Bucket for $ 5.5K
[16:55:39] [Render thread/INFO]: [DONUT PROFIT/SCREEN] Screen Opened: Title = 'Auction (Page 1)' | Class = class_476
[16:55:39] [Render thread/INFO]: [DONUT PROFIT/SCREEN] Screen Opened: Title = 'Auction (Page 1)' | Class = class_476
[16:55:39] [Render thread/INFO]: [CHAT] You bought 1 Water Bucket for $ 5.5K
[16:55:42] [Render thread/INFO]: [DONUT PROFIT/SCREEN] Screen Opened: Title = 'Crafting' | Class = class_490
[16:55:48] [Render thread/INFO]: [DONUT PROFIT/SCREEN] Screen Opened: Title = 'Crafting' | Class = class_490
[16:55:53] [Render thread/INFO]: [DONUT PROFIT/SCREEN] Screen Opened: Title = 'Chat screen' | Class = class_408
[16:55:54] [Render thread/INFO]: [DONUT PROFIT/SCREEN] Screen Opened: Title = 'Auction (Page 1)' | Class = class_476
[16:55:55] [Render thread/INFO]: [CHAT] This item was already bought
[16:55:55] [Render thread/INFO]: [DONUT PROFIT/SCREEN] Screen Opened: Title = 'Auction (Page 1)' | Class = class_476
[16:55:55] [Render thread/INFO]: [CHAT] This item was already bought
[16:55:56] [Render thread/INFO]: [DONUT PROFIT/SCREEN] Screen Opened: Title = 'Auction (Page 1)' | Class = class_476
[16:55:56] [Render thread/INFO]: [DONUT PROFIT/SCREEN] Screen Opened: Title = 'Auction (Page 1)' | Class = class_476
[16:55:56] [Render thread/INFO]: [CHAT] You bought 1 Water Bucket for $ 2K
[16:55:56] [Render thread/INFO]: [CHAT] This item was already bought
[16:55:56] [Render thread/INFO]: [DONUT PROFIT/SCREEN] Screen Opened: Title = 'Auction (Page 1)' | Class = class_476
[16:55:56] [Render thread/INFO]: [DONUT PROFIT/SCREEN] Screen Opened: Title = 'Auction (Page 1)' | Class = class_476
[16:55:56] [Render thread/INFO]: [CHAT] You bought 1 Water Bucket for $ 2K
[16:55:56] [Render thread/INFO]: [CHAT] This item was already bought
[16:55:56] [Render thread/INFO]: [DONUT PROFIT/SCREEN] Screen Opened: Title = 'Auction (Page 1)' | Class = class_476
[16:55:57] [Render thread/INFO]: [CHAT] This item was already bought
[16:55:57] [Render thread/INFO]: [DONUT PROFIT/SCREEN] Screen Opened: Title = 'Auction (Page 1)' | Class = class_476
[16:55:57] [Render thread/INFO]: [CHAT] This item was already bought
[16:55:57] [Render thread/INFO]: [DONUT PROFIT/SCREEN] Screen Opened: Title = 'Auction (Page 1)' | Class = class_476
[16:55:57] [Render thread/INFO]: [CHAT] You bought 1 Water Bucket for $ 5.8K
[16:55:57] [Render thread/INFO]: [DONUT PROFIT/SCREEN] Screen Opened: Title = 'Auction (Page 1)' | Class = class_476
[16:55:57] [Render thread/INFO]: [CHAT] You bought 1 Water Bucket for $ 5.8K
[16:55:58] [Render thread/INFO]: [DONUT PROFIT/SCREEN] Screen Opened: Title = 'Auction (Page 1)' | Class = class_476
[16:55:58] [Render thread/INFO]: [DONUT PROFIT/SCREEN] Screen Opened: Title = 'Crafting' | Class = class_490
[16:56:02] [Render thread/INFO]: [DONUT PROFIT/SCREEN] Screen Opened: Title = 'Crafting' | Class = class_490
[16:56:05] [Render thread/INFO]: [DONUT PROFIT/SCREEN] Screen Opened: Title = 'Chat screen' | Class = class_408
[16:56:06] [Render thread/INFO]: [DONUT PROFIT/SCREEN] Screen Opened: Title = 'Auction (Page 1)' | Class = class_476
[16:56:08] [Render thread/INFO]: [DONUT PROFIT/SCREEN] Screen Opened: Title = 'Chat screen' | Class = class_408
[16:56:11] [Render thread/INFO]: [DONUT PROFIT/SCREEN] Screen Opened: Title = 'Auction (Page 1)' | Class = class_476
[16:56:13] [Render thread/INFO]: [CHAT] You bought 64 Andesite Stairs for $ 44.4K
[16:56:13] [Render thread/INFO]: [DONUT PROFIT/SCREEN] Screen Opened: Title = 'Auction (Page 1)' | Class = class_476
[16:56:16] [Render thread/INFO]: [DONUT PROFIT/SCREEN] Screen Opened: Title = 'Crafting' | Class = class_490
[16:56:17] [Render thread/INFO]: [DONUT PROFIT/SCREEN] Screen Opened: Title = 'Crafting' | Class = class_490
[16:56:20] [Render thread/INFO]: [DONUT PROFIT/SCREEN] Screen Opened: Title = 'Crafting' | Class = class_490
[16:56:30] [Render thread/INFO]: [DONUT PROFIT/SCREEN] Screen Opened: Title = 'Crafting' | Class = class_490
[16:56:33] [Render thread/INFO]: [DONUT PROFIT/SCREEN] Screen Opened: Title = 'Crafting' | Class = class_490
[16:56:34] [Render thread/INFO]: [DONUT PROFIT/SCREEN] Screen Opened: Title = 'Chat screen' | Class = class_408
[16:56:36] [Render thread/INFO]: [DONUT PROFIT/SCREEN] Screen Opened: Title = 'Auction (Page 1)' | Class = class_476
[16:56:40] [Render thread/INFO]: [DONUT PROFIT/SCREEN] Screen Opened: Title = 'Auction (Page 1)' | Class = class_476
[16:56:40] [Render thread/INFO]: [CHAT] You bought 16 Spruce Trapdoors for $ 39K
[16:56:42] [Render thread/INFO]: [DONUT PROFIT/SCREEN] Screen Opened: Title = 'Crafting' | Class = class_490
[16:57:27] [Render thread/INFO]: [DONUT PROFIT/SCREEN] Screen Opened: Title = 'Chat screen' | Class = class_408
[16:57:35] [Render thread/INFO]: [CHAT] You whisper to VELVETALLLL: kelp is profitable alot tho
[16:57:38] [Render thread/INFO]: [DONUT PROFIT/SCREEN] Screen Opened: Title = '' | Class = ProfitDetailsScreen
[16:57:40] [Render thread/INFO]: [DONUT PROFIT/SCREEN] Screen Opened: Title = '' | Class = ProfitDetailsScreen
[16:57:40] [Render thread/INFO]: [DONUT PROFIT/SCREEN] Screen Opened: Title = '' | Class = ProfitDetailsScreen
[16:57:41] [Render thread/INFO]: [Auto Flip] Running /order kelp for item key: kelp
[16:57:42] [Render thread/INFO]: [DONUT PROFIT/SCREEN] Screen Opened: Title = 'Orders (Page 1)' | Class = class_476
[16:57:42] [Render thread/INFO]: [DONUT PROFIT/STATUS] State Changed -> State: BROWSING_ORDERS | Item: '' | Price: $0.0/ea | Amount: 0 | Detail: 'Browsing Orders'
[16:57:42] [Render thread/INFO]: [Auto Flip] Finishing scan for /order kelp after 1 pages. Total Matches: 18, Empty Pages After Match: 0
[16:57:42] [Render thread/INFO]: [Auto Flip] Summary for key 'raw_kelp':
[16:57:42] [Render thread/INFO]:   Raw Matches (12)       : [$47.51 (qty: 1), $47.50 (qty: 1), $47.32 (qty: 1), $47.11 (qty: 1), $47.10 (qty: 1), $47.00 (qty: 1), $46.40 (qty: 1), $46.30 (qty: 1), $46.29 (qty: 1), $45.10 (qty: 1), $45.00 (qty: 1), $43.00 (qty: 1)]
[16:57:42] [Render thread/INFO]:   Median Qty            : 1.0 (Cutoff >= 0.25)
[16:57:42] [Render thread/INFO]:   Outliers Dropped (0)  : []
[16:57:42] [Render thread/INFO]:   Filtered Set (12)      : [$47.51 (qty: 1), $47.50 (qty: 1), $47.32 (qty: 1), $47.11 (qty: 1), $47.10 (qty: 1), $47.00 (qty: 1), $46.40 (qty: 1), $46.30 (qty: 1), $46.29 (qty: 1), $45.10 (qty: 1), $45.00 (qty: 1), $43.00 (qty: 1)]
[16:57:42] [Render thread/INFO]:   Sort Order            : DESCENDING (Highest Buy Orders First)
[16:57:42] [Render thread/INFO]:   Top 3 Used (HIGHEST)  : [$47.51 (qty: 1), $47.50 (qty: 1), $47.32 (qty: 1)]
[16:57:42] [Render thread/INFO]:   Final Top-3 Avg Price : $47.44
[16:57:42] [Render thread/INFO]: [Auto Flip] Summary for key 'dried_kelp':
[16:57:42] [Render thread/INFO]:   Raw Matches (15)       : [$82.00 (qty: 1), $81.50 (qty: 1), $81.20 (qty: 1), $81.20 (qty: 1), $81.10 (qty: 1), $81.00 (qty: 1), $80.00 (qty: 1), $80.00 (qty: 1), $80.00 (qty: 1), $75.11 (qty: 1), $75.00 (qty: 1), $71.50 (qty: 1), $67.00 (qty: 1), $51.00 (qty: 1), $50.00 (qty: 1)]
[16:57:42] [Render thread/INFO]:   Median Qty            : 1.0 (Cutoff >= 0.25)
[16:57:42] [Render thread/INFO]:   Outliers Dropped (0)  : []
[16:57:42] [Render thread/INFO]:   Filtered Set (15)      : [$82.00 (qty: 1), $81.50 (qty: 1), $81.20 (qty: 1), $81.20 (qty: 1), $81.10 (qty: 1), $81.00 (qty: 1), $80.00 (qty: 1), $80.00 (qty: 1), $80.00 (qty: 1), $75.11 (qty: 1), $75.00 (qty: 1), $71.50 (qty: 1), $67.00 (qty: 1), $51.00 (qty: 1), $50.00 (qty: 1)]
[16:57:42] [Render thread/INFO]:   Sort Order            : DESCENDING (Highest Buy Orders First)
[16:57:42] [Render thread/INFO]:   Top 3 Used (HIGHEST)  : [$82.00 (qty: 1), $81.50 (qty: 1), $81.20 (qty: 1)]
[16:57:42] [Render thread/INFO]:   Final Top-3 Avg Price : $81.57
[16:57:42] [Render thread/INFO]: [Auto Flip] Summary for key 'dried_kelp_block':
[16:57:42] [Render thread/INFO]:   Raw Matches (18)       : [$748.51 (qty: 1), $747.60 (qty: 1), $747.55 (qty: 1), $747.30 (qty: 1), $745.20 (qty: 1), $745.00 (qty: 1), $744.00 (qty: 1), $740.00 (qty: 1), $740.00 (qty: 1), $720.00 (qty: 1), $700.00 (qty: 1), $600.01 (qty: 1), $500.00 (qty: 1), $500.00 (qty: 1), $450.00 (qty: 1), $350.00 (qty: 1), $300.00 (qty: 1), $250.00 (qty: 1)]
[16:57:42] [Render thread/INFO]:   Median Qty            : 1.0 (Cutoff >= 0.25)
[16:57:42] [Render thread/INFO]:   Outliers Dropped (0)  : []
[16:57:42] [Render thread/INFO]:   Filtered Set (18)      : [$748.51 (qty: 1), $747.60 (qty: 1), $747.55 (qty: 1), $747.30 (qty: 1), $745.20 (qty: 1), $745.00 (qty: 1), $744.00 (qty: 1), $740.00 (qty: 1), $740.00 (qty: 1), $720.00 (qty: 1), $700.00 (qty: 1), $600.01 (qty: 1), $500.00 (qty: 1), $500.00 (qty: 1), $450.00 (qty: 1), $350.00 (qty: 1), $300.00 (qty: 1), $250.00 (qty: 1)]
[16:57:42] [Render thread/INFO]:   Sort Order            : DESCENDING (Highest Buy Orders First)
[16:57:42] [Render thread/INFO]:   Top 3 Used (HIGHEST)  : [$748.51 (qty: 1), $747.60 (qty: 1), $747.55 (qty: 1)]
[16:57:42] [Render thread/INFO]:   Final Top-3 Avg Price : $747.89
[16:57:43] [Render thread/INFO]: [Auto Flip] Running /order charcoal for item key: charcoal
[16:57:43] [Render thread/INFO]: [DONUT PROFIT/STATUS] State Changed -> State: IDLE | Item: '' | Price: $0.0/ea | Amount: 0 | Detail: 'Idle'
[16:57:43] [Render thread/INFO]: [DONUT PROFIT/SCREEN] Screen Opened: Title = 'Orders (Page 1)' | Class = class_476
[16:57:43] [Render thread/INFO]: [DONUT PROFIT/STATUS] State Changed -> State: BROWSING_ORDERS | Item: '' | Price: $0.0/ea | Amount: 0 | Detail: 'Browsing Orders'
[16:57:43] [Render thread/INFO]: [Auto Flip] Finishing scan for /order charcoal after 1 pages. Total Matches: 45, Empty Pages After Match: 0
[16:57:43] [Render thread/INFO]: [Auto Flip] Summary for key 'charcoal':
[16:57:43] [Render thread/INFO]:   Raw Matches (45)       : [$136.01 (qty: 1), $136.00 (qty: 1), $135.00 (qty: 1), $134.00 (qty: 1), $131.20 (qty: 1), $131.01 (qty: 1), $130.00 (qty: 1), $128.20 (qty: 1), $128.01 (qty: 1), $128.00 (qty: 1), $127.00 (qty: 1), $125.00 (qty: 1), $120.00 (qty: 1), $120.00 (qty: 1), $120.00 (qty: 1), $120.00 (qty: 1), $120.00 (qty: 1), $120.00 (qty: 1), $118.10 (qty: 1), $118.01 (qty: 1), $117.09 (qty: 1), $115.00 (qty: 1), $111.00 (qty: 1), $110.00 (qty: 1), $110.00 (qty: 1), $109.00 (qty: 1), $107.00 (qty: 1), $105.00 (qty: 1), $103.00 (qty: 1), $100.10 (qty: 1), $100.00 (qty: 1), $100.00 (qty: 1), $100.00 (qty: 1), $100.00 (qty: 1), $97.00 (qty: 1), $96.00 (qty: 1), $95.11 (qty: 1), $94.00 (qty: 1), $91.00 (qty: 1), $91.00 (qty: 1), $90.00 (qty: 1), $90.00 (qty: 1), $89.00 (qty: 1), $88.00 (qty: 1), $87.00 (qty: 1)]
[16:57:43] [Render thread/INFO]:   Median Qty            : 1.0 (Cutoff >= 0.25)
[16:57:43] [Render thread/INFO]:   Outliers Dropped (0)  : []
[16:57:43] [Render thread/INFO]:   Filtered Set (45)      : [$136.01 (qty: 1), $136.00 (qty: 1), $135.00 (qty: 1), $134.00 (qty: 1), $131.20 (qty: 1), $131.01 (qty: 1), $130.00 (qty: 1), $128.20 (qty: 1), $128.01 (qty: 1), $128.00 (qty: 1), $127.00 (qty: 1), $125.00 (qty: 1), $120.00 (qty: 1), $120.00 (qty: 1), $120.00 (qty: 1), $120.00 (qty: 1), $120.00 (qty: 1), $120.00 (qty: 1), $118.10 (qty: 1), $118.01 (qty: 1), $117.09 (qty: 1), $115.00 (qty: 1), $111.00 (qty: 1), $110.00 (qty: 1), $110.00 (qty: 1), $109.00 (qty: 1), $107.00 (qty: 1), $105.00 (qty: 1), $103.00 (qty: 1), $100.10 (qty: 1), $100.00 (qty: 1), $100.00 (qty: 1), $100.00 (qty: 1), $100.00 (qty: 1), $97.00 (qty: 1), $96.00 (qty: 1), $95.11 (qty: 1), $94.00 (qty: 1), $91.00 (qty: 1), $91.00 (qty: 1), $90.00 (qty: 1), $90.00 (qty: 1), $89.00 (qty: 1), $88.00 (qty: 1), $87.00 (qty: 1)]
[16:57:43] [Render thread/INFO]:   Sort Order            : DESCENDING (Highest Buy Orders First)
[16:57:43] [Render thread/INFO]:   Top 3 Used (HIGHEST)  : [$136.01 (qty: 1), $136.00 (qty: 1), $135.00 (qty: 1)]
[16:57:43] [Render thread/INFO]:   Final Top-3 Avg Price : $135.67
[16:57:43] [Render thread/INFO]: [DONUT PROFIT/SCREEN] Screen Opened: Title = '' | Class = ProfitDetailsScreen
[16:57:46] [Render thread/INFO]: [DONUT PROFIT/STATUS] State Changed -> State: IDLE | Item: '' | Price: $0.0/ea | Amount: 0 | Detail: 'Idle'
[16:57:46] [Render thread/INFO]: [DONUT PROFIT/SCREEN] Screen Opened: Title = 'Chat screen' | Class = class_408
[16:57:50] [Render thread/INFO]: [DONUT PROFIT/SCREEN] Screen Opened: Title = 'Game Menu' | Class = class_433
[16:57:50] [Render thread/INFO]: [DONUT PROFIT/SCREEN] Screen Opened: Title = '' | Class = ProfitDetailsScreen
[16:57:51] [Render thread/INFO]: [DONUT PROFIT/SCREEN] Screen Opened: Title = 'Chat screen' | Class = class_408
[16:58:04] [Render thread/INFO]: [CHAT] You whisper to VELVETALLLL: 20% unsmelted, almost 300% smelted
[16:58:25] [Render thread/INFO]: [DONUT PROFIT/SCREEN] Screen Opened: Title = 'Crafting' | Class = class_490
[16:58:48] [Render thread/INFO]: [DONUT PROFIT/SCREEN] Screen Opened: Title = 'Game Menu' | Class = class_433
[16:58:51] [Render thread/INFO]: [DONUT PROFIT/SCREEN] Screen Opened: Title = 'Crafting' | Class = class_490
[16:58:58] [Render thread/INFO]: [DONUT PROFIT/SCREEN] Screen Opened: Title = 'Litematica v0.26.12' | Class = GuiMainMenu
[16:58:59] [Render thread/INFO]: [DONUT PROFIT/SCREEN] Screen Opened: Title = 'Litematica v0.26.12 => Manage Schematic Placements' | Class = GuiSchematicPlacementsList
[16:59:00] [Render thread/INFO]: [DONUT PROFIT/SCREEN] Screen Opened: Title = 'Litematica v0.26.12' | Class = GuiMainMenu
[16:59:01] [Render thread/INFO]: [DONUT PROFIT/SCREEN] Screen Opened: Title = 'Crafting' | Class = class_490
[16:59:03] [Render thread/INFO]: [DONUT PROFIT/SCREEN] Screen Opened: Title = 'Crafting' | Class = class_490
[16:59:24] [Render thread/INFO]: [DONUT PROFIT/SCREEN] Screen Opened: Title = 'Chat screen' | Class = class_408
[16:59:26] [Render thread/INFO]: [DONUT PROFIT/SCREEN] Screen Opened: Title = 'Orders (Page 1)' | Class = class_476
[16:59:26] [Render thread/INFO]: [DONUT PROFIT/STATUS] State Changed -> State: BROWSING_ORDERS | Item: '' | Price: $0.0/ea | Amount: 0 | Detail: 'Browsing Orders'
[16:59:26] [Render thread/INFO]: [DONUT PROFIT/CLICK] User selected order listing slot #51: '' @ $0.0/ea
[16:59:27] [Render thread/INFO]: [DONUT PROFIT/SCREEN] Screen Opened: Title = 'Orders -> Your Orders' | Class = class_476
[16:59:27] [Render thread/INFO]: [DONUT PROFIT/STATUS] State Changed -> State: CREATING_BUY_ORDER | Item: '' | Price: $0.0/ea | Amount: 0 | Detail: 'orders -> your orders'
[16:59:27] [Render thread/INFO]: [DONUT PROFIT/LISTING] Parsed listing price: 'Oak Logs' @ $150.0/ea
[16:59:27] [Render thread/INFO]: [DONUT PROFIT/CLICK] User selected order listing slot #0: 'Oak Logs' @ $150.0/ea
[16:59:28] [Render thread/INFO]: [DONUT PROFIT/SCREEN] Screen Opened: Title = 'Orders -> Edit Order' | Class = class_476
[16:59:28] [Render thread/INFO]: [DONUT PROFIT/STATUS] State Changed -> State: BROWSING_ORDERS | Item: 'Oak Logs' | Price: $150.0/ea | Amount: 0 | Detail: 'Browsing Orders'
[16:59:28] [Render thread/INFO]: [DONUT PROFIT/SCREEN] Screen Opened: Title = 'Orders -> Collect Items' | Class = class_476
[16:59:37] [Render thread/INFO]: [DONUT PROFIT/STATUS] State Changed -> State: IDLE | Item: '' | Price: $0.0/ea | Amount: 0 | Detail: 'Idle'
[16:59:38] [Render thread/INFO]: [DONUT PROFIT/SCREEN] Screen Opened: Title = 'Crafting' | Class = class_490
[16:59:42] [Render thread/INFO]: [DONUT PROFIT/SCREEN] Screen Opened: Title = 'Item Hopper' | Class = class_488
[16:59:43] [Render thread/INFO]: [DONUT PROFIT/SCREEN] Screen Opened: Title = 'Crafting' | Class = class_490
[16:59:58] [Render thread/INFO]: [DONUT PROFIT/SCREEN] Screen Opened: Title = 'Large Chest' | Class = class_476
[17:00:00] [Render thread/INFO]: [CHAT] You earned 1 Shard for playing the server
[17:00:07] [Render thread/INFO]: [DONUT PROFIT/SCREEN] Screen Opened: Title = 'Crafting' | Class = class_490
[17:00:09] [Render thread/INFO]: [DONUT PROFIT/SCREEN] Screen Opened: Title = 'Item Hopper' | Class = class_488
[17:00:14] [Render thread/INFO]: [DONUT PROFIT/SCREEN] Screen Opened: Title = 'Barrel' | Class = class_476
[17:04:05] [Render thread/INFO]: [DONUT PROFIT/SCREEN] Screen Opened: Title = 'Large Chest' | Class = class_476
[17:04:06] [Render thread/INFO]: [DONUT PROFIT/SCREEN] Screen Opened: Title = 'Large Chest' | Class = class_476
[17:04:07] [Render thread/INFO]: [DONUT PROFIT/SCREEN] Screen Opened: Title = 'Barrel' | Class = class_476
[17:04:08] [Render thread/INFO]: [DONUT PROFIT/SCREEN] Screen Opened: Title = 'Barrel' | Class = class_476
[17:04:09] [Render thread/INFO]: [DONUT PROFIT/SCREEN] Screen Opened: Title = 'Item Hopper' | Class = class_488
[17:04:10] [Render thread/INFO]: [DONUT PROFIT/SCREEN] Screen Opened: Title = 'Item Hopper' | Class = class_488
[17:04:12] [Render thread/INFO]: [DONUT PROFIT/SCREEN] Screen Opened: Title = 'Large Chest' | Class = class_476
[17:04:14] [Render thread/INFO]: [DONUT PROFIT/SCREEN] Screen Opened: Title = 'Crafter' | Class = class_8898
[17:04:15] [Render thread/INFO]: [DONUT PROFIT/SCREEN] Screen Opened: Title = 'Crafter' | Class = class_8898
[17:04:15] [Render thread/INFO]: [DONUT PROFIT/SCREEN] Screen Opened: Title = 'Large Chest' | Class = class_476
[17:04:16] [Render thread/INFO]: [DONUT PROFIT/SCREEN] Screen Opened: Title = 'Item Hopper' | Class = class_488
[17:04:17] [Render thread/INFO]: [DONUT PROFIT/SCREEN] Screen Opened: Title = 'Item Hopper' | Class = class_488
[17:04:18] [Render thread/INFO]: [DONUT PROFIT/SCREEN] Screen Opened: Title = 'Item Hopper' | Class = class_488
[17:04:20] [Render thread/INFO]: [DONUT PROFIT/SCREEN] Screen Opened: Title = 'Item Hopper' | Class = class_488
[17:04:23] [Render thread/INFO]: [DONUT PROFIT/SCREEN] Screen Opened: Title = 'Chat screen' | Class = class_408
[17:04:24] [Render thread/INFO]: [DONUT PROFIT/SCREEN] Screen Opened: Title = 'Orders (Page 1)' | Class = class_476
[17:04:24] [Render thread/INFO]: [DONUT PROFIT/STATUS] State Changed -> State: BROWSING_ORDERS | Item: 'Oak Logs' | Price: $150.0/ea | Amount: 0 | Detail: 'Browsing Orders'
[17:04:26] [Render thread/INFO]: [DONUT PROFIT/CLICK] User selected order listing slot #51: 'Oak Logs' @ $150.0/ea
[17:04:26] [Render thread/INFO]: [DONUT PROFIT/SCREEN] Screen Opened: Title = 'Orders -> Your Orders' | Class = class_476
[17:04:26] [Render thread/INFO]: [DONUT PROFIT/STATUS] State Changed -> State: CREATING_BUY_ORDER | Item: 'Oak Logs' | Price: $0.0/ea | Amount: 0 | Detail: 'orders -> your orders'
[17:04:26] [Render thread/INFO]: [DONUT PROFIT/STATUS] State Changed -> State: IDLE | Item: '' | Price: $0.0/ea | Amount: 0 | Detail: 'Idle'
[17:04:27] [Render thread/INFO]: [DONUT PROFIT/SCREEN] Screen Opened: Title = 'Orders (Page 1)' | Class = class_476
[17:04:27] [Render thread/INFO]: [DONUT PROFIT/STATUS] State Changed -> State: BROWSING_ORDERS | Item: 'Oak Logs' | Price: $150.0/ea | Amount: 0 | Detail: 'Browsing Orders'
[17:04:27] [Render thread/INFO]: [DONUT PROFIT/STATUS] State Changed -> State: IDLE | Item: '' | Price: $0.0/ea | Amount: 0 | Detail: 'Idle'
[17:04:27] [Render thread/INFO]: [DONUT PROFIT/SCREEN] Screen Opened: Title = 'Chat screen' | Class = class_408
[17:04:39] [Render thread/INFO]: [DONUT PROFIT/SCREEN] Screen Opened: Title = 'Large Chest' | Class = class_476
[17:04:44] [Render thread/INFO]: [DONUT PROFIT/SCREEN] Screen Opened: Title = 'Large Chest' | Class = class_476
[17:04:47] [Render thread/INFO]: [DONUT PROFIT/SCREEN] Screen Opened: Title = 'Large Chest' | Class = class_476
[17:05:13] [Render thread/INFO]: [DONUT PROFIT/SCREEN] Screen Opened: Title = 'Crafting' | Class = class_490
[17:05:16] [Render thread/INFO]: [DONUT PROFIT/SCREEN] Screen Opened: Title = 'Large Chest' | Class = class_476
[17:05:38] [Render thread/INFO]: [DONUT PROFIT/SCREEN] Screen Opened: Title = 'Large Chest' | Class = class_476
[17:05:41] [Render thread/INFO]: [DONUT PROFIT/SCREEN] Screen Opened: Title = 'Large Chest' | Class = class_476
[17:05:45] [Render thread/INFO]: [DONUT PROFIT/SCREEN] Screen Opened: Title = 'Barrel' | Class = class_476
[17:05:46] [Render thread/INFO]: [DONUT PROFIT/SCREEN] Screen Opened: Title = 'Barrel' | Class = class_476
[17:05:49] [Render thread/INFO]: [DONUT PROFIT/SCREEN] Screen Opened: Title = 'Barrel' | Class = class_476
[17:05:50] [Render thread/INFO]: [DONUT PROFIT/SCREEN] Screen Opened: Title = 'Barrel' | Class = class_476
[17:05:53] [Render thread/INFO]: [DONUT PROFIT/SCREEN] Screen Opened: Title = 'Item Hopper' | Class = class_488
[17:05:55] [Render thread/INFO]: [DONUT PROFIT/SCREEN] Screen Opened: Title = 'Item Hopper' | Class = class_488
[17:06:00] [Render thread/INFO]: [DONUT PROFIT/SCREEN] Screen Opened: Title = 'Barrel' | Class = class_476
[17:06:01] [Render thread/INFO]: [DONUT PROFIT/SCREEN] Screen Opened: Title = 'Barrel' | Class = class_476
[17:06:05] [Render thread/INFO]: [DONUT PROFIT/SCREEN] Screen Opened: Title = 'Item Hopper' | Class = class_488
[17:06:09] [Render thread/INFO]: [DONUT PROFIT/SCREEN] Screen Opened: Title = 'Barrel' | Class = class_476
[17:06:10] [Render thread/INFO]: [DONUT PROFIT/SCREEN] Screen Opened: Title = 'Item Hopper' | Class = class_488
[17:06:12] [Render thread/INFO]: [DONUT PROFIT/SCREEN] Screen Opened: Title = 'Item Hopper' | Class = class_488
[17:06:15] [Render thread/INFO]: [DONUT PROFIT/SCREEN] Screen Opened: Title = 'Large Chest' | Class = class_476
[17:06:21] [Render thread/INFO]: [DONUT PROFIT/SCREEN] Screen Opened: Title = 'Large Chest' | Class = class_476
[17:06:21] [Render thread/INFO]: [DONUT PROFIT/SCREEN] Screen Opened: Title = 'Crafter' | Class = class_8898
[17:06:27] [Render thread/INFO]: [DONUT PROFIT/SCREEN] Screen Opened: Title = 'Crafter' | Class = class_8898
[17:06:30] [Render thread/INFO]: [DONUT PROFIT/SCREEN] Screen Opened: Title = 'Large Chest' | Class = class_476
[17:06:32] [Render thread/INFO]: [DONUT PROFIT/SCREEN] Screen Opened: Title = 'Crafter' | Class = class_8898
[17:06:35] [Render thread/INFO]: [DONUT PROFIT/SCREEN] Screen Opened: Title = 'Large Chest' | Class = class_476
[17:06:40] [Render thread/INFO]: [DONUT PROFIT/SCREEN] Screen Opened: Title = 'Chat screen' | Class = class_408
[17:06:42] [Render thread/INFO]: [DONUT PROFIT/SCREEN] Screen Opened: Title = 'Orders (Page 1)' | Class = class_476
[17:06:42] [Render thread/INFO]: [DONUT PROFIT/STATUS] State Changed -> State: BROWSING_ORDERS | Item: 'Oak Logs' | Price: $150.0/ea | Amount: 0 | Detail: 'Browsing Orders'
[17:06:42] [Render thread/INFO]: [DONUT PROFIT/STATUS] State Changed -> State: IDLE | Item: '' | Price: $0.0/ea | Amount: 0 | Detail: 'Idle'
[17:06:43] [Render thread/INFO]: [DONUT PROFIT/SCREEN] Screen Opened: Title = 'Chat screen' | Class = class_408
[17:06:44] [Render thread/INFO]: [DONUT PROFIT/SCREEN] Screen Opened: Title = 'Auction (Page 1)' | Class = class_476
[17:06:52] [Render thread/INFO]: [DONUT PROFIT/SCREEN] Screen Opened: Title = '' | Class = ProfitDetailsScreen
[17:06:59] [Render thread/INFO]: [Best Deal Finder] Starting search: /ah trapdoor (Target Qty: 64, Max Price: $None, Auto Buy: true)
[17:06:59] [Render thread/INFO]: [DONUT PROFIT/SCREEN] Screen Opened: Title = 'Auction (Page 1)' | Class = class_476
[17:06:59] [Render thread/INFO]: [Best Deal Finder] Paging forward for /ah trapdoor (Page 2, Qualifying Matches: 0)...
[17:07:00] [Render thread/INFO]: [DONUT PROFIT/SCREEN] Screen Opened: Title = 'Auction (Page 2)' | Class = class_476
[17:07:00] [Render thread/INFO]: [Best Deal Finder] Finishing scan after 2 pages. Total Matches: 90, Qualifying Matches: 18
[17:07:00] [Render thread/INFO]: [Best Deal Finder] Filtered out scam listing: Mangrove Trapdoor x1 @ $65000.00/ea (Baseline median: $7000.00)
[17:07:00] [Render thread/INFO]: [Best Deal Finder] Filtered out scam listing: Mangrove Trapdoor x1 @ $65000.00/ea (Baseline median: $7000.00)
[17:07:00] [Render thread/INFO]: [Best Deal Finder] Filtered out scam listing: Mangrove Trapdoor x1 @ $65000.00/ea (Baseline median: $7000.00)
[17:07:00] [Render thread/INFO]: [Best Deal Finder] Filtered out scam listing: Mangrove Trapdoor x1 @ $65000.00/ea (Baseline median: $7000.00)
[17:07:00] [Render thread/INFO]: [Best Deal Finder] Filtered out scam listing: Mangrove Trapdoor x1 @ $65000.00/ea (Baseline median: $7000.00)
[17:07:00] [Render thread/INFO]: [Best Deal Finder] Filtered out scam listing: Mangrove Trapdoor x1 @ $65000.00/ea (Baseline median: $7000.00)
[17:07:00] [Render thread/INFO]: [Best Deal Finder] Filtered out scam listing: Mangrove Trapdoor x1 @ $65000.00/ea (Baseline median: $7000.00)
[17:07:00] [Render thread/INFO]: [Best Deal Finder] Filtered out scam listing: Mangrove Trapdoor x1 @ $65000.00/ea (Baseline median: $7000.00)
[17:07:00] [Render thread/INFO]: [Best Deal Finder] Filtered out scam listing: Mangrove Trapdoor x1 @ $65000.00/ea (Baseline median: $7000.00)
[17:07:00] [Render thread/INFO]: [Best Deal Finder] Filtered out scam listing: Mangrove Trapdoor x1 @ $65000.00/ea (Baseline median: $7000.00)
[17:07:00] [Render thread/INFO]: [Best Deal Finder] Filtered out scam listing: Mangrove Trapdoor x1 @ $65000.00/ea (Baseline median: $7000.00)
[17:07:00] [Render thread/INFO]: [Best Deal Finder] Filtered out scam listing: Mangrove Trapdoor x1 @ $65000.00/ea (Baseline median: $7000.00)
[17:07:00] [Render thread/INFO]: [Best Deal Finder] Filtered out scam listing: Mangrove Trapdoor x1 @ $65000.00/ea (Baseline median: $7000.00)
[17:07:00] [Render thread/INFO]: [Best Deal Finder] Filtered out scam listing: Mangrove Trapdoor x1 @ $65000.00/ea (Baseline median: $7000.00)
[17:07:00] [Render thread/INFO]: [Best Deal Finder] Search Complete:
[17:07:00] [Render thread/INFO]:   Item Name        : Spruce Trapdoor
[17:07:00] [Render thread/INFO]:   Summary          : Single Listing (64x)
[17:07:00] [Render thread/INFO]:   Effective $/Unit : $390.63
[17:07:00] [Render thread/INFO]:   Combined Cost    : $25000.00
[17:07:00] [Render thread/INFO]:   Combined Qty     : 64 (Requested: 64)
[17:07:00] [Render thread/INFO]:   Is Qualifying    : true
[17:07:00] [Render thread/INFO]:   Max Price Cap    : $None (Cap Exceeded: false)
[17:07:00] [Render thread/INFO]:   Auto Buy         : true
[17:07:00] [Render thread/INFO]: [Best Deal Finder] Queue Step 1/1: Navigating to /ah trapdoor (Page 2, Slot 6)
[17:07:00] [Render thread/INFO]: [DONUT PROFIT/SCREEN] Screen Opened: Title = 'Auction (Page 1)' | Class = class_476
[17:07:01] [Render thread/INFO]: [DONUT PROFIT/SCREEN] Screen Opened: Title = 'Auction (Page 2)' | Class = class_476
[17:07:01] [Render thread/WARN]: [Best Deal Finder] Listing at slot 6 modified (expected: spruce_trapdoor x64 @ $25000.0, found: spruce_trapdoor x1 @ $10000.0), purchase aborted!
[17:07:01] [Render thread/WARN]: [Best Deal Finder] Multi-buy chain ABORTED after 0/1 purchases. Reason: Listing details changed or item unavailable
[17:07:06] [Render thread/INFO]: [DONUT PROFIT/SCREEN] Screen Opened: Title = '' | Class = ProfitDetailsScreen
[17:07:09] [Render thread/INFO]: [Best Deal Finder] Starting search: /ah trapdoor (Target Qty: 64, Max Price: $None, Auto Buy: false)
[17:07:09] [Render thread/INFO]: [DONUT PROFIT/SCREEN] Screen Opened: Title = 'Auction (Page 1)' | Class = class_476
[17:07:10] [Render thread/INFO]: [Best Deal Finder] Paging forward for /ah trapdoor (Page 2, Qualifying Matches: 0)...
[17:07:10] [Render thread/INFO]: [DONUT PROFIT/SCREEN] Screen Opened: Title = 'Auction (Page 2)' | Class = class_476
[17:07:10] [Render thread/INFO]: [Best Deal Finder] Finishing scan after 2 pages. Total Matches: 90, Qualifying Matches: 19
[17:07:10] [Render thread/INFO]: [Best Deal Finder] Filtered out scam listing: Mangrove Trapdoor x1 @ $65000.00/ea (Baseline median: $7000.00)
[17:07:10] [Render thread/INFO]: [Best Deal Finder] Filtered out scam listing: Mangrove Trapdoor x1 @ $65000.00/ea (Baseline median: $7000.00)
[17:07:10] [Render thread/INFO]: [Best Deal Finder] Filtered out scam listing: Mangrove Trapdoor x1 @ $65000.00/ea (Baseline median: $7000.00)
[17:07:10] [Render thread/INFO]: [Best Deal Finder] Filtered out scam listing: Mangrove Trapdoor x1 @ $65000.00/ea (Baseline median: $7000.00)
[17:07:10] [Render thread/INFO]: [Best Deal Finder] Filtered out scam listing: Mangrove Trapdoor x1 @ $65000.00/ea (Baseline median: $7000.00)
[17:07:10] [Render thread/INFO]: [Best Deal Finder] Search Complete:
[17:07:10] [Render thread/INFO]:   Item Name        : Spruce Trapdoor
[17:07:10] [Render thread/INFO]:   Summary          : Single Listing (64x)
[17:07:10] [Render thread/INFO]:   Effective $/Unit : $390.63
[17:07:10] [Render thread/INFO]:   Combined Cost    : $25000.00
[17:07:10] [Render thread/INFO]:   Combined Qty     : 64 (Requested: 64)
[17:07:10] [Render thread/INFO]:   Is Qualifying    : true
[17:07:10] [Render thread/INFO]:   Max Price Cap    : $None (Cap Exceeded: false)
[17:07:10] [Render thread/INFO]:   Auto Buy         : false
[17:07:10] [Render thread/INFO]: [DONUT PROFIT/SCREEN] Screen Opened: Title = '' | Class = ProfitDetailsScreen
[17:07:19] [Render thread/INFO]: [DONUT PROFIT/SCREEN] Screen Opened: Title = '' | Class = ProfitDetailsScreen
[17:07:20] [Render thread/INFO]: [DONUT PROFIT/SCREEN] Screen Opened: Title = '' | Class = ProfitDetailsScreen
[17:07:21] [Render thread/INFO]: [Auto Flip] Running /order oak log for item key: oak_log
[17:07:21] [Render thread/INFO]: [DONUT PROFIT/SCREEN] Screen Opened: Title = 'Orders (Page 1)' | Class = class_476
[17:07:21] [Render thread/INFO]: [DONUT PROFIT/STATUS] State Changed -> State: BROWSING_ORDERS | Item: 'Oak Logs' | Price: $150.0/ea | Amount: 0 | Detail: 'Browsing Orders'
[17:07:21] [Render thread/INFO]: [Auto Flip] Finishing scan for /order oak log after 1 pages. Total Matches: 45, Empty Pages After Match: 0
[17:07:21] [Render thread/INFO]: [Auto Flip] Summary for key 'oak_log':
[17:07:21] [Render thread/INFO]:   Raw Matches (45)       : [$250.00 (qty: 1), $250.00 (qty: 1), $180.00 (qty: 1), $175.00 (qty: 1), $170.00 (qty: 1), $165.00 (qty: 1), $153.10 (qty: 1), $152.00 (qty: 1), $151.00 (qty: 1), $150.00 (qty: 1), $142.00 (qty: 1), $130.00 (qty: 1), $129.10 (qty: 1), $129.00 (qty: 1), $125.00 (qty: 1), $120.00 (qty: 1), $118.00 (qty: 1), $117.00 (qty: 1), $116.00 (qty: 1), $110.00 (qty: 1), $105.00 (qty: 1), $100.00 (qty: 1), $100.00 (qty: 1), $100.00 (qty: 1), $100.00 (qty: 1), $100.00 (qty: 1), $100.00 (qty: 1), $100.00 (qty: 1), $100.00 (qty: 1), $100.00 (qty: 1), $100.00 (qty: 1), $100.00 (qty: 1), $100.00 (qty: 1), $100.00 (qty: 1), $95.00 (qty: 1), $90.00 (qty: 1), $90.00 (qty: 1), $90.00 (qty: 1), $90.00 (qty: 1), $81.01 (qty: 1), $81.00 (qty: 1), $80.00 (qty: 1), $80.00 (qty: 1), $80.00 (qty: 1), $80.00 (qty: 1)]
[17:07:21] [Render thread/INFO]:   Median Qty            : 1.0 (Cutoff >= 0.25)
[17:07:21] [Render thread/INFO]:   Outliers Dropped (0)  : []
[17:07:21] [Render thread/INFO]:   Filtered Set (45)      : [$250.00 (qty: 1), $250.00 (qty: 1), $180.00 (qty: 1), $175.00 (qty: 1), $170.00 (qty: 1), $165.00 (qty: 1), $153.10 (qty: 1), $152.00 (qty: 1), $151.00 (qty: 1), $150.00 (qty: 1), $142.00 (qty: 1), $130.00 (qty: 1), $129.10 (qty: 1), $129.00 (qty: 1), $125.00 (qty: 1), $120.00 (qty: 1), $118.00 (qty: 1), $117.00 (qty: 1), $116.00 (qty: 1), $110.00 (qty: 1), $105.00 (qty: 1), $100.00 (qty: 1), $100.00 (qty: 1), $100.00 (qty: 1), $100.00 (qty: 1), $100.00 (qty: 1), $100.00 (qty: 1), $100.00 (qty: 1), $100.00 (qty: 1), $100.00 (qty: 1), $100.00 (qty: 1), $100.00 (qty: 1), $100.00 (qty: 1), $100.00 (qty: 1), $95.00 (qty: 1), $90.00 (qty: 1), $90.00 (qty: 1), $90.00 (qty: 1), $90.00 (qty: 1), $81.01 (qty: 1), $81.00 (qty: 1), $80.00 (qty: 1), $80.00 (qty: 1), $80.00 (qty: 1), $80.00 (qty: 1)]
[17:07:21] [Render thread/INFO]:   Sort Order            : DESCENDING (Highest Buy Orders First)
[17:07:21] [Render thread/INFO]:   Top 3 Used (HIGHEST)  : [$250.00 (qty: 1), $250.00 (qty: 1), $180.00 (qty: 1)]
[17:07:21] [Render thread/INFO]:   Final Top-3 Avg Price : $226.67
[17:07:22] [Render thread/INFO]: [Auto Flip] Running /ah trapdoor for item key: ah_trapdoor_64
[17:07:22] [Render thread/INFO]: [DONUT PROFIT/STATUS] State Changed -> State: IDLE | Item: '' | Price: $0.0/ea | Amount: 0 | Detail: 'Idle'
[17:07:22] [Render thread/INFO]: [DONUT PROFIT/SCREEN] Screen Opened: Title = 'Auction (Page 1)' | Class = class_476
[17:07:22] [Render thread/INFO]: [Auto Flip] Paging forward for /ah trapdoor (Page 2, Total Matches: 0, Empty Pages After Match: 0)...
[17:07:23] [Render thread/INFO]: [DONUT PROFIT/SCREEN] Screen Opened: Title = 'Auction (Page 2)' | Class = class_476
[17:07:23] [Render thread/INFO]: [Auto Flip] Finishing scan for /ah trapdoor after 2 pages. Total Matches: 23, Empty Pages After Match: 0
[17:07:23] [Render thread/INFO]: [Auto Flip] Summary for 64x Trapdoor Baseline:
[17:07:23] [Render thread/INFO]:   Matched 64x Listings (23) : [$390.63 (qty: 64), $390.63 (qty: 64), $390.63 (qty: 64), $390.63 (qty: 64), $390.63 (qty: 64), $390.63 (qty: 64), $390.63 (qty: 64), $390.63 (qty: 64), $390.63 (qty: 64), $390.63 (qty: 64), $390.63 (qty: 64), $390.63 (qty: 64), $390.63 (qty: 64), $390.63 (qty: 64), $390.63 (qty: 64), $390.63 (qty: 64), $390.63 (qty: 64), $390.63 (qty: 64), $390.63 (qty: 64), $390.63 (qty: 64), $390.63 (qty: 64), $390.63 (qty: 64), $390.63 (qty: 64)]
[17:07:23] [Render thread/INFO]:   Baseline Price/Unit       : $390.63
[17:07:23] [Render thread/INFO]: [Auto Flip] Running /ah trapdoor for item key: ah_trapdoor_page1
[17:07:23] [Render thread/INFO]: [DONUT PROFIT/SCREEN] Screen Opened: Title = 'Auction (Page 1)' | Class = class_476
[17:07:24] [Render thread/INFO]: [Auto Flip] Summary for Trapdoor Page 1 Ceiling:
[17:07:24] [Render thread/INFO]:   Page 1 Listings (45)      : [$5000.00 (qty: 1), $5000.00 (qty: 1), $5000.00 (qty: 1), $5000.00 (qty: 1), $5000.00 (qty: 1), $5000.00 (qty: 1), $5000.00 (qty: 1), $5000.00 (qty: 1), $5000.00 (qty: 1), $5000.00 (qty: 1), $5000.00 (qty: 1), $5000.00 (qty: 1), $5000.00 (qty: 1), $5000.00 (qty: 1), $5000.00 (qty: 1), $6000.00 (qty: 1), $6000.00 (qty: 1), $7000.00 (qty: 1), $7000.00 (qty: 1), $7000.00 (qty: 1), $7000.00 (qty: 1), $7000.00 (qty: 1), $7000.00 (qty: 1), $7000.00 (qty: 1), $7000.00 (qty: 1), $7000.00 (qty: 1), $7000.00 (qty: 1), $7000.00 (qty: 1), $7000.00 (qty: 1), $7000.00 (qty: 1), $7000.00 (qty: 1), $7000.00 (qty: 1), $7000.00 (qty: 1), $7000.00 (qty: 1), $7000.00 (qty: 1), $10000.00 (qty: 1), $10000.00 (qty: 1), $10000.00 (qty: 1), $10000.00 (qty: 1), $10000.00 (qty: 1), $10000.00 (qty: 1), $10000.00 (qty: 1), $10000.00 (qty: 1), $10000.00 (qty: 1), $10000.00 (qty: 1)]
[17:07:24] [Render thread/INFO]:   Page 1 Max Ceiling Total  : $10000.00
[17:07:24] [Render thread/INFO]: [Auto Flip] Suggested stack size: 16x (Total Ask: $7856.00, Ceiling: $10000.00)
[17:07:24] [Render thread/INFO]: [DONUT PROFIT/SCREEN] Screen Opened: Title = '' | Class = ProfitDetailsScreen
[17:07:55] [Render thread/INFO]: [DONUT PROFIT/SCREEN] Screen Opened: Title = 'Large Chest' | Class = class_476
[17:08:01] [Render thread/INFO]: [DONUT PROFIT/SCREEN] Screen Opened: Title = 'Chat screen' | Class = class_408
[17:08:05] [Render thread/INFO]: [DONUT PROFIT/SCREEN] Screen Opened: Title = 'Chat screen' | Class = class_408
[17:08:07] [Render thread/INFO]: [DONUT PROFIT/SCREEN] Screen Opened: Title = 'Chat screen' | Class = class_408
[17:08:08] [Render thread/INFO]: [DONUT PROFIT/SCREEN] Screen Opened: Title = 'Game Menu' | Class = class_433
[17:08:09] [Render thread/INFO]: [DONUT PROFIT/SCREEN] Screen Opened: Title = 'Modules' | Class = ModulesScreen
[17:08:10] [Render thread/INFO]: [DONUT PROFIT/SCREEN] Screen Opened: Title = 'Ah Sell' | Class = ModuleScreen
[17:08:11] [Render thread/INFO]: [CHAT] [Meteor] [Ah Sell] Bound to Grave Accent.
[17:08:15] [Render thread/INFO]: [DONUT PROFIT/SCREEN] Screen Opened: Title = 'Modules' | Class = ModulesScreen
[17:08:15] [Render thread/INFO]: [CHAT] [Meteor] [Ah Sell] Sending /ah sell 8.50K for slot 0
[17:08:15] [Render thread/INFO]: [CHAT] [Meteor] Toggled Ah Sell §aon.
[17:08:15] [Render thread/INFO]: [CHAT] [Meteor] Toggled Ah Sell §coff.
[17:08:15] [Render thread/INFO]: [CHAT] You listed 16 Oak Trapdoor for $ 8.5K
[17:08:15] [Render thread/INFO]: [CHAT] [Meteor] [Ah Sell] Sending /ah sell 8.50K for slot 1
[17:08:15] [Render thread/INFO]: [CHAT] [Meteor] Toggled Ah Sell §aon.
[17:08:15] [Render thread/INFO]: [CHAT] [Meteor] Toggled Ah Sell §coff.
[17:08:16] [Render thread/INFO]: [CHAT] You listed 16 Oak Trapdoor for $ 8.5K
[17:08:16] [Render thread/INFO]: [CHAT] [Meteor] [Ah Sell] Sending /ah sell 8.50K for slot 2
[17:08:16] [Render thread/INFO]: [CHAT] [Meteor] Toggled Ah Sell §aon.
[17:08:16] [Render thread/INFO]: [CHAT] [Meteor] Toggled Ah Sell §coff.
[17:08:16] [Render thread/INFO]: [CHAT] You listed 16 Oak Trapdoor for $ 8.5K
[17:08:16] [Render thread/INFO]: [CHAT] [Meteor] [Ah Sell] Sending /ah sell 8.50K for slot 3
[17:08:16] [Render thread/INFO]: [CHAT] [Meteor] Toggled Ah Sell §aon.
[17:08:16] [Render thread/INFO]: [CHAT] [Meteor] Toggled Ah Sell §coff.
[17:08:16] [Render thread/INFO]: [CHAT] You listed 16 Oak Trapdoor for $ 8.5K
[17:08:16] [Render thread/INFO]: [CHAT] [Meteor] [Ah Sell] Sending /ah sell 8.50K for slot 4
[17:08:16] [Render thread/INFO]: [CHAT] [Meteor] Toggled Ah Sell §aon.
[17:08:16] [Render thread/INFO]: [CHAT] [Meteor] Toggled Ah Sell §coff.
[17:08:16] [Render thread/INFO]: [CHAT] You listed 16 Oak Trapdoor for $ 8.5K
[17:08:17] [Render thread/INFO]: [CHAT] [Meteor] [Ah Sell] Sending /ah sell 8.50K for slot 5
[17:08:17] [Render thread/INFO]: [CHAT] [Meteor] Toggled Ah Sell §aon.
[17:08:17] [Render thread/INFO]: [CHAT] [Meteor] Toggled Ah Sell §coff.
[17:08:17] [Render thread/INFO]: [CHAT] You listed 16 Oak Trapdoor for $ 8.5K
[17:08:17] [Render thread/INFO]: [CHAT] [Meteor] [Ah Sell] Sending /ah sell 8.50K for slot 6
[17:08:17] [Render thread/INFO]: [CHAT] [Meteor] Toggled Ah Sell §aon.
[17:08:17] [Render thread/INFO]: [CHAT] [Meteor] Toggled Ah Sell §coff.
[17:08:17] [Render thread/INFO]: [CHAT] You listed 16 Oak Trapdoor for $ 8.5K
[17:08:17] [Render thread/INFO]: [CHAT] [Meteor] [Ah Sell] Sending /ah sell 8.50K for slot 7
[17:08:17] [Render thread/INFO]: [CHAT] [Meteor] Toggled Ah Sell §aon.
[17:08:17] [Render thread/INFO]: [CHAT] [Meteor] Toggled Ah Sell §coff.
[17:08:17] [Render thread/INFO]: [CHAT] You listed 16 Oak Trapdoor for $ 8.5K
[17:08:18] [Render thread/INFO]: [DONUT PROFIT/SCREEN] Screen Opened: Title = 'Chat screen' | Class = class_408
[17:08:20] [Render thread/INFO]: [DONUT PROFIT/SCREEN] Screen Opened: Title = 'Auction (Page 1)' | Class = class_476
[17:08:22] [Render thread/INFO]: [DONUT PROFIT/SCREEN] Screen Opened: Title = 'Auction (Page 2)' | Class = class_476
[17:08:23] [Render thread/INFO]: [DONUT PROFIT/SCREEN] Screen Opened: Title = 'Auction (Page 1)' | Class = class_476
[17:08:25] [Render thread/INFO]: [CHAT] amou_Karma bought your Oak Trapdoor for $8.5K
[17:08:26] [Render thread/INFO]: [CHAT] amou_Karma bought your Oak Trapdoor for $8.5K
[17:08:27] [Render thread/INFO]: [DONUT PROFIT/SCREEN] Screen Opened: Title = 'Large Chest' | Class = class_476
[17:08:35] [Render thread/INFO]: [CHAT] [Meteor] [Ah Sell] Sending /ah sell 8.50K for slot 0
[17:08:35] [Render thread/INFO]: [CHAT] [Meteor] Toggled Ah Sell §aon.
[17:08:35] [Render thread/INFO]: [CHAT] [Meteor] Toggled Ah Sell §coff.
[17:08:35] [Render thread/INFO]: [CHAT] You listed 16 Oak Trapdoor for $ 8.5K
[17:08:36] [Render thread/INFO]: [CHAT] [Meteor] [Ah Sell] Sending /ah sell 8.50K for slot 1
[17:08:36] [Render thread/INFO]: [CHAT] [Meteor] Toggled Ah Sell §aon.
[17:08:36] [Render thread/INFO]: [CHAT] [Meteor] Toggled Ah Sell §coff.
[17:08:36] [Render thread/INFO]: [CHAT] You listed 16 Oak Trapdoor for $ 8.5K
[17:08:36] [Render thread/INFO]: [CHAT] [Meteor] [Ah Sell] Sending /ah sell 8.50K for slot 2
[17:08:36] [Render thread/INFO]: [CHAT] [Meteor] Toggled Ah Sell §aon.
[17:08:36] [Render thread/INFO]: [CHAT] [Meteor] Toggled Ah Sell §coff.
[17:08:36] [Render thread/INFO]: [CHAT] You listed 16 Oak Trapdoor for $ 8.5K
[17:08:37] [Render thread/INFO]: [CHAT] [Meteor] [Ah Sell] Sending /ah sell 8.50K for slot 2
[17:08:37] [Render thread/INFO]: [CHAT] [Meteor] Toggled Ah Sell §aon.
[17:08:37] [Render thread/INFO]: [CHAT] [Meteor] Toggled Ah Sell §coff.
[17:08:37] [Render thread/INFO]: [CHAT] You listed 16 Oak Trapdoor for $ 8.5K
[17:08:37] [Render thread/INFO]: [CHAT] [Meteor] [Ah Sell] Sending /ah sell 8.50K for slot 4
[17:08:37] [Render thread/INFO]: [CHAT] [Meteor] Toggled Ah Sell §aon.
[17:08:37] [Render thread/INFO]: [CHAT] [Meteor] Toggled Ah Sell §coff.
[17:08:37] [Render thread/INFO]: [CHAT] You listed 16 Oak Trapdoor for $ 8.5K
[17:08:37] [Render thread/INFO]: [CHAT] [Meteor] [Ah Sell] Sending /ah sell 8.50K for slot 5
[17:08:37] [Render thread/INFO]: [CHAT] [Meteor] Toggled Ah Sell §aon.
[17:08:37] [Render thread/INFO]: [CHAT] [Meteor] Toggled Ah Sell §coff.
[17:08:38] [Render thread/INFO]: [CHAT] You listed 16 Oak Trapdoor for $ 8.5K
[17:08:38] [Render thread/INFO]: [CHAT] [Meteor] [Ah Sell] Sending /ah sell 8.50K for slot 6
[17:08:38] [Render thread/INFO]: [CHAT] [Meteor] Toggled Ah Sell §aon.
[17:08:38] [Render thread/INFO]: [CHAT] [Meteor] Toggled Ah Sell §coff.
[17:08:38] [Render thread/INFO]: [CHAT] You listed 16 Oak Trapdoor for $ 8.5K
[17:08:38] [Render thread/INFO]: [CHAT] [Meteor] [Ah Sell] Sending /ah sell 8.50K for slot 7
[17:08:38] [Render thread/INFO]: [CHAT] [Meteor] Toggled Ah Sell §aon.
[17:08:38] [Render thread/INFO]: [CHAT] [Meteor] Toggled Ah Sell §coff.
[17:08:38] [Render thread/INFO]: [CHAT] You listed 16 Oak Trapdoor for $ 8.5K
[17:08:39] [Render thread/INFO]: [DONUT PROFIT/SCREEN] Screen Opened: Title = 'Large Chest' | Class = class_476
[17:08:41] [Render thread/INFO]: [DONUT PROFIT/SCREEN] Screen Opened: Title = 'Chat screen' | Class = class_408
[17:08:42] [Render thread/INFO]: [DONUT PROFIT/SCREEN] Screen Opened: Title = 'Auction (Page 1)' | Class = class_476
[17:08:43] [Render thread/INFO]: [DONUT PROFIT/SCREEN] Screen Opened: Title = 'Auction (Page 2)' | Class = class_476
[17:08:45] [Render thread/INFO]: [DONUT PROFIT/SCREEN] Screen Opened: Title = 'Auction (Page 3)' | Class = class_476
[17:08:50] [Render thread/INFO]: [DONUT PROFIT/SCREEN] Screen Opened: Title = 'Auction (Page 2)' | Class = class_476
[17:08:51] [Render thread/INFO]: [CHAT] You bought 64 Spruce Trapdoors for $ 25K
[17:08:51] [Render thread/INFO]: [DONUT PROFIT/SCREEN] Screen Opened: Title = 'Auction (Page 2)' | Class = class_476
[17:08:51] [Render thread/INFO]: [CHAT] You bought 64 Spruce Trapdoors for $ 25K
[17:08:51] [Render thread/INFO]: [DONUT PROFIT/SCREEN] Screen Opened: Title = 'Auction (Page 2)' | Class = class_476
[17:08:51] [Render thread/INFO]: [CHAT] You bought 64 Spruce Trapdoors for $ 25K
[17:08:51] [Render thread/INFO]: [DONUT PROFIT/SCREEN] Screen Opened: Title = 'Auction (Page 2)' | Class = class_476
[17:08:51] [Render thread/INFO]: [CHAT] You bought 64 Spruce Trapdoors for $ 25K
[17:08:51] [Render thread/INFO]: [DONUT PROFIT/SCREEN] Screen Opened: Title = 'Auction (Page 2)' | Class = class_476
[17:08:51] [Render thread/INFO]: [CHAT] You bought 64 Spruce Trapdoors for $ 25K
[17:08:52] [Render thread/INFO]: [DONUT PROFIT/SCREEN] Screen Opened: Title = 'Auction (Page 2)' | Class = class_476
[17:08:52] [Render thread/INFO]: [CHAT] You bought 64 Spruce Trapdoors for $ 25K
[17:08:52] [Render thread/INFO]: [DONUT PROFIT/SCREEN] Screen Opened: Title = 'Auction (Page 2)' | Class = class_476
[17:08:52] [Render thread/INFO]: [CHAT] You bought 64 Spruce Trapdoors for $ 25K
[17:08:52] [Render thread/INFO]: [DONUT PROFIT/SCREEN] Screen Opened: Title = 'Auction (Page 2)' | Class = class_476
[17:08:52] [Render thread/INFO]: [CHAT] You bought 64 Spruce Trapdoors for $ 25K
[17:08:52] [Render thread/INFO]: [DONUT PROFIT/SCREEN] Screen Opened: Title = 'Auction (Page 2)' | Class = class_476
[17:08:52] [Render thread/INFO]: [CHAT] You bought 64 Spruce Trapdoors for $ 25K
[17:08:52] [Render thread/INFO]: [DONUT PROFIT/SCREEN] Screen Opened: Title = 'Auction (Page 2)' | Class = class_476
[17:08:52] [Render thread/INFO]: [CHAT] You don't have enough money for this
[17:08:52] [Render thread/INFO]: [CHAT] You don't have enough money for this
[17:08:53] [Render thread/INFO]: [CHAT] You don't have enough money for this
[17:08:55] [Render thread/INFO]: [DONUT PROFIT/SCREEN] Screen Opened: Title = 'Crafting' | Class = class_490
[17:09:00] [Render thread/INFO]: [DONUT PROFIT/SCREEN] Screen Opened: Title = 'Large Chest' | Class = class_476
[17:09:01] [Render thread/INFO]: [DONUT PROFIT/SCREEN] Screen Opened: Title = 'Crafting' | Class = class_490
[17:10:00] [Render thread/INFO]: [CHAT] You earned 1 Shard for playing the server
[17:10:05] [Render thread/INFO]: [CHAT] Jxrdan_13 bought your Oak Trapdoor for $8.5K
[17:10:08] [Render thread/INFO]: [DONUT PROFIT/SCREEN] Screen Opened: Title = 'Crafting' | Class = class_490
[17:10:08] [Render thread/INFO]: [DONUT PROFIT/SCREEN] Screen Opened: Title = 'Chat screen' | Class = class_408
[17:10:10] [Render thread/INFO]: [DONUT PROFIT/SCREEN] Screen Opened: Title = 'Chat screen' | Class = class_408
[17:10:11] [Render thread/INFO]: [DONUT PROFIT/SCREEN] Screen Opened: Title = 'Auction (Page 1)' | Class = class_476
[17:10:12] [Render thread/INFO]: [DONUT PROFIT/SCREEN] Screen Opened: Title = 'Auction -> Your Items' | Class = class_476
[17:10:13] [Render thread/INFO]: [DONUT PROFIT/SCREEN] Screen Opened: Title = 'Auction (Page 1)' | Class = class_476
[17:10:14] [Render thread/INFO]: [DONUT PROFIT/SCREEN] Screen Opened: Title = 'Chat screen' | Class = class_408
[17:10:14] [Render thread/INFO]: [DONUT PROFIT/SCREEN] Screen Opened: Title = 'Auction (Page 1)' | Class = class_476
[17:10:16] [Render thread/INFO]: [DONUT PROFIT/SCREEN] Screen Opened: Title = 'Auction (Page 2)' | Class = class_476
[17:10:17] [Render thread/INFO]: [DONUT PROFIT/SCREEN] Screen Opened: Title = 'Auction (Page 1)' | Class = class_476
[17:10:19] [Render thread/INFO]: [DONUT PROFIT/SCREEN] Screen Opened: Title = 'Auction -> Your Items' | Class = class_476
[17:10:20] [Render thread/INFO]: [CHAT] You collected your item
[17:10:20] [Render thread/INFO]: [DONUT PROFIT/SCREEN] Screen Opened: Title = 'Auction -> Your Items' | Class = class_476
[17:10:20] [Render thread/INFO]: [CHAT] You collected your item
[17:10:20] [Render thread/INFO]: [DONUT PROFIT/SCREEN] Screen Opened: Title = 'Auction -> Your Items' | Class = class_476
[17:10:20] [Render thread/INFO]: [CHAT] You collected your item
[17:10:20] [Render thread/INFO]: [DONUT PROFIT/SCREEN] Screen Opened: Title = 'Auction -> Your Items' | Class = class_476
[17:10:20] [Render thread/INFO]: [CHAT] You collected your item
[17:10:20] [Render thread/INFO]: [DONUT PROFIT/SCREEN] Screen Opened: Title = 'Auction -> Your Items' | Class = class_476
[17:10:20] [Render thread/INFO]: [CHAT] You collected your item
[17:10:20] [Render thread/INFO]: [DONUT PROFIT/SCREEN] Screen Opened: Title = 'Auction -> Your Items' | Class = class_476
[17:10:20] [Render thread/INFO]: [CHAT] You collected your item
[17:10:21] [Render thread/INFO]: [DONUT PROFIT/SCREEN] Screen Opened: Title = 'Auction -> Your Items' | Class = class_476
[17:10:21] [Render thread/INFO]: [CHAT] You collected your item
[17:10:21] [Render thread/INFO]: [DONUT PROFIT/SCREEN] Screen Opened: Title = 'Auction -> Your Items' | Class = class_476
[17:10:21] [Render thread/INFO]: [CHAT] You collected your item
[17:10:21] [Render thread/INFO]: [DONUT PROFIT/SCREEN] Screen Opened: Title = 'Auction -> Your Items' | Class = class_476
[17:10:21] [Render thread/INFO]: [CHAT] You collected your item
[17:10:21] [Render thread/INFO]: [DONUT PROFIT/SCREEN] Screen Opened: Title = 'Auction -> Your Items' | Class = class_476
[17:10:22] [Render thread/INFO]: [CHAT] You collected your item
[17:10:22] [Render thread/INFO]: [DONUT PROFIT/SCREEN] Screen Opened: Title = 'Auction -> Your Items' | Class = class_476
[17:10:22] [Render thread/INFO]: [CHAT] You collected your item
[17:10:22] [Render thread/INFO]: [DONUT PROFIT/SCREEN] Screen Opened: Title = 'Auction -> Your Items' | Class = class_476
[17:10:22] [Render thread/INFO]: [CHAT] You collected your item
[17:10:22] [Render thread/INFO]: [DONUT PROFIT/SCREEN] Screen Opened: Title = 'Auction -> Your Items' | Class = class_476
[17:10:22] [Render thread/INFO]: [CHAT] saud11222 bought your Oak Trapdoor for $8.5K
[17:10:22] [Render thread/INFO]: [CHAT] This item was already bought
[17:10:22] [Render thread/INFO]: [CHAT] This item was already bought
[17:10:22] [Render thread/INFO]: [CHAT] This item was already bought
[17:10:23] [Render thread/INFO]: [DONUT PROFIT/SCREEN] Screen Opened: Title = 'Crafting' | Class = class_490
[17:10:23] [Render thread/INFO]: [DONUT PROFIT/SCREEN] Screen Opened: Title = 'Auction (Page 1)' | Class = class_476
[17:10:25] [Render thread/INFO]: [DONUT PROFIT/SCREEN] Screen Opened: Title = 'Auction (Page 2)' | Class = class_476
[17:10:26] [Render thread/INFO]: [DONUT PROFIT/SCREEN] Screen Opened: Title = 'Crafting' | Class = class_490
[17:10:42] [Render thread/INFO]: [DONUT PROFIT/SCREEN] Screen Opened: Title = 'Chat screen' | Class = class_408
[17:10:49] [Render thread/INFO]: [DONUT PROFIT/SCREEN] Screen Opened: Title = 'Modules' | Class = ModulesScreen
[17:10:50] [Render thread/INFO]: [DONUT PROFIT/SCREEN] Screen Opened: Title = 'Admin List' | Class = ModuleScreen
[17:10:50] [Render thread/INFO]: [DONUT PROFIT/SCREEN] Screen Opened: Title = 'Modules' | Class = ModulesScreen
[17:10:52] [Render thread/INFO]: [DONUT PROFIT/SCREEN] Screen Opened: Title = 'Ah Sell' | Class = ModuleScreen
[17:10:55] [Render thread/INFO]: [DONUT PROFIT/SCREEN] Screen Opened: Title = 'Modules' | Class = ModulesScreen
[17:10:55] [Render thread/INFO]: [CHAT] [Meteor] [Ah Sell] Sending /ah sell 4.50K for slot 0
[17:10:55] [Render thread/INFO]: [CHAT] [Meteor] Toggled Ah Sell §aon.
[17:10:55] [Render thread/INFO]: [CHAT] [Meteor] Toggled Ah Sell §coff.
[17:10:55] [Render thread/INFO]: [CHAT] You listed 8 Oak Trapdoor for $ 4.5K
[17:10:56] [Render thread/INFO]: [CHAT] [Meteor] [Ah Sell] Sending /ah sell 4.50K for slot 1
[17:10:56] [Render thread/INFO]: [CHAT] [Meteor] Toggled Ah Sell §aon.
[17:10:56] [Render thread/INFO]: [CHAT] [Meteor] Toggled Ah Sell §coff.
[17:10:56] [Render thread/INFO]: [CHAT] You listed 8 Oak Trapdoor for $ 4.5K
[17:10:56] [Render thread/INFO]: [CHAT] [Meteor] [Ah Sell] Sending /ah sell 4.50K for slot 2
[17:10:56] [Render thread/INFO]: [CHAT] [Meteor] Toggled Ah Sell §aon.
[17:10:56] [Render thread/INFO]: [CHAT] [Meteor] Toggled Ah Sell §coff.
[17:10:56] [Render thread/INFO]: [CHAT] You listed 8 Oak Trapdoor for $ 4.5K
[17:10:56] [Render thread/INFO]: [CHAT] [Meteor] [Ah Sell] Sending /ah sell 4.50K for slot 3
[17:10:56] [Render thread/INFO]: [CHAT] [Meteor] Toggled Ah Sell §aon.
[17:10:56] [Render thread/INFO]: [CHAT] [Meteor] Toggled Ah Sell §coff.
[17:10:56] [Render thread/INFO]: [CHAT] You listed 8 Oak Trapdoor for $ 4.5K
[17:10:56] [Render thread/INFO]: [CHAT] [Meteor] [Ah Sell] Sending /ah sell 4.50K for slot 4
[17:10:56] [Render thread/INFO]: [CHAT] [Meteor] Toggled Ah Sell §aon.
[17:10:56] [Render thread/INFO]: [CHAT] [Meteor] Toggled Ah Sell §coff.
[17:10:57] [Render thread/INFO]: [CHAT] You listed 8 Oak Trapdoor for $ 4.5K
[17:10:57] [Render thread/INFO]: [CHAT] [Meteor] [Ah Sell] Sending /ah sell 4.50K for slot 5
[17:10:57] [Render thread/INFO]: [CHAT] [Meteor] Toggled Ah Sell §aon.
[17:10:57] [Render thread/INFO]: [CHAT] [Meteor] Toggled Ah Sell §coff.
[17:10:57] [Render thread/INFO]: [CHAT] You listed 8 Oak Trapdoor for $ 4.5K
[17:10:57] [Render thread/INFO]: [CHAT] [Meteor] [Ah Sell] Sending /ah sell 4.50K for slot 5
[17:10:57] [Render thread/INFO]: [CHAT] [Meteor] Toggled Ah Sell §aon.
[17:10:57] [Render thread/INFO]: [CHAT] [Meteor] Toggled Ah Sell §coff.
[17:10:57] [Render thread/INFO]: [CHAT] You listed 8 Oak Trapdoor for $ 4.5K
[17:10:58] [Render thread/INFO]: [CHAT] [Meteor] [Ah Sell] Sending /ah sell 4.50K for slot 7
[17:10:58] [Render thread/INFO]: [CHAT] [Meteor] Toggled Ah Sell §aon.
[17:10:58] [Render thread/INFO]: [CHAT] [Meteor] Toggled Ah Sell §coff.
[17:10:58] [Render thread/INFO]: [CHAT] You listed 8 Oak Trapdoor for $ 4.5K
[17:10:59] [Render thread/INFO]: [CHAT] .Fortnitepro9579 bought your Oak Trapdoor for $4.5K
[17:11:02] [Render thread/INFO]: [CHAT] ooohhe bought your Oak Trapdoor for $4.5K
[17:11:03] [Render thread/INFO]: [DONUT PROFIT/SCREEN] Screen Opened: Title = 'Chat screen' | Class = class_408
[17:11:03] [Render thread/INFO]: [DONUT PROFIT/SCREEN] Screen Opened: Title = 'Crafting' | Class = class_490
[17:11:04] [Render thread/INFO]: [DONUT PROFIT/SCREEN] Screen Opened: Title = 'Large Chest' | Class = class_476
[17:11:04] [Render thread/INFO]: [CHAT] amou_Karma bought your Oak Trapdoor for $4.5K
[17:11:05] [Render thread/INFO]: [CHAT] amou_Karma bought your Oak Trapdoor for $4.5K
[17:11:06] [Render thread/INFO]: [DONUT PROFIT/SCREEN] Screen Opened: Title = 'Crafting' | Class = class_490
[17:11:08] [Render thread/INFO]: [CHAT] CrystalDemon0_0 bought your Oak Trapdoor for $4.5K
[17:11:09] [Render thread/INFO]: [CHAT] [Meteor] [Ah Sell] Sending /ah sell 4.50K for slot 0
[17:11:09] [Render thread/INFO]: [CHAT] [Meteor] Toggled Ah Sell §aon.
[17:11:09] [Render thread/INFO]: [CHAT] [Meteor] Toggled Ah Sell §coff.
[17:11:09] [Render thread/INFO]: [CHAT] You listed 8 Spruce Trapdoor for $ 4.5K
[17:11:09] [Render thread/INFO]: [CHAT] [Meteor] [Ah Sell] Sending /ah sell 4.50K for slot 1
[17:11:09] [Render thread/INFO]: [CHAT] [Meteor] Toggled Ah Sell §aon.
[17:11:09] [Render thread/INFO]: [CHAT] [Meteor] Toggled Ah Sell §coff.
[17:11:09] [Render thread/INFO]: [CHAT] You listed 8 Spruce Trapdoor for $ 4.5K
[17:11:09] [Render thread/INFO]: [CHAT] [Meteor] [Ah Sell] Sending /ah sell 4.50K for slot 2
[17:11:09] [Render thread/INFO]: [CHAT] [Meteor] Toggled Ah Sell §aon.
[17:11:10] [Render thread/INFO]: [CHAT] [Meteor] Toggled Ah Sell §coff.
[17:11:10] [Render thread/INFO]: [CHAT] You listed 8 Spruce Trapdoor for $ 4.5K
[17:11:10] [Render thread/INFO]: [CHAT] [Meteor] [Ah Sell] Sending /ah sell 4.50K for slot 3
[17:11:10] [Render thread/INFO]: [CHAT] [Meteor] Toggled Ah Sell §aon.
[17:11:10] [Render thread/INFO]: [CHAT] [Meteor] Toggled Ah Sell §coff.
[17:11:10] [Render thread/INFO]: [CHAT] You listed 8 Spruce Trapdoor for $ 4.5K
[17:11:10] [Render thread/INFO]: [CHAT] [Meteor] [Ah Sell] Sending /ah sell 4.50K for slot 4
[17:11:10] [Render thread/INFO]: [CHAT] [Meteor] Toggled Ah Sell §aon.
[17:11:10] [Render thread/INFO]: [CHAT] [Meteor] Toggled Ah Sell §coff.
[17:11:10] [Render thread/INFO]: [CHAT] You listed 8 Spruce Trapdoor for $ 4.5K
[17:11:10] [Render thread/INFO]: [CHAT] [Meteor] [Ah Sell] Sending /ah sell 4.50K for slot 5
[17:11:10] [Render thread/INFO]: [CHAT] [Meteor] Toggled Ah Sell §aon.
[17:11:11] [Render thread/INFO]: [CHAT] [Meteor] Toggled Ah Sell §coff.
[17:11:11] [Render thread/INFO]: [CHAT] You listed 8 Spruce Trapdoor for $ 4.5K
[17:11:11] [Render thread/INFO]: [CHAT] [Meteor] [Ah Sell] Sending /ah sell 4.50K for slot 6
[17:11:11] [Render thread/INFO]: [CHAT] [Meteor] Toggled Ah Sell §aon.
[17:11:11] [Render thread/INFO]: [CHAT] [Meteor] Toggled Ah Sell §coff.
[17:11:11] [Render thread/INFO]: [CHAT] You listed 8 Spruce Trapdoor for $ 4.5K
[17:11:12] [Render thread/INFO]: [CHAT] [Meteor] [Ah Sell] Sending /ah sell 4.50K for slot 7
[17:11:12] [Render thread/INFO]: [CHAT] [Meteor] Toggled Ah Sell §aon.
[17:11:12] [Render thread/INFO]: [CHAT] [Meteor] Toggled Ah Sell §coff.
[17:11:12] [Render thread/INFO]: [CHAT] You listed 8 Spruce Trapdoor for $ 4.5K
[17:11:12] [Render thread/INFO]: [CHAT] You earned $9K from auction
[17:11:15] [Render thread/INFO]: [CHAT] _Swathe bought your Spruce Trapdoor for $4.5K
[17:11:16] [Render thread/INFO]: [CHAT] .SneakyOrc2847 bought your Oak Trapdoor for $4.5K
[17:11:17] [Render thread/INFO]: [DONUT PROFIT/SCREEN] Screen Opened: Title = 'Crafting' | Class = class_490
[17:11:17] [Render thread/INFO]: [CHAT] DR_stefkezz bought your Oak Trapdoor for $4.5K
[17:11:20] [Render thread/INFO]: [CHAT] [Meteor] [Ah Sell] Sending /ah sell 4.50K for slot 0
[17:11:20] [Render thread/INFO]: [CHAT] [Meteor] Toggled Ah Sell §aon.
[17:11:20] [Render thread/INFO]: [CHAT] [Meteor] Toggled Ah Sell §coff.
[17:11:20] [Render thread/INFO]: [CHAT] You listed 8 Oak Trapdoor for $ 4.5K
[17:11:20] [Render thread/INFO]: [CHAT] [Meteor] [Ah Sell] Sending /ah sell 4.50K for slot 1
[17:11:20] [Render thread/INFO]: [CHAT] [Meteor] Toggled Ah Sell §aon.
[17:11:20] [Render thread/INFO]: [CHAT] [Meteor] Toggled Ah Sell §coff.
[17:11:20] [Render thread/INFO]: [CHAT] You listed 8 Oak Trapdoor for $ 4.5K
[17:11:20] [Render thread/INFO]: [CHAT] [Meteor] [Ah Sell] Sending /ah sell 4.50K for slot 2
[17:11:20] [Render thread/INFO]: [CHAT] [Meteor] Toggled Ah Sell §aon.
[17:11:20] [Render thread/INFO]: [CHAT] [Meteor] Toggled Ah Sell §coff.
[17:11:21] [Render thread/INFO]: [CHAT] You listed 8 Oak Trapdoor for $ 4.5K
[17:11:21] [Render thread/INFO]: [CHAT] [Meteor] [Ah Sell] Sending /ah sell 4.50K for slot 3
[17:11:21] [Render thread/INFO]: [CHAT] [Meteor] Toggled Ah Sell §aon.
[17:11:21] [Render thread/INFO]: [CHAT] [Meteor] Toggled Ah Sell §coff.
[17:11:21] [Render thread/INFO]: [CHAT] You listed 8 Oak Trapdoor for $ 4.5K
[17:11:21] [Render thread/INFO]: [CHAT] [Meteor] [Ah Sell] Sending /ah sell 4.50K for slot 4
[17:11:21] [Render thread/INFO]: [CHAT] [Meteor] Toggled Ah Sell §aon.
[17:11:21] [Render thread/INFO]: [CHAT] Sh4rkIsHere bought your Spruce Trapdoor for $4.5K
[17:11:21] [Render thread/INFO]: [CHAT] [Meteor] Toggled Ah Sell §coff.
[17:11:21] [Render thread/INFO]: [CHAT] You listed 8 Oak Trapdoor for $ 4.5K
[17:11:22] [Render thread/INFO]: [CHAT] [Meteor] [Ah Sell] Sending /ah sell 4.50K for slot 5
[17:11:22] [Render thread/INFO]: [CHAT] [Meteor] Toggled Ah Sell §aon.
[17:11:22] [Render thread/INFO]: [CHAT] [Meteor] Toggled Ah Sell §coff.
[17:11:22] [Render thread/INFO]: [CHAT] You listed 8 Oak Trapdoor for $ 4.5K
[17:11:22] [Render thread/INFO]: [CHAT] [Meteor] [Ah Sell] Sending /ah sell 4.50K for slot 6
[17:11:22] [Render thread/INFO]: [CHAT] [Meteor] Toggled Ah Sell §aon.
[17:11:22] [Render thread/INFO]: [CHAT] [Meteor] Toggled Ah Sell §coff.
[17:11:22] [Render thread/INFO]: [CHAT] You listed 8 Oak Trapdoor for $ 4.5K
[17:11:22] [Render thread/INFO]: [CHAT] [Meteor] [Ah Sell] Sending /ah sell 4.50K for slot 7
[17:11:22] [Render thread/INFO]: [CHAT] [Meteor] Toggled Ah Sell §aon.
[17:11:23] [Render thread/INFO]: [CHAT] [Meteor] Toggled Ah Sell §coff.
[17:11:23] [Render thread/INFO]: [CHAT] You listed 8 Oak Trapdoor for $ 4.5K
[17:11:26] [Render thread/INFO]: [CHAT] You earned $9K from auction
[17:11:35] [Render thread/INFO]: [CHAT] ilovebbl2 bought your Oak Trapdoor for $4.5K
[17:11:35] [Render thread/INFO]: [DONUT PROFIT/SCREEN] Screen Opened: Title = 'Crafting' | Class = class_490
[17:11:38] [Render thread/INFO]: [CHAT] [Meteor] [Ah Sell] Sending /ah sell 4.50K for slot 0
[17:11:38] [Render thread/INFO]: [CHAT] [Meteor] Toggled Ah Sell §aon.
[17:11:38] [Render thread/INFO]: [CHAT] [Meteor] Toggled Ah Sell §coff.
[17:11:38] [Render thread/INFO]: [CHAT] [Meteor] [Ah Sell] Sending /ah sell 4.50K for slot 1
[17:11:38] [Render thread/INFO]: [CHAT] [Meteor] Toggled Ah Sell §aon.
[17:11:38] [Render thread/INFO]: [CHAT] You listed 8 Spruce Trapdoor for $ 4.5K
[17:11:38] [Render thread/INFO]: [CHAT] [Meteor] Toggled Ah Sell §coff.
[17:11:38] [Render thread/INFO]: [CHAT] You need to wait another 0.25 seconds to execute a command
[17:11:38] [Render thread/INFO]: [CHAT] [Meteor] [Ah Sell] Sending /ah sell 4.50K for slot 1
[17:11:38] [Render thread/INFO]: [CHAT] [Meteor] Toggled Ah Sell §aon.
[17:11:39] [Render thread/INFO]: [CHAT] [Meteor] Toggled Ah Sell §coff.
[17:11:39] [Render thread/INFO]: [CHAT] You listed 8 Spruce Trapdoor for $ 4.5K
[17:11:39] [Render thread/INFO]: [CHAT] [Meteor] [Ah Sell] Sending /ah sell 4.50K for slot 2
[17:11:39] [Render thread/INFO]: [CHAT] [Meteor] Toggled Ah Sell §aon.
[17:11:39] [Render thread/INFO]: [CHAT] [Meteor] Toggled Ah Sell §coff.
[17:11:39] [Render thread/INFO]: [CHAT] You listed 8 Spruce Trapdoor for $ 4.5K
[17:11:39] [Render thread/INFO]: [CHAT] [Meteor] [Ah Sell] Sending /ah sell 4.50K for slot 3
[17:11:39] [Render thread/INFO]: [CHAT] [Meteor] Toggled Ah Sell §aon.
[17:11:40] [Render thread/INFO]: [CHAT] [Meteor] Toggled Ah Sell §coff.
[17:11:40] [Render thread/INFO]: [CHAT] You listed 8 Spruce Trapdoor for $ 4.5K
[17:11:40] [Render thread/INFO]: [CHAT] [Meteor] [Ah Sell] Sending /ah sell 4.50K for slot 4
[17:11:40] [Render thread/INFO]: [CHAT] [Meteor] Toggled Ah Sell §aon.
[17:11:40] [Render thread/INFO]: [CHAT] [Meteor] Toggled Ah Sell §coff.
[17:11:40] [Render thread/INFO]: [CHAT] You listed 8 Spruce Trapdoor for $ 4.5K
[17:11:40] [Render thread/INFO]: [CHAT] [Meteor] [Ah Sell] Sending /ah sell 4.50K for slot 5
[17:11:40] [Render thread/INFO]: [CHAT] [Meteor] Toggled Ah Sell §aon.
[17:11:40] [Render thread/INFO]: [CHAT] [Meteor] Toggled Ah Sell §coff.
[17:11:40] [Render thread/INFO]: [CHAT] You listed 8 Spruce Trapdoor for $ 4.5K
[17:11:41] [Render thread/INFO]: [CHAT] [Meteor] [Ah Sell] Sending /ah sell 4.50K for slot 6
[17:11:41] [Render thread/INFO]: [CHAT] [Meteor] Toggled Ah Sell §aon.
[17:11:41] [Render thread/INFO]: [CHAT] [Meteor] Toggled Ah Sell §coff.
[17:11:41] [Render thread/INFO]: [CHAT] You listed 8 Spruce Trapdoor for $ 4.5K
[17:11:41] [Render thread/INFO]: [CHAT] [Meteor] [Ah Sell] Sending /ah sell 4.50K for slot 7
[17:11:41] [Render thread/INFO]: [CHAT] [Meteor] Toggled Ah Sell §aon.
[17:11:41] [Render thread/INFO]: [CHAT] [Meteor] Toggled Ah Sell §coff.
[17:11:41] [Render thread/INFO]: [CHAT] You listed 8 Spruce Trapdoor for $ 4.5K
[17:11:42] [Render thread/INFO]: [DONUT PROFIT/SCREEN] Screen Opened: Title = 'Crafting' | Class = class_490
[17:11:47] [Render thread/INFO]: [CHAT] red6ui bought your Oak Trapdoor for $4.5K
[17:11:47] [Render thread/INFO]: [CHAT] [Meteor] [Ah Sell] Sending /ah sell 4.50K for slot 0
[17:11:47] [Render thread/INFO]: [CHAT] [Meteor] Toggled Ah Sell §aon.
[17:11:47] [Render thread/INFO]: [CHAT] [Meteor] Toggled Ah Sell §coff.
[17:11:48] [Render thread/INFO]: [CHAT] You listed 8 Oak Trapdoor for $ 4.5K
[17:11:48] [Render thread/INFO]: [CHAT] [Meteor] [Ah Sell] Sending /ah sell 4.50K for slot 1
[17:11:48] [Render thread/INFO]: [CHAT] [Meteor] Toggled Ah Sell §aon.
[17:11:48] [Render thread/INFO]: [CHAT] [Meteor] Toggled Ah Sell §coff.
[17:11:48] [Render thread/INFO]: [CHAT] You have too many listed items
[17:11:49] [Render thread/INFO]: [DONUT PROFIT/SCREEN] Screen Opened: Title = 'Crafting' | Class = class_490
[17:11:50] [Render thread/INFO]: [CHAT] ajmcnuggetss bought your Spruce Trapdoor for $4.5K
[17:11:52] [Render thread/INFO]: [CHAT] [Meteor] [Ah Sell] Sending /ah sell 4.50K for slot 1
[17:11:52] [Render thread/INFO]: [CHAT] [Meteor] Toggled Ah Sell §aon.
[17:11:52] [Render thread/INFO]: [CHAT] [Meteor] Toggled Ah Sell §coff.
[17:11:52] [Render thread/INFO]: [CHAT] You listed 8 Oak Trapdoor for $ 4.5K
[17:11:57] [Render thread/INFO]: [CHAT] jrude15 bought your Spruce Trapdoor for $4.5K
[17:12:00] [Render thread/INFO]: [CHAT] Deathzone_ bought your Spruce Trapdoor for $4.5K
[17:12:01] [Render thread/INFO]: [CHAT] Deathzone_ bought your Spruce Trapdoor for $4.5K
[17:12:02] [Render thread/INFO]: [CHAT] Deathzone_ bought your Spruce Trapdoor for $4.5K
[17:12:05] [Render thread/INFO]: [CHAT] Deathzone_ bought your Spruce Trapdoor for $4.5K
[17:12:05] [Render thread/INFO]: [CHAT] 23Lax bought your Oak Trapdoor for $4.5K
[17:12:06] [Render thread/INFO]: [CHAT] Deathzone_ bought your Spruce Trapdoor for $4.5K
[17:12:08] [Render thread/INFO]: [CHAT] [Meteor] [Ah Sell] Sending /ah sell 4.50K for slot 2
[17:12:08] [Render thread/INFO]: [CHAT] [Meteor] Toggled Ah Sell §aon.
[17:12:08] [Render thread/INFO]: [CHAT] [Meteor] Toggled Ah Sell §coff.
[17:12:08] [Render thread/INFO]: [CHAT] minekarter6767 bought your Spruce Trapdoor for $4.5K
[17:12:08] [Render thread/INFO]: [CHAT] You listed 8 Oak Trapdoor for $ 4.5K
[17:12:08] [Render thread/INFO]: [CHAT] [Meteor] [Ah Sell] Sending /ah sell 4.50K for slot 3
[17:12:08] [Render thread/INFO]: [CHAT] [Meteor] Toggled Ah Sell §aon.
[17:12:08] [Render thread/INFO]: [CHAT] [Meteor] Toggled Ah Sell §coff.
[17:12:08] [Render thread/INFO]: [CHAT] You listed 8 Oak Trapdoor for $ 4.5K
[17:12:08] [Render thread/INFO]: [CHAT] [Meteor] [Ah Sell] Sending /ah sell 4.50K for slot 4
[17:12:08] [Render thread/INFO]: [CHAT] [Meteor] Toggled Ah Sell §aon.
[17:12:08] [Render thread/INFO]: [CHAT] [Meteor] Toggled Ah Sell §coff.
[17:12:08] [Render thread/INFO]: [CHAT] You need to wait another 0.25 seconds to execute a command
[17:12:08] [Render thread/INFO]: [CHAT] [Meteor] [Ah Sell] Sending /ah sell 4.50K for slot 4
[17:12:08] [Render thread/INFO]: [CHAT] [Meteor] Toggled Ah Sell §aon.
[17:12:08] [Render thread/INFO]: [CHAT] [Meteor] Toggled Ah Sell §coff.
[17:12:08] [Render thread/INFO]: [CHAT] You listed 8 Oak Trapdoor for $ 4.5K
[17:12:09] [Render thread/INFO]: [CHAT] [Meteor] [Ah Sell] Sending /ah sell 4.50K for slot 5
[17:12:09] [Render thread/INFO]: [CHAT] [Meteor] Toggled Ah Sell §aon.
[17:12:09] [Render thread/INFO]: [CHAT] [Meteor] Toggled Ah Sell §coff.
[17:12:09] [Render thread/INFO]: [CHAT] You listed 8 Oak Trapdoor for $ 4.5K
[17:12:09] [Render thread/INFO]: [CHAT] [Meteor] [Ah Sell] Sending /ah sell 4.50K for slot 6
[17:12:09] [Render thread/INFO]: [CHAT] [Meteor] Toggled Ah Sell §aon.
[17:12:09] [Render thread/INFO]: [CHAT] [Meteor] Toggled Ah Sell §coff.
[17:12:09] [Render thread/INFO]: [CHAT] You listed 8 Oak Trapdoor for $ 4.5K
[17:12:10] [Render thread/INFO]: [CHAT] [Meteor] [Ah Sell] Sending /ah sell 4.50K for slot 7
[17:12:10] [Render thread/INFO]: [CHAT] [Meteor] Toggled Ah Sell §aon.
[17:12:10] [Render thread/INFO]: [CHAT] [Meteor] Toggled Ah Sell §coff.
[17:12:10] [Render thread/INFO]: [CHAT] You listed 8 Oak Trapdoor for $ 4.5K
[17:12:10] [Render thread/INFO]: [CHAT] cutiewsg bought your Oak Trapdoor for $4.5K
[17:12:10] [Render thread/INFO]: [DONUT PROFIT/SCREEN] Screen Opened: Title = 'Crafting' | Class = class_490
[17:12:11] [Render thread/INFO]: [DONUT PROFIT/SCREEN] Screen Opened: Title = 'Crafting' | Class = class_490
[17:12:13] [Render thread/INFO]: [CHAT] Gmoney1847 bought your Oak Trapdoor for $4.5K
[17:12:13] [Render thread/INFO]: [CHAT] [Meteor] [Ah Sell] Sending /ah sell 4.50K for slot 0
[17:12:13] [Render thread/INFO]: [CHAT] [Meteor] Toggled Ah Sell §aon.
[17:12:13] [Render thread/INFO]: [CHAT] [Meteor] Toggled Ah Sell §coff.
[17:12:13] [Render thread/INFO]: [CHAT] You listed 8 Spruce Trapdoor for $ 4.5K
[17:12:13] [Render thread/INFO]: [CHAT] [Meteor] [Ah Sell] Sending /ah sell 4.50K for slot 1
[17:12:13] [Render thread/INFO]: [CHAT] [Meteor] Toggled Ah Sell §aon.
[17:12:14] [Render thread/INFO]: [CHAT] [Meteor] Toggled Ah Sell §coff.
[17:12:14] [Render thread/INFO]: [CHAT] You listed 8 Spruce Trapdoor for $ 4.5K
[17:12:14] [Render thread/INFO]: [CHAT] [Meteor] [Ah Sell] Sending /ah sell 4.50K for slot 2
[17:12:14] [Render thread/INFO]: [CHAT] [Meteor] Toggled Ah Sell §aon.
[17:12:14] [Render thread/INFO]: [CHAT] [Meteor] Toggled Ah Sell §coff.
[17:12:14] [Render thread/INFO]: [CHAT] You listed 8 Spruce Trapdoor for $ 4.5K
[17:12:14] [Render thread/INFO]: [CHAT] [Meteor] [Ah Sell] Sending /ah sell 4.50K for slot 3
[17:12:14] [Render thread/INFO]: [CHAT] [Meteor] Toggled Ah Sell §aon.
[17:12:14] [Render thread/INFO]: [CHAT] [Meteor] Toggled Ah Sell §coff.
[17:12:14] [Render thread/INFO]: [CHAT] You listed 8 Spruce Trapdoor for $ 4.5K
[17:12:15] [Render thread/INFO]: [CHAT] [Meteor] [Ah Sell] Sending /ah sell 4.50K for slot 4
[17:12:15] [Render thread/INFO]: [CHAT] [Meteor] Toggled Ah Sell §aon.
[17:12:15] [Render thread/INFO]: [CHAT] [Meteor] Toggled Ah Sell §coff.
[17:12:15] [Render thread/INFO]: [CHAT] You have too many listed items
[17:12:15] [Render thread/INFO]: [CHAT] [Meteor] [Ah Sell] Sending /ah sell 4.50K for slot 5
[17:12:15] [Render thread/INFO]: [CHAT] [Meteor] Toggled Ah Sell §aon.
[17:12:15] [Render thread/INFO]: [CHAT] [Meteor] Toggled Ah Sell §coff.
[17:12:15] [Render thread/INFO]: [CHAT] You have too many listed items
[17:12:15] [Render thread/INFO]: [DONUT PROFIT/SCREEN] Screen Opened: Title = 'Crafting' | Class = class_490
[17:12:16] [Render thread/INFO]: [CHAT] Horrizznn bought your Oak Trapdoor for $4.5K
[17:12:18] [Render thread/INFO]: [CHAT] [Meteor] [Ah Sell] Sending /ah sell 4.50K for slot 4
[17:12:18] [Render thread/INFO]: [CHAT] [Meteor] Toggled Ah Sell §aon.
[17:12:18] [Render thread/INFO]: [CHAT] [Meteor] Toggled Ah Sell §coff.
[17:12:18] [Render thread/INFO]: [CHAT] You listed 8 Spruce Trapdoor for $ 4.5K
[17:12:18] [Render thread/INFO]: [CHAT] [Meteor] [Ah Sell] Sending /ah sell 4.50K for slot 5
[17:12:18] [Render thread/INFO]: [CHAT] [Meteor] Toggled Ah Sell §aon.
[17:12:19] [Render thread/INFO]: [CHAT] [Meteor] Toggled Ah Sell §coff.
[17:12:19] [Render thread/INFO]: [CHAT] You have too many listed items
[17:12:19] [Render thread/INFO]: [CHAT] .IcedCheese1575 bought your Oak Trapdoor for $4.5K
[17:12:20] [Render thread/INFO]: [DONUT PROFIT/SCREEN] Screen Opened: Title = 'Crafting' | Class = class_490
[17:12:21] [Render thread/INFO]: [CHAT] [Meteor] [Ah Sell] Sending /ah sell 4.50K for slot 6
[17:12:21] [Render thread/INFO]: [CHAT] [Meteor] Toggled Ah Sell §aon.
[17:12:21] [Render thread/INFO]: [CHAT] [Meteor] Toggled Ah Sell §coff.
[17:12:21] [Render thread/INFO]: [CHAT] You listed 16 Spruce Trapdoor for $ 4.5K
[17:12:23] [Render thread/INFO]: [CHAT] GFishingBoy bought your Spruce Trapdoor for $4.5K
[17:12:25] [Render thread/INFO]: [CHAT] [Meteor] [Ah Sell] Sending /ah sell 4.50K for slot 7
[17:12:25] [Render thread/INFO]: [CHAT] [Meteor] Toggled Ah Sell §aon.
[17:12:26] [Render thread/INFO]: [CHAT] [Meteor] Toggled Ah Sell §coff.
[17:12:26] [Render thread/INFO]: [CHAT] You listed 8 Spruce Trapdoor for $ 4.5K
[17:12:27] [Render thread/INFO]: [DONUT PROFIT/SCREEN] Screen Opened: Title = 'Crafting' | Class = class_490
[17:12:29] [Render thread/INFO]: [CHAT] [Meteor] [Ah Sell] Sending /ah sell 4.50K for slot 0
[17:12:29] [Render thread/INFO]: [CHAT] [Meteor] Toggled Ah Sell §aon.
[17:12:29] [Render thread/INFO]: [CHAT] [Meteor] Toggled Ah Sell §coff.
[17:12:29] [Render thread/INFO]: [CHAT] You have too many listed items
[17:12:31] [Render thread/INFO]: [CHAT] You earned $9K from auction
[17:12:32] [Render thread/INFO]: [CHAT] Jsuperhero123 bought your Oak Trapdoor for $4.5K
[17:12:32] [Render thread/INFO]: [CHAT] [Meteor] [Ah Sell] Sending /ah sell 4.50K for slot 0
[17:12:32] [Render thread/INFO]: [CHAT] [Meteor] Toggled Ah Sell §aon.
[17:12:33] [Render thread/INFO]: [CHAT] [Meteor] Toggled Ah Sell §coff.
[17:12:33] [Render thread/INFO]: [CHAT] You listed 8 Oak Trapdoor for $ 4.5K
[17:12:33] [Render thread/INFO]: [CHAT] Jsuperhero123 bought your Oak Trapdoor for $4.5K
[17:12:33] [Render thread/INFO]: [DONUT PROFIT/SCREEN] Screen Opened: Title = 'Crafting' | Class = class_490
[17:12:33] [Render thread/INFO]: [CHAT] Jsuperhero123 bought your Oak Trapdoor for $4.5K
[17:12:36] [Render thread/INFO]: [CHAT] asdfghj2222 bought your Oak Trapdoor for $4.5K
[17:12:41] [Render thread/INFO]: [CHAT] Deathzone_ bought your Spruce Trapdoor for $4.5K
[17:12:42] [Render thread/INFO]: [CHAT] Deathzone_ bought your Spruce Trapdoor for $4.5K
[17:12:44] [Render thread/INFO]: [CHAT] Deathzone_ bought your Spruce Trapdoor for $4.5K
[17:12:45] [Render thread/INFO]: [CHAT] Deathzone_ bought your Spruce Trapdoor for $4.5K
[17:12:45] [Render thread/INFO]: [CHAT] kitkatkel bought your Oak Trapdoor for $4.5K
[17:12:46] [Render thread/INFO]: [CHAT] darkestdays2131 bought your Spruce Trapdoor for $4.5K
[17:12:47] [Render thread/INFO]: [CHAT] ilikefoodd bought your Spruce Trapdoor for $4.5K
[17:12:47] [Render thread/INFO]: [CHAT] ilikefoodd bought your Spruce Trapdoor for $4.5K
[17:12:50] [Render thread/INFO]: [CHAT] [Meteor] [Ah Sell] Sending /ah sell 4.50K for slot 0
[17:12:50] [Render thread/INFO]: [CHAT] [Meteor] Toggled Ah Sell §aon.
[17:12:50] [Render thread/INFO]: [CHAT] RYRS23 bought your Oak Trapdoor for $4.5K
[17:12:50] [Render thread/INFO]: [CHAT] [Meteor] Toggled Ah Sell §coff.
[17:12:50] [Render thread/INFO]: [CHAT] You listed 8 Spruce Trapdoor for $ 4.5K
[17:12:50] [Render thread/INFO]: [CHAT] [Meteor] [Ah Sell] Sending /ah sell 4.50K for slot 1
[17:12:50] [Render thread/INFO]: [CHAT] [Meteor] Toggled Ah Sell §aon.
[17:12:51] [Render thread/INFO]: [CHAT] [Meteor] Toggled Ah Sell §coff.
[17:12:51] [Render thread/INFO]: [CHAT] .Trexer3968 bought your Oak Trapdoor for $4.5K
[17:12:51] [Render thread/INFO]: [CHAT] You listed 8 Spruce Trapdoor for $ 4.5K
[17:12:51] [Render thread/INFO]: [CHAT] [Meteor] [Ah Sell] Sending /ah sell 4.50K for slot 1
[17:12:51] [Render thread/INFO]: [CHAT] [Meteor] Toggled Ah Sell §aon.
[17:12:51] [Render thread/INFO]: [CHAT] [Meteor] Toggled Ah Sell §coff.
[17:12:51] [Render thread/INFO]: [CHAT] You listed 8 Spruce Trapdoor for $ 4.5K
[17:12:52] [Render thread/INFO]: [CHAT] [Meteor] [Ah Sell] Sending /ah sell 4.50K for slot 3
[17:12:52] [Render thread/INFO]: [CHAT] [Meteor] Toggled Ah Sell §aon.
[17:12:52] [Render thread/INFO]: [CHAT] [Meteor] Toggled Ah Sell §coff.
[17:12:52] [Render thread/INFO]: [CHAT] You listed 8 Spruce Trapdoor for $ 4.5K
[17:12:52] [Render thread/INFO]: [CHAT] [Meteor] [Ah Sell] Sending /ah sell 4.50K for slot 4
[17:12:52] [Render thread/INFO]: [CHAT] [Meteor] Toggled Ah Sell §aon.
[17:12:52] [Render thread/INFO]: [CHAT] [Meteor] Toggled Ah Sell §coff.
[17:12:52] [Render thread/INFO]: [CHAT] You listed 8 Spruce Trapdoor for $ 4.5K
[17:12:53] [Render thread/INFO]: [CHAT] [Meteor] [Ah Sell] Sending /ah sell 4.50K for slot 5
[17:12:53] [Render thread/INFO]: [CHAT] [Meteor] Toggled Ah Sell §aon.
[17:12:53] [Render thread/INFO]: [CHAT] [Meteor] Toggled Ah Sell §coff.
[17:12:53] [Render thread/INFO]: [CHAT] You listed 8 Spruce Trapdoor for $ 4.5K
[17:12:53] [Render thread/INFO]: [CHAT] [Meteor] [Ah Sell] Sending /ah sell 4.50K for slot 6
[17:12:53] [Render thread/INFO]: [CHAT] [Meteor] Toggled Ah Sell §aon.
[17:12:53] [Render thread/INFO]: [CHAT] [Meteor] Toggled Ah Sell §coff.
[17:12:53] [Render thread/INFO]: [CHAT] You listed 8 Spruce Trapdoor for $ 4.5K
[17:12:53] [Render thread/INFO]: [CHAT] [Meteor] [Ah Sell] Sending /ah sell 4.50K for slot 7
[17:12:53] [Render thread/INFO]: [CHAT] [Meteor] Toggled Ah Sell §aon.
[17:12:53] [Render thread/INFO]: [CHAT] [Meteor] Toggled Ah Sell §coff.
[17:12:54] [Render thread/INFO]: [CHAT] You listed 8 Spruce Trapdoor for $ 4.5K
[17:12:54] [Render thread/INFO]: [DONUT PROFIT/SCREEN] Screen Opened: Title = 'Crafting' | Class = class_490
[17:12:57] [Render thread/INFO]: [DONUT PROFIT/SCREEN] Screen Opened: Title = 'Chat screen' | Class = class_408
[17:12:57] [Render thread/INFO]: [DONUT PROFIT/SCREEN] Screen Opened: Title = 'Auction (Page 1)' | Class = class_476
[17:12:59] [Render thread/INFO]: [DONUT PROFIT/SCREEN] Screen Opened: Title = 'Auction -> Your Items' | Class = class_476
[17:13:00] [Render thread/INFO]: [DONUT PROFIT/SCREEN] Screen Opened: Title = 'Auction (Page 1)' | Class = class_476
[17:13:00] [Render thread/INFO]: [CHAT] [Meteor] [Ah Sell] Sending /ah sell 4.50K for slot 0
[17:13:00] [Render thread/INFO]: [CHAT] [Meteor] Toggled Ah Sell §aon.
[17:13:00] [Render thread/INFO]: [CHAT] [Meteor] Toggled Ah Sell §coff.
[17:13:00] [Render thread/INFO]: [CHAT] You listed 8 Spruce Trapdoor for $ 4.5K
[17:13:00] [Render thread/INFO]: [CHAT] [Meteor] [Ah Sell] Sending /ah sell 4.50K for slot 1
[17:13:00] [Render thread/INFO]: [CHAT] [Meteor] Toggled Ah Sell §aon.
[17:13:01] [Render thread/INFO]: [CHAT] [Meteor] Toggled Ah Sell §coff.
[17:13:01] [Render thread/INFO]: [CHAT] You listed 8 Spruce Trapdoor for $ 4.5K
[17:13:01] [Render thread/INFO]: [CHAT] [Meteor] [Ah Sell] Sending /ah sell 4.50K for slot 2
[17:13:01] [Render thread/INFO]: [CHAT] [Meteor] Toggled Ah Sell §aon.
[17:13:01] [Render thread/INFO]: [CHAT] [Meteor] Toggled Ah Sell §coff.
[17:13:01] [Render thread/INFO]: [CHAT] You listed 8 Spruce Trapdoor for $ 4.5K
[17:13:01] [Render thread/INFO]: [CHAT] [Meteor] [Ah Sell] Sending /ah sell 4.50K for slot 3
[17:13:01] [Render thread/INFO]: [CHAT] [Meteor] Toggled Ah Sell §aon.
[17:13:01] [Render thread/INFO]: [CHAT] [Meteor] Toggled Ah Sell §coff.
[17:13:01] [Render thread/INFO]: [CHAT] You listed 8 Spruce Trapdoor for $ 4.5K
[17:13:01] [Render thread/INFO]: [CHAT] [Meteor] [Ah Sell] Sending /ah sell 4.50K for slot 4
[17:13:01] [Render thread/INFO]: [CHAT] [Meteor] Toggled Ah Sell §aon.
[17:13:02] [Render thread/INFO]: [CHAT] [Meteor] Toggled Ah Sell §coff.
[17:13:02] [Render thread/INFO]: [CHAT] You listed 8 Spruce Trapdoor for $ 4.5K
[17:13:02] [Render thread/INFO]: [CHAT] [Meteor] [Ah Sell] Sending /ah sell 4.50K for slot 5
[17:13:02] [Render thread/INFO]: [CHAT] [Meteor] Toggled Ah Sell §aon.
[17:13:02] [Render thread/INFO]: [CHAT] .Masuda74 bought your Spruce Trapdoor for $4.5K
[17:13:02] [Render thread/INFO]: [CHAT] [Meteor] Toggled Ah Sell §coff.
[17:13:02] [Render thread/INFO]: [CHAT] You listed 8 Spruce Trapdoor for $ 4.5K
[17:13:02] [Render thread/INFO]: [CHAT] [Meteor] [Ah Sell] Sending /ah sell 4.50K for slot 6
[17:13:02] [Render thread/INFO]: [CHAT] [Meteor] Toggled Ah Sell §aon.
[17:13:03] [Render thread/INFO]: [CHAT] [Meteor] Toggled Ah Sell §coff.
[17:13:03] [Render thread/INFO]: [CHAT] You listed 8 Spruce Trapdoor for $ 4.5K
[17:13:03] [Render thread/INFO]: [CHAT] .Masuda74 bought your Spruce Trapdoor for $4.5K
[17:13:03] [Render thread/INFO]: [CHAT] [Meteor] [Ah Sell] Sending /ah sell 4.50K for slot 7
[17:13:03] [Render thread/INFO]: [CHAT] [Meteor] Toggled Ah Sell §aon.
[17:13:03] [Render thread/INFO]: [CHAT] [Meteor] Toggled Ah Sell §coff.
[17:13:03] [Render thread/INFO]: [CHAT] You listed 8 Spruce Trapdoor for $ 4.5K
[17:13:04] [Render thread/INFO]: [DONUT PROFIT/SCREEN] Screen Opened: Title = 'Crafting' | Class = class_490
[17:13:04] [Render thread/INFO]: [CHAT] .Masuda74 bought your Spruce Trapdoor for $4.5K
[17:13:05] [Render thread/INFO]: [CHAT] diceTT bought your Spruce Trapdoor for $4.5K
[17:13:06] [Render thread/INFO]: [CHAT] [Meteor] [Ah Sell] Sending /ah sell 4.50K for slot 0
[17:13:06] [Render thread/INFO]: [CHAT] [Meteor] Toggled Ah Sell §aon.
[17:13:06] [Render thread/INFO]: [CHAT] PhilippBionic bought your Spruce Trapdoor for $4.5K
[17:13:07] [Render thread/INFO]: [CHAT] [Meteor] Toggled Ah Sell §coff.
[17:13:07] [Render thread/INFO]: [CHAT] You listed 8 Spruce Trapdoor for $ 4.5K
[17:13:07] [Render thread/INFO]: [CHAT] [Meteor] [Ah Sell] Sending /ah sell 4.50K for slot 1
[17:13:07] [Render thread/INFO]: [CHAT] [Meteor] Toggled Ah Sell §aon.
[17:13:07] [Render thread/INFO]: [CHAT] [Meteor] Toggled Ah Sell §coff.
[17:13:07] [Render thread/INFO]: [CHAT] You listed 8 Spruce Trapdoor for $ 4.5K
[17:13:07] [Render thread/INFO]: [CHAT] [Meteor] [Ah Sell] Sending /ah sell 4.50K for slot 2
[17:13:07] [Render thread/INFO]: [CHAT] [Meteor] Toggled Ah Sell §aon.
[17:13:07] [Render thread/INFO]: [CHAT] [Meteor] Toggled Ah Sell §coff.
[17:13:07] [Render thread/INFO]: [CHAT] You listed 8 Spruce Trapdoor for $ 4.5K
[17:13:08] [Render thread/INFO]: [CHAT] [Meteor] [Ah Sell] Sending /ah sell 4.50K for slot 3
[17:13:08] [Render thread/INFO]: [CHAT] [Meteor] Toggled Ah Sell §aon.
[17:13:08] [Render thread/INFO]: [CHAT] [Meteor] Toggled Ah Sell §coff.
[17:13:08] [Render thread/INFO]: [CHAT] You listed 8 Spruce Trapdoor for $ 4.5K
[17:13:08] [Render thread/INFO]: [CHAT] [Meteor] [Ah Sell] Sending /ah sell 4.50K for slot 4
[17:13:08] [Render thread/INFO]: [CHAT] [Meteor] Toggled Ah Sell §aon.
[17:13:08] [Render thread/INFO]: [CHAT] [Meteor] Toggled Ah Sell §coff.
[17:13:08] [Render thread/INFO]: [CHAT] You listed 8 Spruce Trapdoor for $ 4.5K
[17:13:08] [Render thread/INFO]: [CHAT] PhilippBionic bought your Spruce Trapdoor for $4.5K
[17:13:08] [Render thread/INFO]: [CHAT] [Meteor] [Ah Sell] Sending /ah sell 4.50K for slot 5
[17:13:08] [Render thread/INFO]: [CHAT] [Meteor] Toggled Ah Sell §aon.
[17:13:08] [Render thread/INFO]: [CHAT] [Meteor] Toggled Ah Sell §coff.
[17:13:09] [Render thread/INFO]: [CHAT] You have too many listed items
[17:13:09] [Render thread/INFO]: [CHAT] [Meteor] [Ah Sell] Sending /ah sell 4.50K for slot 6
[17:13:09] [Render thread/INFO]: [CHAT] [Meteor] Toggled Ah Sell §aon.
[17:13:09] [Render thread/INFO]: [CHAT] [Meteor] Toggled Ah Sell §coff.
[17:13:09] [Render thread/INFO]: [CHAT] You have too many listed items
[17:13:09] [Render thread/INFO]: [DONUT PROFIT/SCREEN] Screen Opened: Title = 'Crafting' | Class = class_490
[17:13:12] [Render thread/INFO]: [CHAT] [Meteor] [Ah Sell] Sending /ah sell 4.50K for slot 5
[17:13:12] [Render thread/INFO]: [CHAT] [Meteor] Toggled Ah Sell §aon.
[17:13:12] [Render thread/INFO]: [CHAT] [Meteor] Toggled Ah Sell §coff.
[17:13:12] [Render thread/INFO]: [CHAT] You have too many listed items
[17:13:13] [Render thread/INFO]: [DONUT PROFIT/SCREEN] Screen Opened: Title = 'Crafting' | Class = class_490
[17:13:22] [Render thread/INFO]: [CHAT] seddix bought your Spruce Trapdoor for $4.5K
[17:13:24] [Render thread/INFO]: [CHAT] jeevan_mnz bought your Spruce Trapdoor for $4.5K
[17:13:26] [Render thread/INFO]: [CHAT] .RoboMr689 bought your Spruce Trapdoor for $4.5K
[17:13:28] [Render thread/INFO]: [CHAT] Lukas676767 bought your Spruce Trapdoor for $4.5K
[17:13:28] [Render thread/INFO]: [CHAT] Lukas676767 bought your Spruce Trapdoor for $4.5K
[17:13:29] [Render thread/INFO]: [CHAT] d4rkm4ttXr bought your Spruce Trapdoor for $4.5K
[17:13:36] [Render thread/INFO]: [CHAT] lucas_of_us_02 bought your Spruce Trapdoor for $4.5K
[17:13:45] [Render thread/INFO]: [DONUT PROFIT/SCREEN] Screen Opened: Title = 'Large Chest' | Class = class_476
[17:13:46] [Render thread/INFO]: [DONUT PROFIT/SCREEN] Screen Opened: Title = 'Crafting' | Class = class_490
[17:13:47] [Render thread/INFO]: [CHAT] [Meteor] [Ah Sell] Sending /ah sell 4.50K for slot 5
[17:13:47] [Render thread/INFO]: [CHAT] [Meteor] Toggled Ah Sell §aon.
[17:13:47] [Render thread/INFO]: [CHAT] [Meteor] Toggled Ah Sell §coff.
[17:13:47] [Render thread/INFO]: [CHAT] You listed 8 Spruce Trapdoor for $ 4.5K
[17:13:47] [Render thread/INFO]: [CHAT] [Meteor] [Ah Sell] Sending /ah sell 4.50K for slot 6
[17:13:47] [Render thread/INFO]: [CHAT] [Meteor] Toggled Ah Sell §aon.
[17:13:47] [Render thread/INFO]: [CHAT] [Meteor] Toggled Ah Sell §coff.
[17:13:47] [Render thread/INFO]: [CHAT] You listed 8 Spruce Trapdoor for $ 4.5K
[17:13:47] [Render thread/INFO]: [CHAT] [Meteor] [Ah Sell] Sending /ah sell 4.50K for slot 7
[17:13:47] [Render thread/INFO]: [CHAT] [Meteor] Toggled Ah Sell §aon.
[17:13:47] [Render thread/INFO]: [CHAT] [Meteor] Toggled Ah Sell §coff.
[17:13:48] [Render thread/INFO]: [CHAT] You listed 8 Spruce Trapdoor for $ 4.5K
[17:13:48] [Render thread/INFO]: [DONUT PROFIT/SCREEN] Screen Opened: Title = 'Chat screen' | Class = class_408
[17:13:49] [Render thread/INFO]: [DONUT PROFIT/SCREEN] Screen Opened: Title = 'Auction (Page 1)' | Class = class_476
[17:13:51] [Render thread/INFO]: [DONUT PROFIT/SCREEN] Screen Opened: Title = 'Auction -> Your Items' | Class = class_476
[17:13:52] [Render thread/INFO]: [DONUT PROFIT/SCREEN] Screen Opened: Title = 'Auction (Page 1)' | Class = class_476
[17:13:53] [Render thread/INFO]: [DONUT PROFIT/SCREEN] Screen Opened: Title = 'Chat screen' | Class = class_408
[17:13:53] [Render thread/INFO]: [DONUT PROFIT/SCREEN] Screen Opened: Title = 'Auction (Page 1)' | Class = class_476
[17:13:54] [Render thread/INFO]: [DONUT PROFIT/SCREEN] Screen Opened: Title = 'Auction (Page 2)' | Class = class_476
[17:13:54] [Render thread/INFO]: [DONUT PROFIT/SCREEN] Screen Opened: Title = 'Auction (Page 3)' | Class = class_476
[17:13:55] [Render thread/INFO]: [DONUT PROFIT/SCREEN] Screen Opened: Title = 'Auction (Page 4)' | Class = class_476
[17:13:58] [Render thread/INFO]: [CHAT] You bought 64 Spruce Trapdoors for $ 25K
[17:13:58] [Render thread/INFO]: [DONUT PROFIT/SCREEN] Screen Opened: Title = 'Auction (Page 4)' | Class = class_476
[17:13:58] [Render thread/INFO]: [CHAT] You bought 64 Spruce Trapdoors for $ 25K
[17:13:58] [Render thread/INFO]: [DONUT PROFIT/SCREEN] Screen Opened: Title = 'Auction (Page 4)' | Class = class_476
[17:13:58] [Render thread/INFO]: [CHAT] You bought 64 Spruce Trapdoors for $ 25K
[17:13:58] [Render thread/INFO]: [DONUT PROFIT/SCREEN] Screen Opened: Title = 'Auction (Page 4)' | Class = class_476
[17:13:59] [Render thread/INFO]: [CHAT] You bought 64 Spruce Trapdoors for $ 25K
[17:13:59] [Render thread/INFO]: [DONUT PROFIT/SCREEN] Screen Opened: Title = 'Auction (Page 4)' | Class = class_476
[17:13:59] [Render thread/INFO]: [CHAT] You bought 64 Spruce Trapdoors for $ 25K
[17:13:59] [Render thread/INFO]: [DONUT PROFIT/SCREEN] Screen Opened: Title = 'Auction (Page 4)' | Class = class_476
[17:13:59] [Render thread/INFO]: [CHAT] You bought 64 Spruce Trapdoors for $ 25K
[17:13:59] [Render thread/INFO]: [DONUT PROFIT/SCREEN] Screen Opened: Title = 'Auction (Page 4)' | Class = class_476
[17:13:59] [Render thread/INFO]: [CHAT] You bought 64 Spruce Trapdoors for $ 25K
[17:13:59] [Render thread/INFO]: [DONUT PROFIT/SCREEN] Screen Opened: Title = 'Auction (Page 4)' | Class = class_476
[17:13:59] [Render thread/INFO]: [CHAT] You bought 64 Spruce Trapdoors for $ 25K
[17:13:59] [Render thread/INFO]: [DONUT PROFIT/SCREEN] Screen Opened: Title = 'Auction (Page 4)' | Class = class_476
[17:13:59] [Render thread/INFO]: [CHAT] You bought 64 Spruce Trapdoors for $ 25K
[17:14:00] [Render thread/INFO]: [DONUT PROFIT/SCREEN] Screen Opened: Title = 'Auction (Page 4)' | Class = class_476
[17:14:00] [Render thread/INFO]: [CHAT] You bought 64 Spruce Trapdoors for $ 25K
[17:14:00] [Render thread/INFO]: [DONUT PROFIT/SCREEN] Screen Opened: Title = 'Auction (Page 4)' | Class = class_476
[17:14:00] [Render thread/INFO]: [CHAT] You bought 64 Spruce Trapdoors for $ 25K
[17:14:00] [Render thread/INFO]: [DONUT PROFIT/SCREEN] Screen Opened: Title = 'Auction (Page 4)' | Class = class_476
[17:14:01] [Render thread/INFO]: [CHAT] You bought 64 Spruce Trapdoors for $ 25K
[17:14:01] [Render thread/INFO]: [DONUT PROFIT/SCREEN] Screen Opened: Title = 'Auction (Page 4)' | Class = class_476
[17:14:01] [Render thread/INFO]: [CHAT] You don't have enough money for this
[17:14:04] [Render thread/INFO]: [DONUT PROFIT/SCREEN] Screen Opened: Title = 'Auction (Page 3)' | Class = class_476
[17:14:06] [Render thread/INFO]: [DONUT PROFIT/SCREEN] Screen Opened: Title = 'Crafting' | Class = class_490
[17:14:06] [Render thread/INFO]: [CHAT] parried_ bought your Spruce Trapdoor for $4.5K
[17:14:09] [Render thread/INFO]: [CHAT] AuraSightx bought your Oak Trapdoor for $4.5K
[17:14:16] [Render thread/INFO]: [CHAT] YABOYFOPES bought your Oak Trapdoor for $4.5K
[17:14:21] [Render thread/INFO]: [CHAT] Itz_AboAmmaR bought your Spruce Trapdoor for $4.5K
[17:14:22] [Render thread/INFO]: [CHAT] [Meteor] [Ah Sell] Sending /ah sell 4.50K for slot 0
[17:14:22] [Render thread/INFO]: [CHAT] [Meteor] Toggled Ah Sell §aon.
[17:14:22] [Render thread/INFO]: [CHAT] [Meteor] Toggled Ah Sell §coff.
[17:14:22] [Render thread/INFO]: [CHAT] You listed 8 Spruce Trapdoor for $ 4.5K
[17:14:22] [Render thread/INFO]: [CHAT] [Meteor] [Ah Sell] Sending /ah sell 4.50K for slot 1
[17:14:22] [Render thread/INFO]: [CHAT] [Meteor] Toggled Ah Sell §aon.
[17:14:23] [Render thread/INFO]: [CHAT] [Meteor] Toggled Ah Sell §coff.
[17:14:23] [Render thread/INFO]: [CHAT] You listed 8 Spruce Trapdoor for $ 4.5K
[17:14:23] [Render thread/INFO]: [CHAT] [Meteor] [Ah Sell] Sending /ah sell 4.50K for slot 2
[17:14:23] [Render thread/INFO]: [CHAT] [Meteor] Toggled Ah Sell §aon.
[17:14:23] [Render thread/INFO]: [CHAT] [Meteor] Toggled Ah Sell §coff.
[17:14:23] [Render thread/INFO]: [CHAT] You listed 8 Spruce Trapdoor for $ 4.5K
[17:14:24] [Render thread/INFO]: [CHAT] [Meteor] [Ah Sell] Sending /ah sell 4.50K for slot 3
[17:14:24] [Render thread/INFO]: [CHAT] [Meteor] Toggled Ah Sell §aon.
[17:14:24] [Render thread/INFO]: [CHAT] [Meteor] Toggled Ah Sell §coff.
[17:14:24] [Render thread/INFO]: [CHAT] You listed 8 Spruce Trapdoor for $ 4.5K
[17:14:24] [Render thread/INFO]: [CHAT] [Meteor] [Ah Sell] Sending /ah sell 4.50K for slot 4
[17:14:24] [Render thread/INFO]: [CHAT] [Meteor] Toggled Ah Sell §aon.
[17:14:24] [Render thread/INFO]: [CHAT] [Meteor] Toggled Ah Sell §coff.
[17:14:24] [Render thread/INFO]: [CHAT] You listed 8 Spruce Trapdoor for $ 4.5K
[17:14:25] [Render thread/INFO]: [CHAT] [Meteor] [Ah Sell] Sending /ah sell 4.50K for slot 5
[17:14:25] [Render thread/INFO]: [CHAT] [Meteor] Toggled Ah Sell §aon.
[17:14:25] [Render thread/INFO]: [CHAT] [Meteor] Toggled Ah Sell §coff.
[17:14:25] [Render thread/INFO]: [CHAT] You listed 8 Spruce Trapdoor for $ 4.5K
[17:14:25] [Render thread/INFO]: [CHAT] [Meteor] [Ah Sell] Sending /ah sell 4.50K for slot 6
[17:14:25] [Render thread/INFO]: [CHAT] [Meteor] Toggled Ah Sell §aon.
[17:14:25] [Render thread/INFO]: [CHAT] [Meteor] Toggled Ah Sell §coff.
[17:14:25] [Render thread/INFO]: [CHAT] You listed 8 Spruce Trapdoor for $ 4.5K
[17:14:25] [Render thread/INFO]: [CHAT] [Meteor] [Ah Sell] Sending /ah sell 4.50K for slot 7
[17:14:25] [Render thread/INFO]: [CHAT] [Meteor] Toggled Ah Sell §aon.
[17:14:26] [Render thread/INFO]: [CHAT] [Meteor] Toggled Ah Sell §coff.
[17:14:26] [Render thread/INFO]: [CHAT] You listed 8 Spruce Trapdoor for $ 4.5K
[17:14:26] [Render thread/INFO]: [DONUT PROFIT/SCREEN] Screen Opened: Title = 'Crafting' | Class = class_490
[17:14:35] [Render thread/INFO]: [CHAT] daveeik bought your Spruce Trapdoor for $4.5K
[17:14:36] [Render thread/INFO]: [CHAT] bigfootseeker1 bought your Spruce Trapdoor for $4.5K
[17:14:36] [Render thread/INFO]: [CHAT] Deathzone_ bought your Spruce Trapdoor for $4.5K
[17:14:37] [Render thread/INFO]: [CHAT] Deathzone_ bought your Spruce Trapdoor for $4.5K
[17:14:38] [Render thread/INFO]: [CHAT] chillguy244 bought your Spruce Trapdoor for $4.5K
[17:14:38] [Render thread/INFO]: [CHAT] Deathzone_ bought your Spruce Trapdoor for $4.5K
[17:14:39] [Render thread/INFO]: [DONUT PROFIT/SCREEN] Screen Opened: Title = 'Crafting' | Class = class_490
[17:14:39] [Render thread/INFO]: [CHAT] Deathzone_ bought your Spruce Trapdoor for $4.5K
[17:14:40] [Render thread/INFO]: [CHAT] .BOII_NEEL bought your Spruce Trapdoor for $4.5K
[17:14:40] [Render thread/INFO]: [CHAT] Deathzone_ bought your Spruce Trapdoor for $4.5K
[17:14:41] [Render thread/INFO]: [CHAT] [Meteor] [Ah Sell] Sending /ah sell 4.50K for slot 0
[17:14:41] [Render thread/INFO]: [CHAT] [Meteor] Toggled Ah Sell §aon.
[17:14:41] [Render thread/INFO]: [CHAT] [Meteor] Toggled Ah Sell §coff.
[17:14:41] [Render thread/INFO]: [CHAT] [Meteor] [Ah Sell] Sending /ah sell 4.50K for slot 1
[17:14:41] [Render thread/INFO]: [CHAT] [Meteor] Toggled Ah Sell §aon.
[17:14:41] [Render thread/INFO]: [CHAT] You listed 8 Spruce Trapdoor for $ 4.5K
[17:14:41] [Render thread/INFO]: [CHAT] [Meteor] Toggled Ah Sell §coff.
[17:14:41] [Render thread/INFO]: [CHAT] You listed 8 Spruce Trapdoor for $ 4.5K
[17:14:41] [Render thread/INFO]: [CHAT] [Meteor] [Ah Sell] Sending /ah sell 4.50K for slot 2
[17:14:41] [Render thread/INFO]: [CHAT] [Meteor] Toggled Ah Sell §aon.
[17:14:41] [Render thread/INFO]: [CHAT] [Meteor] Toggled Ah Sell §coff.
[17:14:41] [Render thread/INFO]: [CHAT] You listed 8 Spruce Trapdoor for $ 4.5K
[17:14:41] [Render thread/INFO]: [CHAT] Deathzone_ bought your Spruce Trapdoor for $4.5K
[17:14:42] [Render thread/INFO]: [CHAT] [Meteor] [Ah Sell] Sending /ah sell 4.50K for slot 3
[17:14:42] [Render thread/INFO]: [CHAT] [Meteor] Toggled Ah Sell §aon.
[17:14:42] [Render thread/INFO]: [CHAT] [Meteor] Toggled Ah Sell §coff.
[17:14:42] [Render thread/INFO]: [CHAT] You listed 8 Spruce Trapdoor for $ 4.5K
[17:14:42] [Render thread/INFO]: [CHAT] [Meteor] [Ah Sell] Sending /ah sell 4.50K for slot 4
[17:14:42] [Render thread/INFO]: [CHAT] [Meteor] Toggled Ah Sell §aon.
[17:14:42] [Render thread/INFO]: [CHAT] [Meteor] Toggled Ah Sell §coff.
[17:14:42] [Render thread/INFO]: [CHAT] You listed 8 Spruce Trapdoor for $ 4.5K
[17:14:42] [Render thread/INFO]: [CHAT] [Meteor] [Ah Sell] Sending /ah sell 4.50K for slot 5
[17:14:42] [Render thread/INFO]: [CHAT] [Meteor] Toggled Ah Sell §aon.
[17:14:42] [Render thread/INFO]: [CHAT] [Meteor] Toggled Ah Sell §coff.
[17:14:42] [Render thread/INFO]: [CHAT] You listed 8 Spruce Trapdoor for $ 4.5K
[17:14:42] [Render thread/INFO]: [CHAT] [Meteor] [Ah Sell] Sending /ah sell 4.50K for slot 6
[17:14:42] [Render thread/INFO]: [CHAT] [Meteor] Toggled Ah Sell §aon.
[17:14:42] [Render thread/INFO]: [CHAT] [Meteor] Toggled Ah Sell §coff.
[17:14:42] [Render thread/INFO]: [CHAT] You listed 8 Spruce Trapdoor for $ 4.5K
[17:14:43] [Render thread/INFO]: [CHAT] [Meteor] [Ah Sell] Sending /ah sell 4.50K for slot 7
[17:14:43] [Render thread/INFO]: [CHAT] [Meteor] Toggled Ah Sell §aon.
[17:14:43] [Render thread/INFO]: [CHAT] [Meteor] Toggled Ah Sell §coff.
[17:14:43] [Render thread/INFO]: [CHAT] fireboy227 bought your Golden Carrot for $5.2K
[17:14:43] [Render thread/INFO]: [CHAT] [Meteor] [Ah Sell] Sending /ah sell 4.50K for slot 7
[17:14:43] [Render thread/INFO]: [CHAT] [Meteor] Toggled Ah Sell §aon.
[17:14:44] [Render thread/INFO]: [CHAT] [Meteor] Toggled Ah Sell §coff.
[17:14:44] [Render thread/INFO]: [CHAT] You listed 8 Spruce Trapdoor for $ 4.5K
[17:14:44] [Render thread/INFO]: [DONUT PROFIT/SCREEN] Screen Opened: Title = 'Chat screen' | Class = class_408
[17:14:45] [Render thread/INFO]: [DONUT PROFIT/SCREEN] Screen Opened: Title = 'Modules' | Class = ModulesScreen
[17:14:45] [Render thread/INFO]: [DONUT PROFIT/SCREEN] Screen Opened: Title = 'Auction (Page 1)' | Class = class_476
[17:14:46] [Render thread/INFO]: [CHAT] BigEnnu bought your Spruce Trapdoor for $4.5K
[17:14:46] [Render thread/INFO]: [DONUT PROFIT/SCREEN] Screen Opened: Title = 'Auction -> Your Items' | Class = class_476
[17:14:47] [Render thread/INFO]: [CHAT] BigEnnu bought your Spruce Trapdoor for $4.5K
[17:14:48] [Render thread/INFO]: [DONUT PROFIT/SCREEN] Screen Opened: Title = 'Auction (Page 1)' | Class = class_476
[17:14:48] [Render thread/INFO]: [CHAT] Leroxpcvp bought your Spruce Trapdoor for $4.5K
[17:14:51] [Render thread/INFO]: [DONUT PROFIT/SCREEN] Screen Opened: Title = 'Crafting' | Class = class_490
[17:14:54] [Render thread/INFO]: [CHAT] [Meteor] [Ah Sell] Sending /ah sell 4.50K for slot 0
[17:14:54] [Render thread/INFO]: [CHAT] [Meteor] Toggled Ah Sell §aon.
[17:14:54] [Render thread/INFO]: [CHAT] [Meteor] Toggled Ah Sell §coff.
[17:14:54] [Render thread/INFO]: [CHAT] You listed 8 Spruce Trapdoor for $ 4.5K
[17:14:54] [Render thread/INFO]: [CHAT] [Meteor] [Ah Sell] Sending /ah sell 4.50K for slot 1
[17:14:54] [Render thread/INFO]: [CHAT] [Meteor] Toggled Ah Sell §aon.
[17:14:54] [Render thread/INFO]: [CHAT] [Meteor] Toggled Ah Sell §coff.
[17:14:54] [Render thread/INFO]: [CHAT] [Meteor] [Ah Sell] Sending /ah sell 4.50K for slot 2
[17:14:54] [Render thread/INFO]: [CHAT] [Meteor] Toggled Ah Sell §aon.
[17:14:54] [Render thread/INFO]: [CHAT] You listed 8 Spruce Trapdoor for $ 4.5K
[17:14:54] [Render thread/INFO]: [CHAT] [Meteor] Toggled Ah Sell §coff.
[17:14:54] [Render thread/INFO]: [CHAT] You need to wait another 0.25 seconds to execute a command
[17:14:55] [Render thread/INFO]: [CHAT] [Meteor] [Ah Sell] Sending /ah sell 4.50K for slot 2
[17:14:55] [Render thread/INFO]: [CHAT] [Meteor] Toggled Ah Sell §aon.
[17:14:55] [Render thread/INFO]: [CHAT] [Meteor] Toggled Ah Sell §coff.
[17:14:55] [Render thread/INFO]: [CHAT] You listed 8 Spruce Trapdoor for $ 4.5K
[17:14:55] [Render thread/INFO]: [CHAT] [Meteor] [Ah Sell] Sending /ah sell 4.50K for slot 3
[17:14:55] [Render thread/INFO]: [CHAT] [Meteor] Toggled Ah Sell §aon.
[17:14:55] [Render thread/INFO]: [CHAT] [Meteor] Toggled Ah Sell §coff.
[17:14:55] [Render thread/INFO]: [CHAT] You listed 8 Spruce Trapdoor for $ 4.5K
[17:14:55] [Render thread/INFO]: [CHAT] [Meteor] [Ah Sell] Sending /ah sell 4.50K for slot 4
[17:14:55] [Render thread/INFO]: [CHAT] [Meteor] Toggled Ah Sell §aon.
[17:14:55] [Render thread/INFO]: [CHAT] [Meteor] Toggled Ah Sell §coff.
[17:14:56] [Render thread/INFO]: [CHAT] You listed 8 Spruce Trapdoor for $ 4.5K
[17:14:56] [Render thread/INFO]: [CHAT] [Meteor] [Ah Sell] Sending /ah sell 4.50K for slot 5
[17:14:56] [Render thread/INFO]: [CHAT] [Meteor] Toggled Ah Sell §aon.
[17:14:56] [Render thread/INFO]: [CHAT] [Meteor] Toggled Ah Sell §coff.
[17:14:56] [Render thread/INFO]: [CHAT] CRZY_INTEL39 bought your Oak Trapdoor for $4.5K
[17:14:56] [Render thread/INFO]: [CHAT] You listed 8 Spruce Trapdoor for $ 4.5K
[17:14:56] [Render thread/INFO]: [CHAT] [Meteor] [Ah Sell] Sending /ah sell 4.50K for slot 6
[17:14:56] [Render thread/INFO]: [CHAT] [Meteor] Toggled Ah Sell §aon.
[17:14:56] [Render thread/INFO]: [CHAT] [Meteor] Toggled Ah Sell §coff.
[17:14:56] [Render thread/INFO]: [CHAT] You have too many listed items
[17:14:57] [Render thread/INFO]: [CHAT] [Meteor] [Ah Sell] Sending /ah sell 4.50K for slot 7
[17:14:57] [Render thread/INFO]: [CHAT] [Meteor] Toggled Ah Sell §aon.
[17:14:57] [Render thread/INFO]: [CHAT] [Meteor] Toggled Ah Sell §coff.
[17:14:57] [Render thread/INFO]: [CHAT] You have too many listed items
[17:14:57] [Render thread/INFO]: [DONUT PROFIT/SCREEN] Screen Opened: Title = 'Crafting' | Class = class_490
[17:14:58] [Render thread/INFO]: [DONUT PROFIT/SCREEN] Screen Opened: Title = 'Crafting' | Class = class_490
[17:15:01] [Render thread/INFO]: [CHAT] niha123 bought your Spruce Trapdoor for $4.5K
[17:15:01] [Render thread/INFO]: [CHAT] [Meteor] [Ah Sell] Sending /ah sell 4.50K for slot 0
[17:15:01] [Render thread/INFO]: [CHAT] [Meteor] Toggled Ah Sell §aon.
[17:15:01] [Render thread/INFO]: [CHAT] [Meteor] Toggled Ah Sell §coff.
[17:15:01] [Render thread/INFO]: [CHAT] You listed 16 Spruce Trapdoor for $ 4.5K
[17:15:06] [Render thread/INFO]: [CHAT] [Meteor] [Ah Sell] Sending /ah sell 4.50K for slot 1
[17:15:06] [Render thread/INFO]: [CHAT] [Meteor] Toggled Ah Sell §aon.
[17:15:06] [Render thread/INFO]: [CHAT] [Meteor] Toggled Ah Sell §coff.
[17:15:06] [Render thread/INFO]: [CHAT] You have too many listed items
[17:15:07] [Render thread/INFO]: [DONUT PROFIT/SCREEN] Screen Opened: Title = 'Crafting' | Class = class_490
[17:15:11] [Render thread/INFO]: [CHAT] safari493 bought your Spruce Trapdoor for $4.5K
[17:15:17] [Render thread/INFO]: [CHAT] Row28 bought your Spruce Trapdoor for $4.5K
[17:15:22] [Render thread/INFO]: [CHAT] [Meteor] [Ah Sell] Sending /ah sell 4.50K for slot 1
[17:15:22] [Render thread/INFO]: [CHAT] [Meteor] Toggled Ah Sell §aon.
[17:15:22] [Render thread/INFO]: [CHAT] [Meteor] Toggled Ah Sell §coff.
[17:15:22] [Render thread/INFO]: [CHAT] You listed 8 Spruce Trapdoor for $ 4.5K
[17:15:23] [Render thread/INFO]: [CHAT] Deathzone_ bought your Spruce Trapdoor for $4.5K
[17:15:23] [Render thread/INFO]: [CHAT] [Meteor] [Ah Sell] Sending /ah sell 4.50K for slot 2
[17:15:23] [Render thread/INFO]: [CHAT] [Meteor] Toggled Ah Sell §aon.
[17:15:24] [Render thread/INFO]: [CHAT] Deathzone_ bought your Spruce Trapdoor for $4.5K
[17:15:24] [Render thread/INFO]: [CHAT] [Meteor] Toggled Ah Sell §coff.
[17:15:24] [Render thread/INFO]: [CHAT] You listed 8 Spruce Trapdoor for $ 4.5K
[17:15:24] [Render thread/INFO]: [CHAT] [Meteor] [Ah Sell] Sending /ah sell 4.50K for slot 2
[17:15:24] [Render thread/INFO]: [CHAT] [Meteor] Toggled Ah Sell §aon.
[17:15:24] [Render thread/INFO]: [CHAT] [Meteor] Toggled Ah Sell §coff.
[17:15:24] [Render thread/INFO]: [CHAT] You listed 8 Spruce Trapdoor for $ 4.5K
[17:15:30] [Render thread/INFO]: [CHAT] JujuDePomme22 bought your Spruce Trapdoor for $4.5K
[17:15:37] [Render thread/INFO]: [CHAT] [Meteor] [Ah Sell] Sending /ah sell 4.50K for slot 4
[17:15:37] [Render thread/INFO]: [CHAT] [Meteor] Toggled Ah Sell §aon.
[17:15:37] [Render thread/INFO]: [CHAT] [Meteor] Toggled Ah Sell §coff.
[17:15:37] [Render thread/INFO]: [CHAT] You listed 8 Spruce Trapdoor for $ 4.5K
[17:15:37] [Render thread/INFO]: [CHAT] [Meteor] [Ah Sell] Sending /ah sell 4.50K for slot 5
[17:15:37] [Render thread/INFO]: [CHAT] [Meteor] Toggled Ah Sell §aon.
[17:15:37] [Render thread/INFO]: [CHAT] [Meteor] Toggled Ah Sell §coff.
[17:15:37] [Render thread/INFO]: [CHAT] You listed 8 Spruce Trapdoor for $ 4.5K
[17:15:40] [Render thread/INFO]: [DONUT PROFIT/SCREEN] Screen Opened: Title = 'Chat screen' | Class = class_408
[17:15:40] [Render thread/INFO]: [DONUT PROFIT/SCREEN] Screen Opened: Title = 'Auction (Page 1)' | Class = class_476
[17:15:42] [Render thread/INFO]: [DONUT PROFIT/SCREEN] Screen Opened: Title = 'Auction -> Your Items' | Class = class_476
[17:15:42] [Render thread/INFO]: [CHAT] Hideko1 bought your Spruce Trapdoor for $4.5K
[17:15:43] [Render thread/INFO]: [DONUT PROFIT/SCREEN] Screen Opened: Title = 'Auction (Page 1)' | Class = class_476
[17:15:44] [Render thread/INFO]: [CHAT] [Meteor] [Ah Sell] Sending /ah sell 4.50K for slot 6
[17:15:44] [Render thread/INFO]: [CHAT] [Meteor] Toggled Ah Sell §aon.
[17:15:44] [Render thread/INFO]: [CHAT] [Meteor] Toggled Ah Sell §coff.
[17:15:44] [Render thread/INFO]: [CHAT] You listed 8 Spruce Trapdoor for $ 4.5K
[17:15:45] [Render thread/INFO]: [CHAT] [Meteor] [Ah Sell] Sending /ah sell 4.50K for slot 7
[17:15:45] [Render thread/INFO]: [CHAT] [Meteor] Toggled Ah Sell §aon.
[17:15:45] [Render thread/INFO]: [CHAT] [Meteor] Toggled Ah Sell §coff.
[17:15:45] [Render thread/INFO]: [CHAT] You have too many listed items
[17:15:46] [Render thread/INFO]: [DONUT PROFIT/SCREEN] Screen Opened: Title = 'Crafting' | Class = class_490
[17:15:48] [Render thread/INFO]: [CHAT] Pixelparidise bought your Spruce Trapdoor for $4.5K
[17:15:49] [Render thread/INFO]: [CHAT] [Meteor] [Ah Sell] Sending /ah sell 4.50K for slot 7
[17:15:49] [Render thread/INFO]: [CHAT] [Meteor] Toggled Ah Sell §aon.
[17:15:49] [Render thread/INFO]: [CHAT] You earned $9K from auction
[17:15:49] [Render thread/INFO]: [CHAT] [Meteor] Toggled Ah Sell §coff.
[17:15:49] [Render thread/INFO]: [CHAT] You listed 8 Spruce Trapdoor for $ 4.5K
[17:15:51] [Render thread/INFO]: [CHAT] CrimsonAzure01 bought your Spruce Trapdoor for $4.5K
[17:15:52] [Render thread/INFO]: [CHAT] EndlessVoiddd bought your Spruce Trapdoor for $4.5K
[17:15:54] [Render thread/INFO]: [CHAT] [Meteor] [Ah Sell] Sending /ah sell 4.50K for slot 8
[17:15:54] [Render thread/INFO]: [CHAT] [Meteor] Toggled Ah Sell §aon.
[17:15:54] [Render thread/INFO]: [CHAT] [Meteor] Toggled Ah Sell §coff.
[17:15:54] [Render thread/INFO]: [CHAT] You listed 8 Spruce Trapdoor for $ 4.5K
[17:15:55] [Render thread/INFO]: [DONUT PROFIT/SCREEN] Screen Opened: Title = 'Crafting' | Class = class_490
[17:15:58] [Render thread/INFO]: [CHAT] .Jojo6081 bought your Spruce Trapdoor for $4.5K
[17:15:59] [Render thread/INFO]: [CHAT] [Meteor] [Ah Sell] Sending /ah sell 4.50K for slot 0
[17:15:59] [Render thread/INFO]: [CHAT] [Meteor] Toggled Ah Sell §aon.
[17:15:59] [Render thread/INFO]: [CHAT] [Meteor] Toggled Ah Sell §coff.
[17:15:59] [Render thread/INFO]: [CHAT] You listed 8 Spruce Trapdoor for $ 4.5K
[17:15:59] [Render thread/INFO]: [CHAT] [Meteor] [Ah Sell] Sending /ah sell 4.50K for slot 1
[17:15:59] [Render thread/INFO]: [CHAT] [Meteor] Toggled Ah Sell §aon.
[17:15:59] [Render thread/INFO]: [CHAT] [Meteor] Toggled Ah Sell §coff.
[17:15:59] [Render thread/INFO]: [CHAT] You listed 8 Spruce Trapdoor for $ 4.5K
[17:16:06] [Render thread/INFO]: [DONUT PROFIT/SCREEN] Screen Opened: Title = 'Chat screen' | Class = class_408
[17:16:07] [Render thread/INFO]: [DONUT PROFIT/SCREEN] Screen Opened: Title = 'Chat screen' | Class = class_408
[17:16:08] [Render thread/INFO]: [CHAT] [Meteor] [Ah Sell] Sending /ah sell 4.50K for slot 2
[17:16:08] [Render thread/INFO]: [CHAT] [Meteor] Toggled Ah Sell §aon.
[17:16:08] [Render thread/INFO]: [CHAT] [Meteor] Toggled Ah Sell §coff.
[17:16:08] [Render thread/INFO]: [CHAT] You listed 8 Spruce Trapdoor for $ 4.5K
[17:16:08] [Render thread/INFO]: [CHAT] sudz3y bought your Spruce Trapdoor for $4.5K
[17:16:09] [Render thread/INFO]: [CHAT] [Meteor] [Ah Sell] Sending /ah sell 4.50K for slot 3
[17:16:09] [Render thread/INFO]: [CHAT] [Meteor] Toggled Ah Sell §aon.
[17:16:09] [Render thread/INFO]: [CHAT] [Meteor] Toggled Ah Sell §coff.
[17:16:09] [Render thread/INFO]: [CHAT] You listed 8 Spruce Trapdoor for $ 4.5K
[17:16:10] [Render thread/INFO]: [DONUT PROFIT/SCREEN] Screen Opened: Title = 'Crafting' | Class = class_490
[17:16:10] [Render thread/INFO]: [CHAT] k_REINforced_001 bought your Spruce Trapdoor for $4.5K
[17:16:10] [Render thread/INFO]: [CHAT] [Meteor] [Ah Sell] Sending /ah sell 4.50K for slot 4
[17:16:10] [Render thread/INFO]: [CHAT] [Meteor] Toggled Ah Sell §aon.
[17:16:10] [Render thread/INFO]: [CHAT] [Meteor] Toggled Ah Sell §coff.
[17:16:11] [Render thread/INFO]: [CHAT] You listed 8 Spruce Trapdoor for $ 4.5K
[17:16:11] [Render thread/INFO]: [CHAT] [Meteor] [Ah Sell] Sending /ah sell 4.50K for slot 5
[17:16:11] [Render thread/INFO]: [CHAT] [Meteor] Toggled Ah Sell §aon.
[17:16:11] [Render thread/INFO]: [CHAT] [Meteor] Toggled Ah Sell §coff.
[17:16:11] [Render thread/INFO]: [CHAT] You listed 8 Spruce Trapdoor for $ 4.5K
[17:16:12] [Render thread/INFO]: [CHAT] [Meteor] [Ah Sell] Sending /ah sell 4.50K for slot 6
[17:16:12] [Render thread/INFO]: [CHAT] [Meteor] Toggled Ah Sell §aon.
[17:16:12] [Render thread/INFO]: [CHAT] [Meteor] Toggled Ah Sell §coff.
[17:16:12] [Render thread/INFO]: [CHAT] You listed 8 Spruce Trapdoor for $ 4.5K
[17:16:12] [Render thread/INFO]: [CHAT] [Meteor] [Ah Sell] Sending /ah sell 4.50K for slot 7
[17:16:12] [Render thread/INFO]: [CHAT] [Meteor] Toggled Ah Sell §aon.
[17:16:12] [Render thread/INFO]: [CHAT] 51GoldHunter bought your Spruce Trapdoor for $4.5K
[17:16:12] [Render thread/INFO]: [CHAT] [Meteor] Toggled Ah Sell §coff.
[17:16:12] [Render thread/INFO]: [CHAT] You have too many listed items
[17:16:12] [Render thread/INFO]: [DONUT PROFIT/SCREEN] Screen Opened: Title = 'Crafting' | Class = class_490
[17:16:18] [Render thread/INFO]: [DONUT PROFIT/SCREEN] Screen Opened: Title = 'Chat screen' | Class = class_408
[17:16:20] [Render thread/INFO]: [DONUT PROFIT/SCREEN] Screen Opened: Title = 'Auction (Page 1)' | Class = class_476
[17:16:23] [Render thread/INFO]: [CHAT] manoah1234 bought your Spruce Trapdoor for $4.5K
[17:16:24] [Render thread/INFO]: [DONUT PROFIT/SCREEN] Screen Opened: Title = 'Chat screen' | Class = class_408
[17:16:24] [Render thread/INFO]: [DONUT PROFIT/SCREEN] Screen Opened: Title = 'Auction (Page 1)' | Class = class_476
[17:16:28] [Render thread/INFO]: [DONUT PROFIT/SCREEN] Screen Opened: Title = 'Modules' | Class = ModulesScreen
[17:16:30] [Render thread/INFO]: [DONUT PROFIT/SCREEN] Screen Opened: Title = 'Ah Sell' | Class = ModuleScreen
[17:16:33] [Render thread/INFO]: [DONUT PROFIT/SCREEN] Screen Opened: Title = 'Modules' | Class = ModulesScreen
[17:16:33] [Render thread/INFO]: [CHAT] [Meteor] [Ah Sell] Sending /ah sell 5.00K for slot 0
[17:16:33] [Render thread/INFO]: [CHAT] [Meteor] Toggled Ah Sell §aon.
[17:16:33] [Render thread/INFO]: [CHAT] [Meteor] Toggled Ah Sell §coff.
[17:16:34] [Render thread/INFO]: [CHAT] You listed 8 Spruce Trapdoor for $ 4.9K
[17:16:34] [Render thread/INFO]: [DONUT PROFIT/SCREEN] Screen Opened: Title = 'Crafting' | Class = class_490
[17:16:34] [Render thread/INFO]: [CHAT] R3KAND bought your Spruce Trapdoor for $4.5K
[17:16:37] [Render thread/INFO]: [CHAT] [Meteor] [Ah Sell] Sending /ah sell 5.00K for slot 0
[17:16:37] [Render thread/INFO]: [CHAT] [Meteor] Toggled Ah Sell §aon.
[17:16:37] [Render thread/INFO]: [CHAT] [Meteor] Toggled Ah Sell §coff.
[17:16:37] [Render thread/INFO]: [CHAT] You listed 8 Spruce Trapdoor for $ 4.9K
[17:16:38] [Render thread/INFO]: [CHAT] [Meteor] [Ah Sell] Sending /ah sell 5.00K for slot 1
[17:16:38] [Render thread/INFO]: [CHAT] [Meteor] Toggled Ah Sell §aon.
[17:16:38] [Render thread/INFO]: [CHAT] [Meteor] Toggled Ah Sell §coff.
[17:16:38] [Render thread/INFO]: [CHAT] You have too many listed items
[17:16:38] [Render thread/INFO]: [DONUT PROFIT/SCREEN] Screen Opened: Title = 'Crafting' | Class = class_490
[17:16:42] [Render thread/INFO]: [CHAT] gianniskoul1 bought your Spruce Trapdoor for $4.5K
[17:16:45] [Render thread/INFO]: [CHAT] [Meteor] [Ah Sell] Sending /ah sell 5.00K for slot 1
[17:16:45] [Render thread/INFO]: [CHAT] [Meteor] Toggled Ah Sell §aon.
[17:16:45] [Render thread/INFO]: [CHAT] [Meteor] Toggled Ah Sell §coff.
[17:16:45] [Render thread/INFO]: [CHAT] You listed 8 Spruce Trapdoor for $ 4.9K
[17:16:57] [Render thread/INFO]: [CHAT] SaintCPVP bought your Spruce Trapdoor for $4.5K
[17:16:57] [Render thread/INFO]: [CHAT] [Meteor] [Ah Sell] Sending /ah sell 5.00K for slot 2
[17:16:57] [Render thread/INFO]: [CHAT] [Meteor] Toggled Ah Sell §aon.
[17:16:57] [Render thread/INFO]: [CHAT] [Meteor] Toggled Ah Sell §coff.
[17:16:58] [Render thread/INFO]: [CHAT] You listed 8 Spruce Trapdoor for $ 4.9K
[17:16:58] [Render thread/INFO]: [CHAT] .OctalPond983581 bought your Spruce Trapdoor for $4.5K
[17:16:58] [Render thread/INFO]: [CHAT] .OctalPond983581 bought your Spruce Trapdoor for $4.5K
[17:16:58] [Render thread/INFO]: [CHAT] [Meteor] [Ah Sell] Sending /ah sell 5.00K for slot 3
[17:16:58] [Render thread/INFO]: [CHAT] [Meteor] Toggled Ah Sell §aon.
[17:16:59] [Render thread/INFO]: [CHAT] [Meteor] Toggled Ah Sell §coff.
[17:16:59] [Render thread/INFO]: [CHAT] You listed 8 Spruce Trapdoor for $ 4.9K
[17:17:03] [Render thread/INFO]: [CHAT] AndyPvP67 bought your Spruce Trapdoor for $4.5K
[17:17:06] [Render thread/INFO]: [CHAT] Ty1erMC bought your Spruce Trapdoor for $4.5K
[17:17:07] [Render thread/INFO]: [CHAT] fluffexmc bought your Spruce Trapdoor for $4.5K
[17:17:07] [Render thread/INFO]: [CHAT] fluffexmc bought your Spruce Trapdoor for $4.5K
[17:17:11] [Render thread/INFO]: [CHAT] [Meteor] [Ah Sell] Sending /ah sell 5.00K for slot 4
[17:17:11] [Render thread/INFO]: [CHAT] [Meteor] Toggled Ah Sell §aon.
[17:17:11] [Render thread/INFO]: [CHAT] [Meteor] Toggled Ah Sell §coff.
[17:17:11] [Render thread/INFO]: [CHAT] You listed 8 Spruce Trapdoor for $ 4.9K
[17:17:12] [Render thread/INFO]: [CHAT] [Meteor] [Ah Sell] Sending /ah sell 5.00K for slot 5
[17:17:12] [Render thread/INFO]: [CHAT] [Meteor] Toggled Ah Sell §aon.
[17:17:12] [Render thread/INFO]: [CHAT] [Meteor] Toggled Ah Sell §coff.
[17:17:12] [Render thread/INFO]: [CHAT] You listed 8 Spruce Trapdoor for $ 4.9K
[17:17:12] [Render thread/INFO]: [CHAT] [Meteor] [Ah Sell] Sending /ah sell 5.00K for slot 6
[17:17:12] [Render thread/INFO]: [CHAT] [Meteor] Toggled Ah Sell §aon.
[17:17:12] [Render thread/INFO]: [CHAT] [Meteor] Toggled Ah Sell §coff.
[17:17:12] [Render thread/INFO]: [CHAT] You listed 8 Spruce Trapdoor for $ 4.9K
[17:17:14] [Render thread/INFO]: [CHAT] .CLAYYY_FNN4410 bought your Spruce Trapdoor for $4.5K
[17:17:16] [Render thread/INFO]: [CHAT] [Meteor] [Ah Sell] Sending /ah sell 5.00K for slot 7
[17:17:16] [Render thread/INFO]: [CHAT] [Meteor] Toggled Ah Sell §aon.
[17:17:16] [Render thread/INFO]: [CHAT] [Meteor] Toggled Ah Sell §coff.
[17:17:16] [Render thread/INFO]: [CHAT] You listed 8 Spruce Trapdoor for $ 4.9K
[17:17:17] [Render thread/INFO]: [DONUT PROFIT/SCREEN] Screen Opened: Title = 'Crafting' | Class = class_490
[17:17:23] [Render thread/INFO]: [CHAT] kekek3000 bought your Spruce Trapdoor for $4.5K
[17:17:24] [Render thread/INFO]: [CHAT] [Meteor] [Ah Sell] Sending /ah sell 5.00K for slot 0
[17:17:24] [Render thread/INFO]: [CHAT] [Meteor] Toggled Ah Sell §aon.
[17:17:24] [Render thread/INFO]: [CHAT] [Meteor] Toggled Ah Sell §coff.
[17:17:24] [Render thread/INFO]: [CHAT] You listed 8 Spruce Trapdoor for $ 4.9K
[17:17:25] [Render thread/INFO]: [CHAT] [Meteor] [Ah Sell] Sending /ah sell 5.00K for slot 1
[17:17:25] [Render thread/INFO]: [CHAT] [Meteor] Toggled Ah Sell §aon.
[17:17:25] [Render thread/INFO]: [CHAT] [Meteor] Toggled Ah Sell §coff.
[17:17:25] [Render thread/INFO]: [CHAT] You listed 8 Spruce Trapdoor for $ 4.9K
[17:17:25] [Render thread/INFO]: [CHAT] Ko_kosrieksts bought your Spruce Trapdoor for $4.5K
[17:17:26] [Render thread/INFO]: [CHAT] [Meteor] [Ah Sell] Sending /ah sell 5.00K for slot 2
[17:17:26] [Render thread/INFO]: [CHAT] [Meteor] Toggled Ah Sell §aon.
[17:17:26] [Render thread/INFO]: [CHAT] [Meteor] Toggled Ah Sell §coff.
[17:17:26] [Render thread/INFO]: [CHAT] You listed 8 Spruce Trapdoor for $ 4.9K
[17:17:29] [Render thread/INFO]: [CHAT] [Meteor] [Ah Sell] Sending /ah sell 5.00K for slot 3
[17:17:29] [Render thread/INFO]: [CHAT] [Meteor] Toggled Ah Sell §aon.
[17:17:29] [Render thread/INFO]: [CHAT] [Meteor] Toggled Ah Sell §coff.
[17:17:29] [Render thread/INFO]: [CHAT] .Lestylex2632 bought your Spruce Trapdoor for $4.5K
[17:17:29] [Render thread/INFO]: [CHAT] You listed 8 Spruce Trapdoor for $ 4.9K
[17:17:31] [Render thread/INFO]: [CHAT] Lineman_52 bought your Spruce Trapdoor for $4.5K
[17:17:31] [Render thread/INFO]: [CHAT] [Meteor] [Ah Sell] Sending /ah sell 5.00K for slot 4
[17:17:31] [Render thread/INFO]: [CHAT] [Meteor] Toggled Ah Sell §aon.
[17:17:32] [Render thread/INFO]: [CHAT] [Meteor] Toggled Ah Sell §coff.
[17:17:32] [Render thread/INFO]: [CHAT] You listed 8 Spruce Trapdoor for $ 4.9K
[17:17:34] [Render thread/INFO]: [CHAT] flyingduck1618 bought your Spruce Trapdoor for $4.5K
[17:17:34] [Render thread/INFO]: [CHAT] [Meteor] [Ah Sell] Sending /ah sell 5.00K for slot 5
[17:17:34] [Render thread/INFO]: [CHAT] [Meteor] Toggled Ah Sell §aon.
[17:17:35] [Render thread/INFO]: [CHAT] [Meteor] Toggled Ah Sell §coff.
[17:17:35] [Render thread/INFO]: [CHAT] You listed 8 Spruce Trapdoor for $ 4.9K
[17:17:37] [Render thread/INFO]: [CHAT] Asv3 bought your Spruce Trapdoor for $4.5K
[17:17:38] [Render thread/INFO]: [CHAT] [Meteor] [Ah Sell] Sending /ah sell 5.00K for slot 6
[17:17:38] [Render thread/INFO]: [CHAT] [Meteor] Toggled Ah Sell §aon.
[17:17:38] [Render thread/INFO]: [CHAT] [Meteor] Toggled Ah Sell §coff.
[17:17:38] [Render thread/INFO]: [CHAT] You listed 8 Spruce Trapdoor for $ 4.9K
[17:17:51] [Render thread/INFO]: [CHAT] ilovebbl2 bought your Spruce Trapdoor for $4.5K
[17:17:54] [Render thread/INFO]: [CHAT] .Holstikka4 bought your Spruce Trapdoor for $4.9K
[17:17:55] [Render thread/INFO]: [CHAT] [Meteor] [Ah Sell] Sending /ah sell 5.00K for slot 7
[17:17:55] [Render thread/INFO]: [CHAT] [Meteor] Toggled Ah Sell §aon.
[17:17:55] [Render thread/INFO]: [CHAT] [Meteor] Toggled Ah Sell §coff.
[17:17:55] [Render thread/INFO]: [CHAT] You listed 8 Spruce Trapdoor for $ 4.9K
[17:17:55] [Render thread/INFO]: [DONUT PROFIT/SCREEN] Screen Opened: Title = 'Crafting' | Class = class_490
[17:18:01] [Render thread/INFO]: [CHAT] [Meteor] [Ah Sell] Sending /ah sell 5.00K for slot 0
[17:18:01] [Render thread/INFO]: [CHAT] [Meteor] Toggled Ah Sell §aon.
[17:18:01] [Render thread/INFO]: [CHAT] [Meteor] Toggled Ah Sell §coff.
[17:18:02] [Render thread/INFO]: [CHAT] You listed 8 Spruce Trapdoor for $ 4.9K
[17:18:02] [Render thread/INFO]: [CHAT] [Meteor] [Ah Sell] Sending /ah sell 5.00K for slot 1
[17:18:02] [Render thread/INFO]: [CHAT] [Meteor] Toggled Ah Sell §aon.
[17:18:02] [Render thread/INFO]: [CHAT] [Meteor] Toggled Ah Sell §coff.
[17:18:02] [Render thread/INFO]: [CHAT] You listed 8 Spruce Trapdoor for $ 4.9K
[17:18:02] [Render thread/INFO]: [CHAT] [Meteor] [Ah Sell] Sending /ah sell 5.00K for slot 2
[17:18:02] [Render thread/INFO]: [CHAT] [Meteor] Toggled Ah Sell §aon.
[17:18:02] [Render thread/INFO]: [CHAT] [Meteor] Toggled Ah Sell §coff.
[17:18:02] [Render thread/INFO]: [CHAT] You have too many listed items
[17:18:02] [Render thread/INFO]: [CHAT] [Meteor] [Ah Sell] Sending /ah sell 5.00K for slot 3
[17:18:02] [Render thread/INFO]: [CHAT] [Meteor] Toggled Ah Sell §aon.
[17:18:02] [Render thread/INFO]: [CHAT] [Meteor] Toggled Ah Sell §coff.
[17:18:03] [Render thread/INFO]: [CHAT] You have too many listed items
[17:18:03] [Render thread/INFO]: [DONUT PROFIT/SCREEN] Screen Opened: Title = 'Crafting' | Class = class_490
[17:18:05] [Render thread/INFO]: [DONUT PROFIT/SCREEN] Screen Opened: Title = 'Chat screen' | Class = class_408
[17:18:05] [Render thread/INFO]: [CHAT] .Ne4zzzer bought your Spruce Trapdoor for $4.9K
[17:18:06] [Render thread/INFO]: [DONUT PROFIT/SCREEN] Screen Opened: Title = 'Auction (Page 1)' | Class = class_476
[17:18:09] [Render thread/INFO]: [DONUT PROFIT/SCREEN] Screen Opened: Title = 'Auction (Page 2)' | Class = class_476
[17:18:09] [Render thread/INFO]: [DONUT PROFIT/SCREEN] Screen Opened: Title = 'Auction (Page 3)' | Class = class_476
[17:18:10] [Render thread/INFO]: [DONUT PROFIT/SCREEN] Screen Opened: Title = 'Auction (Page 2)' | Class = class_476
[17:18:11] [Render thread/INFO]: [DONUT PROFIT/SCREEN] Screen Opened: Title = 'Auction (Page 1)' | Class = class_476
[17:18:13] [Render thread/INFO]: [DONUT PROFIT/SCREEN] Screen Opened: Title = 'Chat screen' | Class = class_408
[17:18:14] [Render thread/INFO]: [DONUT PROFIT/SCREEN] Screen Opened: Title = 'Auction (Page 1)' | Class = class_476
[17:18:16] [Render thread/INFO]: [DONUT PROFIT/SCREEN] Screen Opened: Title = 'Modules' | Class = ModulesScreen
[17:18:18] [Render thread/INFO]: [DONUT PROFIT/SCREEN] Screen Opened: Title = 'Ah Sell' | Class = ModuleScreen
[17:18:21] [Render thread/INFO]: [DONUT PROFIT/SCREEN] Screen Opened: Title = 'Modules' | Class = ModulesScreen
[17:18:21] [Render thread/INFO]: [CHAT] [Meteor] [Ah Sell] Sending /ah sell 6.00K for slot 2
[17:18:21] [Render thread/INFO]: [CHAT] [Meteor] Toggled Ah Sell §aon.
[17:18:22] [Render thread/INFO]: [CHAT] [Meteor] Toggled Ah Sell §coff.
[17:18:22] [Render thread/INFO]: [CHAT] You listed 8 Spruce Trapdoor for $ 5.9K
[17:18:22] [Render thread/INFO]: [CHAT] [Meteor] [Ah Sell] Sending /ah sell 6.00K for slot 3
[17:18:22] [Render thread/INFO]: [CHAT] [Meteor] Toggled Ah Sell §aon.
[17:18:22] [Render thread/INFO]: [CHAT] [Meteor] Toggled Ah Sell §coff.
[17:18:22] [Render thread/INFO]: [CHAT] You listed 8 Spruce Trapdoor for $ 5.9K
[17:18:22] [Render thread/INFO]: [CHAT] .BlazeFighter233 bought your Spruce Trapdoor for $4.9K
[17:18:23] [Render thread/INFO]: [CHAT] [Meteor] [Ah Sell] Sending /ah sell 6.00K for slot 4
[17:18:23] [Render thread/INFO]: [CHAT] [Meteor] Toggled Ah Sell §aon.
[17:18:23] [Render thread/INFO]: [CHAT] [Meteor] Toggled Ah Sell §coff.
[17:18:23] [Render thread/INFO]: [CHAT] You have too many listed items
[17:18:24] [Render thread/INFO]: [DONUT PROFIT/SCREEN] Screen Opened: Title = 'Crafting' | Class = class_490
[17:18:52] [Render thread/INFO]: [DONUT PROFIT/SCREEN] Screen Opened: Title = 'Chat screen' | Class = class_408
[17:18:54] [Render thread/INFO]: [CHAT] [Meteor] [Ah Sell] Sending /ah sell 6.00K for slot 4
[17:18:54] [Render thread/INFO]: [CHAT] [Meteor] Toggled Ah Sell §aon.
[17:18:54] [Render thread/INFO]: [CHAT] [Meteor] Toggled Ah Sell §coff.
[17:18:55] [Render thread/INFO]: [CHAT] You have too many listed items
[17:18:55] [Render thread/INFO]: [DONUT PROFIT/SCREEN] Screen Opened: Title = 'Chat screen' | Class = class_408
[17:18:56] [Render thread/INFO]: [DONUT PROFIT/SCREEN] Screen Opened: Title = 'Crafting' | Class = class_490
[17:18:57] [Render thread/INFO]: [DONUT PROFIT/SCREEN] Screen Opened: Title = 'Chat screen' | Class = class_408
[17:18:58] [Render thread/INFO]: [DONUT PROFIT/SCREEN] Screen Opened: Title = 'Auction (Page 1)' | Class = class_476
[17:19:00] [Render thread/INFO]: [DONUT PROFIT/SCREEN] Screen Opened: Title = 'Auction (Page 2)' | Class = class_476
[17:19:01] [Render thread/INFO]: [DONUT PROFIT/SCREEN] Screen Opened: Title = 'Auction (Page 1)' | Class = class_476
[17:19:09] [Render thread/INFO]: [CHAT] KenoBeckersigma bought your Spruce Trapdoor for $4.9K
[17:19:09] [Render thread/INFO]: [CHAT] .DorsalFernMc bought your Spruce Trapdoor for $4.9K
[17:19:10] [Render thread/INFO]: [CHAT] [Meteor] [Ah Sell] Sending /ah sell 6.00K for slot 4
[17:19:10] [Render thread/INFO]: [CHAT] [Meteor] Toggled Ah Sell §aon.
[17:19:11] [Render thread/INFO]: [CHAT] [Meteor] Toggled Ah Sell §coff.
[17:19:11] [Render thread/INFO]: [CHAT] You listed 8 Spruce Trapdoor for $ 5.9K
[17:19:12] [Render thread/INFO]: [CHAT] [Meteor] [Ah Sell] Sending /ah sell 6.00K for slot 5
[17:19:12] [Render thread/INFO]: [CHAT] [Meteor] Toggled Ah Sell §aon.
[17:19:12] [Render thread/INFO]: [CHAT] [Meteor] Toggled Ah Sell §coff.
[17:19:12] [Render thread/INFO]: [CHAT] You listed 8 Spruce Trapdoor for $ 5.9K
[17:19:12] [Render thread/INFO]: [CHAT] .basilshnb bought your Spruce Trapdoor for $4.9K
[17:19:13] [Render thread/INFO]: [CHAT] [Meteor] [Ah Sell] Sending /ah sell 6.00K for slot 6
[17:19:13] [Render thread/INFO]: [CHAT] [Meteor] Toggled Ah Sell §aon.
[17:19:13] [Render thread/INFO]: [CHAT] [Meteor] Toggled Ah Sell §coff.
[17:19:13] [Render thread/INFO]: [CHAT] You listed 8 Spruce Trapdoor for $ 5.9K
[17:19:16] [Render thread/INFO]: [CHAT] NotGreenBop bought your Spruce Trapdoor for $4.9K
[17:19:17] [Render thread/INFO]: [CHAT] You earned $9.9K from auction
[17:19:17] [Render thread/INFO]: [CHAT] NotGreenBop bought your Spruce Trapdoor for $4.9K
[17:19:17] [Render thread/INFO]: [CHAT] NotGreenBop bought your Spruce Trapdoor for $4.9K
[17:19:17] [Render thread/INFO]: [CHAT] NotGreenBop bought your Spruce Trapdoor for $4.9K
[17:19:17] [Render thread/INFO]: [CHAT] [Meteor] [Ah Sell] Sending /ah sell 6.00K for slot 7
[17:19:17] [Render thread/INFO]: [CHAT] [Meteor] Toggled Ah Sell §aon.
[17:19:17] [Render thread/INFO]: [CHAT] [Meteor] Toggled Ah Sell §coff.
[17:19:17] [Render thread/INFO]: [CHAT] You listed 8 Spruce Trapdoor for $ 5.9K
[17:19:18] [Render thread/INFO]: [DONUT PROFIT/SCREEN] Screen Opened: Title = 'Crafting' | Class = class_490
[17:19:20] [Render thread/INFO]: [CHAT] serbezte bought your Spruce Trapdoor for $4.9K
[17:19:21] [Render thread/INFO]: [CHAT] [Meteor] [Ah Sell] Sending /ah sell 6.00K for slot 0
[17:19:21] [Render thread/INFO]: [CHAT] [Meteor] Toggled Ah Sell §aon.
[17:19:21] [Render thread/INFO]: [CHAT] [Meteor] Toggled Ah Sell §coff.
[17:19:21] [Render thread/INFO]: [CHAT] You listed 8 Spruce Trapdoor for $ 5.9K
[17:19:21] [Render thread/INFO]: [CHAT] [Meteor] [Ah Sell] Sending /ah sell 6.00K for slot 1
[17:19:21] [Render thread/INFO]: [CHAT] [Meteor] Toggled Ah Sell §aon.
[17:19:21] [Render thread/INFO]: [CHAT] [Meteor] Toggled Ah Sell §coff.
[17:19:21] [Render thread/INFO]: [CHAT] You listed 8 Spruce Trapdoor for $ 5.9K
[17:19:21] [Render thread/INFO]: [CHAT] [Meteor] [Ah Sell] Sending /ah sell 6.00K for slot 2
[17:19:21] [Render thread/INFO]: [CHAT] [Meteor] Toggled Ah Sell §aon.
[17:19:21] [Render thread/INFO]: [CHAT] [Meteor] Toggled Ah Sell §coff.
[17:19:21] [Render thread/INFO]: [CHAT] You listed 8 Spruce Trapdoor for $ 5.9K
[17:19:21] [Render thread/INFO]: [CHAT] [Meteor] [Ah Sell] Sending /ah sell 6.00K for slot 3
[17:19:21] [Render thread/INFO]: [CHAT] [Meteor] Toggled Ah Sell §aon.
[17:19:21] [Render thread/INFO]: [CHAT] [Meteor] Toggled Ah Sell §coff.
[17:19:21] [Render thread/INFO]: [CHAT] You listed 8 Spruce Trapdoor for $ 5.9K
[17:19:22] [Render thread/INFO]: [CHAT] [Meteor] [Ah Sell] Sending /ah sell 6.00K for slot 4
[17:19:22] [Render thread/INFO]: [CHAT] [Meteor] Toggled Ah Sell §aon.
[17:19:22] [Render thread/INFO]: [CHAT] [Meteor] Toggled Ah Sell §coff.
[17:19:22] [Render thread/INFO]: [CHAT] You listed 8 Spruce Trapdoor for $ 5.9K
[17:19:22] [Render thread/INFO]: [CHAT] [Meteor] [Ah Sell] Sending /ah sell 6.00K for slot 5
[17:19:22] [Render thread/INFO]: [CHAT] [Meteor] Toggled Ah Sell §aon.
[17:19:22] [Render thread/INFO]: [CHAT] [Meteor] Toggled Ah Sell §coff.
[17:19:22] [Render thread/INFO]: [CHAT] You listed 8 Spruce Trapdoor for $ 5.9K
[17:19:22] [Render thread/INFO]: [CHAT] [Meteor] [Ah Sell] Sending /ah sell 6.00K for slot 6
[17:19:22] [Render thread/INFO]: [CHAT] [Meteor] Toggled Ah Sell §aon.
[17:19:22] [Render thread/INFO]: [CHAT] [Meteor] Toggled Ah Sell §coff.
[17:19:23] [Render thread/INFO]: [CHAT] You have too many listed items
[17:19:23] [Render thread/INFO]: [DONUT PROFIT/SCREEN] Screen Opened: Title = 'Crafting' | Class = class_490
[17:19:24] [Render thread/INFO]: [CHAT] ArmZeir bought your Spruce Trapdoor for $4.9K
[17:19:25] [Render thread/INFO]: [CHAT] [Meteor] [Ah Sell] Sending /ah sell 6.00K for slot 6
[17:19:25] [Render thread/INFO]: [CHAT] [Meteor] Toggled Ah Sell §aon.
[17:19:25] [Render thread/INFO]: [CHAT] [Meteor] Toggled Ah Sell §coff.
[17:19:25] [Render thread/INFO]: [CHAT] You listed 8 Spruce Trapdoor for $ 5.9K
[17:19:25] [Render thread/INFO]: [CHAT] [Meteor] [Ah Sell] Sending /ah sell 6.00K for slot 6
[17:19:25] [Render thread/INFO]: [CHAT] [Meteor] Toggled Ah Sell §aon.
[17:19:25] [Render thread/INFO]: [CHAT] [Meteor] Toggled Ah Sell §coff.
[17:19:25] [Render thread/INFO]: [CHAT] Calv242 bought your Spruce Trapdoor for $4.9K
[17:19:25] [Render thread/INFO]: [CHAT] You cannot sell air.
[17:19:26] [Render thread/INFO]: [CHAT] [Meteor] [Ah Sell] Sending /ah sell 6.00K for slot 6
[17:19:26] [Render thread/INFO]: [CHAT] [Meteor] Toggled Ah Sell §aon.
[17:19:26] [Render thread/INFO]: [CHAT] [Meteor] Toggled Ah Sell §coff.
[17:19:26] [Render thread/INFO]: [CHAT] You listed 8 Spruce Trapdoor for $ 5.9K
[17:19:26] [Render thread/INFO]: [DONUT PROFIT/SCREEN] Screen Opened: Title = 'Crafting' | Class = class_490
[17:19:32] [Render thread/INFO]: [CHAT] MrPaprika bought your Spruce Trapdoor for $4.9K
[17:19:33] [Render thread/INFO]: [CHAT] [Meteor] [Ah Sell] Sending /ah sell 6.00K for slot 0
[17:19:33] [Render thread/INFO]: [CHAT] [Meteor] Toggled Ah Sell §aon.
[17:19:33] [Render thread/INFO]: [CHAT] [Meteor] Toggled Ah Sell §coff.
[17:19:33] [Render thread/INFO]: [CHAT] You listed 8 Spruce Trapdoor for $ 5.9K
[17:19:44] [Render thread/INFO]: [CHAT] [Meteor] [Ah Sell] Sending /ah sell 6.00K for slot 1
[17:19:44] [Render thread/INFO]: [CHAT] [Meteor] Toggled Ah Sell §aon.
[17:19:44] [Render thread/INFO]: [CHAT] [Meteor] Toggled Ah Sell §coff.
[17:19:44] [Render thread/INFO]: [CHAT] You cannot sell air.
[17:19:44] [Render thread/INFO]: [CHAT] [Meteor] [Ah Sell] Sending /ah sell 6.00K for slot 1
[17:19:44] [Render thread/INFO]: [CHAT] [Meteor] Toggled Ah Sell §aon.
[17:19:45] [Render thread/INFO]: [CHAT] ninjuma bought your Spruce Trapdoor for $4.9K
[17:19:45] [Render thread/INFO]: [CHAT] [Meteor] Toggled Ah Sell §coff.
[17:19:45] [Render thread/INFO]: [CHAT] You listed 8 Spruce Trapdoor for $ 5.9K
[17:19:45] [Render thread/INFO]: [CHAT] [Meteor] [Ah Sell] Sending /ah sell 6.00K for slot 2
[17:19:45] [Render thread/INFO]: [CHAT] [Meteor] Toggled Ah Sell §aon.
[17:19:45] [Render thread/INFO]: [CHAT] [Meteor] Toggled Ah Sell §coff.
[17:19:45] [Render thread/INFO]: [CHAT] You cannot sell air.
[17:19:46] [Render thread/INFO]: [CHAT] [Meteor] [Ah Sell] Sending /ah sell 6.00K for slot 2
[17:19:46] [Render thread/INFO]: [CHAT] [Meteor] Toggled Ah Sell §aon.
[17:19:46] [Render thread/INFO]: [CHAT] [Meteor] Toggled Ah Sell §coff.
[17:19:46] [Render thread/INFO]: [CHAT] You have too many listed items
[17:19:47] [Render thread/INFO]: [CHAT] .Andoman12432249 bought your Spruce Trapdoor for $4.9K
[17:19:47] [Render thread/INFO]: [DONUT PROFIT/SCREEN] Screen Opened: Title = 'Crafting' | Class = class_490
[17:19:48] [Render thread/INFO]: [CHAT] epww bought your Spruce Trapdoor for $5.9K
[17:19:49] [Render thread/INFO]: [CHAT] [Meteor] [Ah Sell] Sending /ah sell 6.00K for slot 2
[17:19:49] [Render thread/INFO]: [CHAT] [Meteor] Toggled Ah Sell §aon.
[17:19:49] [Render thread/INFO]: [CHAT] [Meteor] Toggled Ah Sell §coff.
[17:19:49] [Render thread/INFO]: [CHAT] You listed 8 Spruce Trapdoor for $ 5.9K
[17:19:56] [Render thread/INFO]: [CHAT] .O1_othman3854 bought your Spruce Trapdoor for $4.9K
[17:19:57] [Render thread/INFO]: [CHAT] [Meteor] [Ah Sell] Sending /ah sell 6.00K for slot 3
[17:19:57] [Render thread/INFO]: [CHAT] [Meteor] Toggled Ah Sell §aon.
[17:19:57] [Render thread/INFO]: [CHAT] [Meteor] Toggled Ah Sell §coff.
[17:19:57] [Render thread/INFO]: [CHAT] You listed 8 Spruce Trapdoor for $ 5.9K
[17:20:00] [Render thread/INFO]: [CHAT] You earned 1 Shard for playing the server
[17:20:14] [Render thread/INFO]: [CHAT] silverfox3302 bought your Spruce Trapdoor for $5.9K
[17:20:15] [Render thread/INFO]: [CHAT] [Meteor] [Ah Sell] Sending /ah sell 6.00K for slot 4
[17:20:15] [Render thread/INFO]: [CHAT] [Meteor] Toggled Ah Sell §aon.
[17:20:15] [Render thread/INFO]: [CHAT] [Meteor] Toggled Ah Sell §coff.
[17:20:15] [Render thread/INFO]: [CHAT] You listed 8 Spruce Trapdoor for $ 5.9K
[17:20:25] [Render thread/INFO]: Stopping worker threads
[17:20:25] [Render thread/INFO]: Started 10 worker threads
[17:20:25] [Render thread/INFO]: [CHAT] [Meteor] Toggled Freecam §aon.
[17:20:28] [Render thread/INFO]: Stopping worker threads
[17:20:28] [Render thread/INFO]: Started 10 worker threads
[17:20:28] [Render thread/INFO]: [CHAT] [Meteor] Toggled Freecam §coff.
[17:20:29] [Render thread/INFO]: [DONUT PROFIT/SCREEN] Screen Opened: Title = 'Chat screen' | Class = class_408
[17:20:30] [Render thread/INFO]: [DONUT PROFIT/SCREEN] Screen Opened: Title = 'Chat screen' | Class = class_408
[17:20:31] [Render thread/INFO]: [DONUT PROFIT/SCREEN] Screen Opened: Title = 'Auction (Page 1)' | Class = class_476
[17:20:33] [Render thread/INFO]: [DONUT PROFIT/SCREEN] Screen Opened: Title = 'Auction -> Your Items' | Class = class_476
[17:20:33] [Render thread/INFO]: [DONUT PROFIT/SCREEN] Screen Opened: Title = 'Auction (Page 1)' | Class = class_476
[17:20:35] [Render thread/INFO]: [CHAT] [Meteor] [Ah Sell] Sending /ah sell 6.00K for slot 5
[17:20:35] [Render thread/INFO]: [CHAT] [Meteor] Toggled Ah Sell §aon.
[17:20:35] [Render thread/INFO]: [CHAT] [Meteor] Toggled Ah Sell §coff.
[17:20:35] [Render thread/INFO]: [CHAT] You listed 8 Spruce Trapdoor for $ 5.9K
[17:20:45] [Render thread/INFO]: [CHAT] el_patrono84 bought your Spruce Trapdoor for $5.9K
[17:20:46] [Render thread/INFO]: [CHAT] [Meteor] [Ah Sell] Sending /ah sell 6.00K for slot 6
[17:20:46] [Render thread/INFO]: [CHAT] [Meteor] Toggled Ah Sell §aon.
[17:20:46] [Render thread/INFO]: [CHAT] [Meteor] Toggled Ah Sell §coff.
[17:20:46] [Render thread/INFO]: [CHAT] You listed 8 Spruce Trapdoor for $ 5.9K
[17:20:53] [Render thread/INFO]: [CHAT] Lydigthelegend bought your Spruce Trapdoor for $5.9K
[17:20:54] [Render thread/INFO]: [CHAT] [Meteor] [Ah Sell] Sending /ah sell 6.00K for slot 7
[17:20:54] [Render thread/INFO]: [CHAT] [Meteor] Toggled Ah Sell §aon.
[17:20:54] [Render thread/INFO]: [CHAT] [Meteor] Toggled Ah Sell §coff.
[17:20:54] [Render thread/INFO]: [CHAT] You listed 8 Spruce Trapdoor for $ 5.9K
[17:20:56] [Render thread/INFO]: [DONUT PROFIT/CHAT] Ignored public broadcast message from another player: 'VELVETALLLL ordered 20M Netherite Boots for $ 20M'
[17:20:56] [Render thread/INFO]: [CHAT] VELVETALLLL ordered 20M Netherite Boots for $ 20M
[17:20:56] [Render thread/INFO]: [DONUT PROFIT/SCREEN] Screen Opened: Title = 'Crafting' | Class = class_490
[17:20:58] [Render thread/INFO]: [CHAT] valdux bought your Spruce Trapdoor for $5.9K
[17:20:59] [Render thread/INFO]: [CHAT] You earned $11.9K from auction
[17:21:00] [Render thread/INFO]: [CHAT] [Meteor] [Ah Sell] Sending /ah sell 6.00K for slot 0
[17:21:00] [Render thread/INFO]: [CHAT] [Meteor] Toggled Ah Sell §aon.
[17:21:00] [Render thread/INFO]: [CHAT] prodyni bought your Spruce Trapdoor for $5.9K
[17:21:00] [Render thread/INFO]: [CHAT] [Meteor] Toggled Ah Sell §coff.
[17:21:00] [Render thread/INFO]: [CHAT] You listed 8 Spruce Trapdoor for $ 5.9K
[17:21:00] [Render thread/INFO]: [CHAT] [Meteor] [Ah Sell] Sending /ah sell 6.00K for slot 1
[17:21:00] [Render thread/INFO]: [CHAT] [Meteor] Toggled Ah Sell §aon.
[17:21:00] [Render thread/INFO]: [CHAT] [Meteor] Toggled Ah Sell §coff.
[17:21:00] [Render thread/INFO]: [CHAT] You listed 8 Spruce Trapdoor for $ 5.9K
[17:21:01] [Render thread/INFO]: [CHAT] [Meteor] [Ah Sell] Sending /ah sell 6.00K for slot 2
[17:21:01] [Render thread/INFO]: [CHAT] [Meteor] Toggled Ah Sell §aon.
[17:21:01] [Render thread/INFO]: [CHAT] [Meteor] Toggled Ah Sell §coff.
[17:21:01] [Render thread/INFO]: [CHAT] You listed 8 Spruce Trapdoor for $ 5.9K
[17:21:03] [Render thread/INFO]: [DONUT PROFIT/SCREEN] Screen Opened: Title = '' | Class = EmoteWheel
[17:21:03] [Render thread/INFO]: [DONUT PROFIT/SCREEN] Screen Opened: Title = 'Chat screen' | Class = class_408
[17:21:06] [Render thread/INFO]: [CHAT] a7ov bought your Spruce Trapdoor for $5.9K
[17:21:06] [Render thread/INFO]: [DONUT PROFIT/SCREEN] Screen Opened: Title = 'Chat screen' | Class = class_408
[17:21:06] [Render thread/INFO]: [DONUT PROFIT/SCREEN] Screen Opened: Title = 'Auction (Page 1)' | Class = class_476
[17:21:07] [Render thread/INFO]: [CHAT] [Meteor] [Ah Sell] Sending /ah sell 6.00K for slot 3
[17:21:07] [Render thread/INFO]: [CHAT] [Meteor] Toggled Ah Sell §aon.
[17:21:08] [Render thread/INFO]: [CHAT] [Meteor] Toggled Ah Sell §coff.
[17:21:08] [Render thread/INFO]: [CHAT] You listed 8 Spruce Trapdoor for $ 5.9K
[17:21:08] [Render thread/INFO]: [CHAT] [Meteor] [Ah Sell] Sending /ah sell 6.00K for slot 4
[17:21:08] [Render thread/INFO]: [CHAT] [Meteor] Toggled Ah Sell §aon.
[17:21:09] [Render thread/INFO]: [CHAT] [Meteor] Toggled Ah Sell §coff.
[17:21:09] [Render thread/INFO]: [CHAT] You listed 8 Spruce Trapdoor for $ 5.9K
[17:21:09] [Render thread/INFO]: [DONUT PROFIT/SCREEN] Screen Opened: Title = 'Chat screen' | Class = class_408
[17:21:09] [Render thread/INFO]: [DONUT PROFIT/SCREEN] Screen Opened: Title = 'Auction (Page 1)' | Class = class_476
[17:21:11] [Render thread/INFO]: [DONUT PROFIT/SCREEN] Screen Opened: Title = 'Auction -> Your Items' | Class = class_476
[17:21:12] [Render thread/INFO]: [DONUT PROFIT/SCREEN] Screen Opened: Title = 'Auction (Page 1)' | Class = class_476
[17:21:23] [Render thread/INFO]: [CHAT] .Gurt655400 bought your Spruce Trapdoor for $5.9K
[17:21:25] [Render thread/INFO]: [CHAT] Czarnyazjata420 bought your Spruce Trapdoor for $5.9K
[17:21:27] [Render thread/INFO]: [CHAT] PrimeCruzz bought your Spruce Trapdoor for $5.9K
[17:21:33] [Render thread/INFO]: [CHAT] [Meteor] [Ah Sell] Sending /ah sell 6.00K for slot 5
[17:21:33] [Render thread/INFO]: [CHAT] [Meteor] Toggled Ah Sell §aon.
[17:21:33] [Render thread/INFO]: [CHAT] [Meteor] Toggled Ah Sell §coff.
[17:21:33] [Render thread/INFO]: [CHAT] You listed 8 Spruce Trapdoor for $ 5.9K
[17:21:34] [Render thread/INFO]: [CHAT] [Meteor] [Ah Sell] Sending /ah sell 6.00K for slot 6
[17:21:34] [Render thread/INFO]: [CHAT] [Meteor] Toggled Ah Sell §aon.
[17:21:34] [Render thread/INFO]: [CHAT] [Meteor] Toggled Ah Sell §coff.
[17:21:34] [Render thread/INFO]: [CHAT] You listed 8 Spruce Trapdoor for $ 5.9K
[17:21:34] [Render thread/INFO]: [CHAT] [Meteor] [Ah Sell] Sending /ah sell 6.00K for slot 7
[17:21:34] [Render thread/INFO]: [CHAT] [Meteor] Toggled Ah Sell §aon.
[17:21:34] [Render thread/INFO]: [CHAT] [Meteor] Toggled Ah Sell §coff.
[17:21:34] [Render thread/INFO]: [CHAT] You listed 8 Spruce Trapdoor for $ 5.9K
[17:21:34] [Render thread/INFO]: [CHAT] Arabian_Punk bought your Spruce Trapdoor for $5.9K
[17:21:35] [Render thread/INFO]: [DONUT PROFIT/SCREEN] Screen Opened: Title = 'Crafting' | Class = class_490
[17:21:35] [Render thread/INFO]: [CHAT] BANE7191 bought your Spruce Trapdoor for $5.9K
[17:21:39] [Render thread/INFO]: [CHAT] [Meteor] [Ah Sell] Sending /ah sell 6.00K for slot 0
[17:21:39] [Render thread/INFO]: [CHAT] [Meteor] Toggled Ah Sell §aon.
[17:21:39] [Render thread/INFO]: [CHAT] [Meteor] Toggled Ah Sell §coff.
[17:21:39] [Render thread/INFO]: [CHAT] You listed 8 Spruce Trapdoor for $ 5.9K
[17:21:39] [Render thread/INFO]: [CHAT] [Meteor] [Ah Sell] Sending /ah sell 6.00K for slot 1
[17:21:39] [Render thread/INFO]: [CHAT] [Meteor] Toggled Ah Sell §aon.
[17:21:39] [Render thread/INFO]: [CHAT] [Meteor] Toggled Ah Sell §coff.
[17:21:39] [Render thread/INFO]: [CHAT] You listed 8 Spruce Trapdoor for $ 5.9K
[17:21:40] [Render thread/INFO]: [CHAT] [Meteor] [Ah Sell] Sending /ah sell 6.00K for slot 2
[17:21:40] [Render thread/INFO]: [CHAT] [Meteor] Toggled Ah Sell §aon.
[17:21:40] [Render thread/INFO]: [CHAT] [Meteor] Toggled Ah Sell §coff.
[17:21:40] [Render thread/INFO]: [CHAT] You have too many listed items
[17:21:41] [Render thread/INFO]: [DONUT PROFIT/SCREEN] Screen Opened: Title = 'Crafting' | Class = class_490
[17:21:41] [Render thread/INFO]: [CHAT] .RAFANGAMING1234 bought your Spruce Trapdoor for $5.9K
[17:21:43] [Render thread/INFO]: [CHAT] .RAFANGAMING1234 bought your Spruce Trapdoor for $5.9K
[17:21:44] [Render thread/INFO]: [CHAT] MORO_celsigma bought your Spruce Trapdoor for $5.9K
[17:21:47] [Render thread/INFO]: [CHAT] CasualDoom bought your Spruce Trapdoor for $5.9K
[17:21:50] [Render thread/INFO]: [CHAT] [Meteor] [Ah Sell] Sending /ah sell 6.00K for slot 2
[17:21:50] [Render thread/INFO]: [CHAT] [Meteor] Toggled Ah Sell §aon.
[17:21:50] [Render thread/INFO]: [CHAT] [Meteor] Toggled Ah Sell §coff.
[17:21:50] [Render thread/INFO]: [CHAT] You listed 8 Spruce Trapdoor for $ 5.9K
[17:21:50] [Render thread/INFO]: [CHAT] [Meteor] [Ah Sell] Sending /ah sell 6.00K for slot 3
[17:21:50] [Render thread/INFO]: [CHAT] [Meteor] Toggled Ah Sell §aon.
[17:21:50] [Render thread/INFO]: [CHAT] [Meteor] Toggled Ah Sell §coff.
[17:21:50] [Render thread/INFO]: [CHAT] You listed 8 Spruce Trapdoor for $ 5.9K
[17:21:50] [Render thread/INFO]: [CHAT] [Meteor] [Ah Sell] Sending /ah sell 6.00K for slot 4
[17:21:50] [Render thread/INFO]: [CHAT] [Meteor] Toggled Ah Sell §aon.
[17:21:50] [Render thread/INFO]: [CHAT] [Meteor] Toggled Ah Sell §coff.
[17:21:51] [Render thread/INFO]: [CHAT] You listed 8 Spruce Trapdoor for $ 5.9K
[17:21:51] [Render thread/INFO]: [CHAT] [Meteor] [Ah Sell] Sending /ah sell 6.00K for slot 5
[17:21:51] [Render thread/INFO]: [CHAT] [Meteor] Toggled Ah Sell §aon.
[17:21:51] [Render thread/INFO]: [CHAT] [Meteor] Toggled Ah Sell §coff.
[17:21:51] [Render thread/INFO]: [CHAT] You listed 8 Spruce Trapdoor for $ 5.9K
[17:21:53] [Render thread/INFO]: [CHAT] DaBean4373 bought your Spruce Trapdoor for $5.9K
[17:21:58] [Render thread/INFO]: [CHAT] .Andoman12432249 bought your Spruce Trapdoor for $5.9K
[17:21:59] [Render thread/INFO]: [CHAT] likemen6767 bought your Spruce Trapdoor for $5.9K
[17:22:03] [Render thread/INFO]: [CHAT] TC3243 bought your Spruce Trapdoor for $5.9K
[17:22:06] [Render thread/INFO]: [CHAT] ItzElitee bought your Spruce Trapdoor for $5.9K
[17:22:15] [Render thread/INFO]: [CHAT] tryhardjonas bought your Spruce Trapdoor for $5.9K
[17:22:25] [Render thread/INFO]: [CHAT] friendlyjax bought your Spruce Trapdoor for $5.9K
[17:22:43] [Render thread/INFO]: [CHAT] [Meteor] [Ah Sell] Sending /ah sell 6.00K for slot 6
[17:22:43] [Render thread/INFO]: [CHAT] [Meteor] Toggled Ah Sell §aon.
[17:22:43] [Render thread/INFO]: [CHAT] [Meteor] Toggled Ah Sell §coff.
[17:22:43] [Render thread/INFO]: [CHAT] You listed 8 Spruce Trapdoor for $ 5.9K
[17:22:43] [Render thread/INFO]: [CHAT] [Meteor] [Ah Sell] Sending /ah sell 6.00K for slot 7
[17:22:43] [Render thread/INFO]: [CHAT] [Meteor] Toggled Ah Sell §aon.
[17:22:43] [Render thread/INFO]: [CHAT] [Meteor] Toggled Ah Sell §coff.
[17:22:43] [Render thread/INFO]: [CHAT] You listed 8 Spruce Trapdoor for $ 5.9K
[17:22:43] [Render thread/INFO]: [DONUT PROFIT/SCREEN] Screen Opened: Title = 'Crafting' | Class = class_490
[17:22:43] [Render thread/INFO]: [CHAT] stolidis bought your Spruce Trapdoor for $5.9K
[17:22:45] [Render thread/INFO]: [CHAT] PrimeCruzz bought your Spruce Trapdoor for $5.9K
[17:22:45] [Render thread/INFO]: [CHAT] NatanRut bought your Spruce Trapdoor for $5.9K
[17:22:45] [Render thread/INFO]: [CHAT] Noah5712 bought your Spruce Trapdoor for $5.9K
[17:22:46] [Render thread/INFO]: [CHAT] [Meteor] [Ah Sell] Sending /ah sell 6.00K for slot 0
[17:22:46] [Render thread/INFO]: [CHAT] [Meteor] Toggled Ah Sell §aon.
[17:22:46] [Render thread/INFO]: [CHAT] [Meteor] Toggled Ah Sell §coff.
[17:22:46] [Render thread/INFO]: [CHAT] [Meteor] [Ah Sell] Sending /ah sell 6.00K for slot 1
[17:22:46] [Render thread/INFO]: [CHAT] [Meteor] Toggled Ah Sell §aon.
[17:22:46] [Render thread/INFO]: [CHAT] You listed 8 Spruce Trapdoor for $ 5.9K
[17:22:46] [Render thread/INFO]: [CHAT] [Meteor] Toggled Ah Sell §coff.
[17:22:46] [Render thread/INFO]: [CHAT] You need to wait another 0.25 seconds to execute a command
[17:22:46] [Render thread/INFO]: [CHAT] [Meteor] [Ah Sell] Sending /ah sell 6.00K for slot 1
[17:22:46] [Render thread/INFO]: [CHAT] [Meteor] Toggled Ah Sell §aon.
[17:22:46] [Render thread/INFO]: [CHAT] [Meteor] Toggled Ah Sell §coff.
[17:22:46] [Render thread/INFO]: [CHAT] You listed 8 Spruce Trapdoor for $ 5.9K
[17:22:47] [Render thread/INFO]: [CHAT] [Meteor] [Ah Sell] Sending /ah sell 6.00K for slot 1
[17:22:47] [Render thread/INFO]: [CHAT] [Meteor] Toggled Ah Sell §aon.
[17:22:47] [Render thread/INFO]: [CHAT] [Meteor] Toggled Ah Sell §coff.
[17:22:47] [Render thread/INFO]: [CHAT] You listed 8 Spruce Trapdoor for $ 5.9K
[17:22:47] [Render thread/INFO]: [CHAT] [Meteor] [Ah Sell] Sending /ah sell 6.00K for slot 3
[17:22:47] [Render thread/INFO]: [CHAT] [Meteor] Toggled Ah Sell §aon.
[17:22:47] [Render thread/INFO]: [CHAT] [Meteor] Toggled Ah Sell §coff.
[17:22:47] [Render thread/INFO]: [CHAT] You listed 8 Spruce Trapdoor for $ 5.9K
[17:22:48] [Render thread/INFO]: [CHAT] [Meteor] [Ah Sell] Sending /ah sell 6.00K for slot 4
[17:22:48] [Render thread/INFO]: [CHAT] [Meteor] Toggled Ah Sell §aon.
[17:22:48] [Render thread/INFO]: [CHAT] [Meteor] Toggled Ah Sell §coff.
[17:22:48] [Render thread/INFO]: [CHAT] You listed 8 Spruce Trapdoor for $ 5.9K
[17:22:48] [Render thread/INFO]: [CHAT] [Meteor] [Ah Sell] Sending /ah sell 6.00K for slot 5
[17:22:48] [Render thread/INFO]: [CHAT] [Meteor] Toggled Ah Sell §aon.
[17:22:48] [Render thread/INFO]: [CHAT] [Meteor] Toggled Ah Sell §coff.
[17:22:48] [Render thread/INFO]: [CHAT] You listed 8 Spruce Trapdoor for $ 5.9K
[17:22:49] [Render thread/INFO]: [CHAT] [Meteor] [Ah Sell] Sending /ah sell 6.00K for slot 6
[17:22:49] [Render thread/INFO]: [CHAT] [Meteor] Toggled Ah Sell §aon.
[17:22:49] [Render thread/INFO]: [CHAT] [Meteor] Toggled Ah Sell §coff.
[17:22:49] [Render thread/INFO]: [CHAT] You listed 8 Spruce Trapdoor for $ 5.9K
[17:22:49] [Render thread/INFO]: [CHAT] [Meteor] [Ah Sell] Sending /ah sell 6.00K for slot 7
[17:22:49] [Render thread/INFO]: [CHAT] [Meteor] Toggled Ah Sell §aon.
[17:22:49] [Render thread/INFO]: [CHAT] [Meteor] Toggled Ah Sell §coff.
[17:22:49] [Render thread/INFO]: [CHAT] You listed 8 Spruce Trapdoor for $ 5.9K
[17:22:50] [Render thread/INFO]: [DONUT PROFIT/SCREEN] Screen Opened: Title = 'Crafting' | Class = class_490
[17:22:52] [Render thread/INFO]: [CHAT] internalvoidstar bought your Spruce Trapdoor for $5.9K
[17:22:53] [Render thread/INFO]: [CHAT] .basilshnb bought your Spruce Trapdoor for $5.9K
[17:22:54] [Render thread/INFO]: [DONUT PROFIT/SCREEN] Screen Opened: Title = 'Chat screen' | Class = class_408
[17:22:54] [Render thread/INFO]: [DONUT PROFIT/SCREEN] Screen Opened: Title = 'Auction (Page 1)' | Class = class_476
[17:22:55] [Render thread/INFO]: [CHAT] HaramQuack_ bought your Spruce Trapdoor for $5.9K
[17:22:56] [Render thread/INFO]: [CHAT] [Meteor] [Ah Sell] Sending /ah sell 6.00K for slot 0
[17:22:56] [Render thread/INFO]: [CHAT] [Meteor] Toggled Ah Sell §aon.
[17:22:56] [Render thread/INFO]: [CHAT] [Meteor] Toggled Ah Sell §coff.
[17:22:56] [Render thread/INFO]: [CHAT] You listed 8 Spruce Trapdoor for $ 5.9K
[17:22:57] [Render thread/INFO]: [CHAT] [Meteor] [Ah Sell] Sending /ah sell 6.00K for slot 0
[17:22:57] [Render thread/INFO]: [CHAT] [Meteor] Toggled Ah Sell §aon.
[17:22:57] [Render thread/INFO]: [CHAT] [Meteor] Toggled Ah Sell §coff.
[17:22:57] [Render thread/INFO]: [CHAT] You listed 8 Spruce Trapdoor for $ 5.9K
[17:22:57] [Render thread/INFO]: [CHAT] [Meteor] [Ah Sell] Sending /ah sell 6.00K for slot 1
[17:22:57] [Render thread/INFO]: [CHAT] [Meteor] Toggled Ah Sell §aon.
[17:22:57] [Render thread/INFO]: [CHAT] [Meteor] Toggled Ah Sell §coff.
[17:22:57] [Render thread/INFO]: [CHAT] You listed 8 Spruce Trapdoor for $ 5.9K
[17:22:57] [Render thread/INFO]: [CHAT] [Meteor] [Ah Sell] Sending /ah sell 6.00K for slot 2
[17:22:57] [Render thread/INFO]: [CHAT] [Meteor] Toggled Ah Sell §aon.
[17:22:57] [Render thread/INFO]: [CHAT] [Meteor] Toggled Ah Sell §coff.
[17:22:58] [Render thread/INFO]: [CHAT] You listed 8 Spruce Trapdoor for $ 5.9K
[17:22:58] [Render thread/INFO]: [CHAT] [Meteor] [Ah Sell] Sending /ah sell 6.00K for slot 3
[17:22:58] [Render thread/INFO]: [CHAT] [Meteor] Toggled Ah Sell §aon.
[17:22:58] [Render thread/INFO]: [CHAT] [Meteor] Toggled Ah Sell §coff.
[17:22:58] [Render thread/INFO]: [CHAT] You have too many listed items
[17:22:59] [Render thread/INFO]: [DONUT PROFIT/SCREEN] Screen Opened: Title = 'Crafting' | Class = class_490
[17:23:00] [Render thread/INFO]: [CHAT] SEBILISTGG bought your Spruce Trapdoor for $5.9K
[17:23:00] [Render thread/INFO]: [CHAT] [Meteor] [Ah Sell] Sending /ah sell 6.00K for slot 3
[17:23:00] [Render thread/INFO]: [CHAT] [Meteor] Toggled Ah Sell §aon.
[17:23:00] [Render thread/INFO]: [CHAT] [Meteor] Toggled Ah Sell §coff.
[17:23:00] [Render thread/INFO]: [CHAT] You listed 8 Spruce Trapdoor for $ 5.9K
[17:23:03] [Render thread/INFO]: [CHAT] OrangeMC_ bought your Spruce Trapdoor for $5.9K
[17:23:09] [Render thread/INFO]: [CHAT] dinaboy9 bought your Spruce Trapdoor for $5.9K
[17:23:13] [Render thread/INFO]: [CHAT] COMBATMASTER244 bought your Spruce Trapdoor for $5.9K
[17:23:15] [Render thread/INFO]: [CHAT] [Meteor] [Ah Sell] Sending /ah sell 6.00K for slot 4
[17:23:15] [Render thread/INFO]: [CHAT] [Meteor] Toggled Ah Sell §aon.
[17:23:16] [Render thread/INFO]: [CHAT] [Meteor] Toggled Ah Sell §coff.
[17:23:16] [Render thread/INFO]: [CHAT] You listed 8 Spruce Trapdoor for $ 5.9K
[17:23:16] [Render thread/INFO]: [CHAT] [Meteor] [Ah Sell] Sending /ah sell 6.00K for slot 5
[17:23:16] [Render thread/INFO]: [CHAT] [Meteor] Toggled Ah Sell §aon.
[17:23:16] [Render thread/INFO]: [CHAT] [Meteor] Toggled Ah Sell §coff.
[17:23:16] [Render thread/INFO]: [CHAT] You listed 8 Spruce Trapdoor for $ 5.9K
[17:23:16] [Render thread/INFO]: [CHAT] [Meteor] [Ah Sell] Sending /ah sell 6.00K for slot 6
[17:23:16] [Render thread/INFO]: [CHAT] [Meteor] Toggled Ah Sell §aon.
[17:23:16] [Render thread/INFO]: [CHAT] [Meteor] Toggled Ah Sell §coff.
[17:23:16] [Render thread/INFO]: [CHAT] You cannot sell air.
[17:23:17] [Render thread/INFO]: [CHAT] [Meteor] [Ah Sell] Sending /ah sell 6.00K for slot 6
[17:23:17] [Render thread/INFO]: [CHAT] [Meteor] Toggled Ah Sell §aon.
[17:23:17] [Render thread/INFO]: [CHAT] [Meteor] Toggled Ah Sell §coff.
[17:23:17] [Render thread/INFO]: [CHAT] You listed 8 Spruce Trapdoor for $ 5.9K
[17:23:17] [Render thread/INFO]: [DONUT PROFIT/SCREEN] Screen Opened: Title = 'Crafting' | Class = class_490
[17:23:17] [Render thread/INFO]: [CHAT] NachoKat989 bought your Spruce Trapdoor for $5.9K
[17:23:18] [Render thread/INFO]: [CHAT] NachoKat989 bought your Spruce Trapdoor for $5.9K
[17:23:19] [Render thread/INFO]: [CHAT] [Meteor] [Ah Sell] Sending /ah sell 6.00K for slot 0
[17:23:19] [Render thread/INFO]: [CHAT] [Meteor] Toggled Ah Sell §aon.
[17:23:19] [Render thread/INFO]: [CHAT] [Meteor] Toggled Ah Sell §coff.
[17:23:19] [Render thread/INFO]: [CHAT] You listed 8 Spruce Trapdoor for $ 5.9K
[17:23:20] [Render thread/INFO]: [CHAT] [Meteor] [Ah Sell] Sending /ah sell 6.00K for slot 1
[17:23:20] [Render thread/INFO]: [CHAT] [Meteor] Toggled Ah Sell §aon.
[17:23:20] [Render thread/INFO]: [CHAT] [Meteor] Toggled Ah Sell §coff.
[17:23:20] [Render thread/INFO]: [CHAT] You listed 8 Spruce Trapdoor for $ 5.9K
[17:23:20] [Render thread/INFO]: [CHAT] [Meteor] [Ah Sell] Sending /ah sell 6.00K for slot 2
[17:23:20] [Render thread/INFO]: [CHAT] [Meteor] Toggled Ah Sell §aon.
[17:23:20] [Render thread/INFO]: [CHAT] [Meteor] Toggled Ah Sell §coff.
[17:23:20] [Render thread/INFO]: [CHAT] You have too many listed items
[17:23:20] [Render thread/INFO]: [CHAT] [Meteor] [Ah Sell] Sending /ah sell 6.00K for slot 3
[17:23:20] [Render thread/INFO]: [CHAT] [Meteor] Toggled Ah Sell §aon.
[17:23:20] [Render thread/INFO]: [CHAT] [Meteor] Toggled Ah Sell §coff.
[17:23:20] [Render thread/INFO]: [CHAT] You have too many listed items
[17:23:21] [Render thread/INFO]: [DONUT PROFIT/SCREEN] Screen Opened: Title = 'Crafting' | Class = class_490
[17:23:21] [Render thread/INFO]: [CHAT] Linus1124 bought your Spruce Trapdoor for $5.9K
[17:23:23] [Render thread/INFO]: [CHAT] VELVETALLLL left the game
[17:23:33] [Render thread/INFO]: [CHAT] You earned $11.9K from auction
[17:23:35] [Render thread/INFO]: [CHAT] Enderson14 bought your Spruce Trapdoor for $5.9K
[17:23:41] [Render thread/INFO]: [CHAT] You earned $11.9K from auction
[17:23:42] [Render thread/INFO]: [CHAT] felixio_14 bought your Spruce Trapdoor for $5.9K
[17:23:46] [Render thread/INFO]: [CHAT] Strom_Burst bought your Spruce Trapdoor for $5.9K
[17:23:49] [Render thread/INFO]: [DONUT PROFIT/SCREEN] Screen Opened: Title = 'Crafting' | Class = class_490
[17:23:50] [Render thread/INFO]: [CHAT] [Meteor] [Ah Sell] Sending /ah sell 6.00K for slot 2
[17:23:50] [Render thread/INFO]: [CHAT] [Meteor] Toggled Ah Sell §aon.
[17:23:50] [Render thread/INFO]: [CHAT] [Meteor] Toggled Ah Sell §coff.
[17:23:51] [Render thread/INFO]: [CHAT] You listed 8 Spruce Trapdoor for $ 5.9K
[17:23:51] [Render thread/INFO]: [CHAT] [Meteor] [Ah Sell] Sending /ah sell 6.00K for slot 3
[17:23:51] [Render thread/INFO]: [CHAT] [Meteor] Toggled Ah Sell §aon.
[17:23:51] [Render thread/INFO]: [CHAT] [Meteor] Toggled Ah Sell §coff.
[17:23:51] [Render thread/INFO]: [CHAT] You listed 8 Spruce Trapdoor for $ 5.9K
[17:23:51] [Render thread/INFO]: [CHAT] [Meteor] [Ah Sell] Sending /ah sell 6.00K for slot 4
[17:23:51] [Render thread/INFO]: [CHAT] [Meteor] Toggled Ah Sell §aon.
[17:23:51] [Render thread/INFO]: [CHAT] [Meteor] Toggled Ah Sell §coff.
[17:23:51] [Render thread/INFO]: [CHAT] You listed 8 Spruce Trapdoor for $ 5.9K
[17:23:52] [Render thread/INFO]: [CHAT] [Meteor] [Ah Sell] Sending /ah sell 6.00K for slot 5
[17:23:52] [Render thread/INFO]: [CHAT] [Meteor] Toggled Ah Sell §aon.
[17:23:52] [Render thread/INFO]: [CHAT] [Meteor] Toggled Ah Sell §coff.
[17:23:52] [Render thread/INFO]: [CHAT] You listed 8 Spruce Trapdoor for $ 5.9K
[17:23:52] [Render thread/INFO]: [CHAT] [Meteor] [Ah Sell] Sending /ah sell 6.00K for slot 6
[17:23:52] [Render thread/INFO]: [CHAT] [Meteor] Toggled Ah Sell §aon.
[17:23:52] [Render thread/INFO]: [CHAT] [Meteor] Toggled Ah Sell §coff.
[17:23:52] [Render thread/INFO]: [CHAT] You listed 8 Spruce Trapdoor for $ 5.9K
[17:23:52] [Render thread/INFO]: [CHAT] [Meteor] [Ah Sell] Sending /ah sell 6.00K for slot 7
[17:23:52] [Render thread/INFO]: [CHAT] [Meteor] Toggled Ah Sell §aon.
[17:23:53] [Render thread/INFO]: [CHAT] [Meteor] Toggled Ah Sell §coff.
[17:23:53] [Render thread/INFO]: [CHAT] You listed 8 Spruce Trapdoor for $ 5.9K
[17:24:02] [Render thread/INFO]: [CHAT] ItzAntonis2012 bought your Spruce Trapdoor for $5.9K
[17:24:03] [Render thread/INFO]: [CHAT] 1_FrosT bought your Spruce Trapdoor for $5.9K
[17:24:10] [Render thread/INFO]: [CHAT] jewI0w bought your Spruce Trapdoor for $5.9K
[17:24:11] [Render thread/INFO]: [CHAT] Muzaffer15 bought your Spruce Trapdoor for $5.9K
[17:24:14] [Render thread/INFO]: [CHAT] dG9tX3JlZDE bought your Spruce Trapdoor for $5.9K
[17:24:27] [Render thread/INFO]: [CHAT] Nilspils1 bought your Spruce Trapdoor for $5.9K
[17:24:30] [Render thread/INFO]: [CHAT] ItzJojomy bought your Spruce Trapdoor for $5.9K
[17:24:31] [Render thread/INFO]: [CHAT] dylanbtsn bought your Spruce Trapdoor for $5.9K
[17:24:31] [Render thread/INFO]: [CHAT] dylanbtsn bought your Spruce Trapdoor for $5.9K
[17:24:33] [Render thread/INFO]: [DONUT PROFIT/SCREEN] Screen Opened: Title = 'Game Menu' | Class = class_433
[17:24:35] [Render thread/INFO]: [DONUT PROFIT/SCREEN] Screen Opened: Title = 'Crafting' | Class = class_490
[17:24:35] [Render thread/INFO]: [CHAT] .Andoman12432249 bought your Spruce Trapdoor for $5.9K
[17:24:37] [Render thread/INFO]: [DONUT PROFIT/SCREEN] Screen Opened: Title = 'Crafting' | Class = class_490
[17:24:37] [Render thread/INFO]: [DONUT PROFIT/SCREEN] Screen Opened: Title = 'Crafting' | Class = class_490
[17:24:39] [Render thread/INFO]: [DONUT PROFIT/SCREEN] Screen Opened: Title = 'Large Chest' | Class = class_476
[17:24:39] [Render thread/INFO]: [CHAT] Twinkiee bought your Spruce Trapdoor for $5.9K
[17:24:40] [Render thread/INFO]: [CHAT] PrimeCruzz bought your Spruce Trapdoor for $5.9K
[17:24:41] [Render thread/INFO]: [CHAT] [Meteor] [Ah Sell] Sending /ah sell 6.00K for slot 0
[17:24:41] [Render thread/INFO]: [CHAT] [Meteor] Toggled Ah Sell §aon.
[17:24:41] [Render thread/INFO]: [CHAT] [Meteor] Toggled Ah Sell §coff.
[17:24:41] [Render thread/INFO]: [CHAT] You listed 8 Oak Trapdoor for $ 5.9K
[17:24:41] [Render thread/INFO]: [CHAT] [Meteor] [Ah Sell] Sending /ah sell 6.00K for slot 1
[17:24:41] [Render thread/INFO]: [CHAT] [Meteor] Toggled Ah Sell §aon.
[17:24:41] [Render thread/INFO]: [CHAT] [Meteor] Toggled Ah Sell §coff.
[17:24:41] [Render thread/INFO]: [CHAT] Rayvor bought your Spruce Trapdoor for $5.9K
[17:24:42] [Render thread/INFO]: [CHAT] You listed 8 Oak Trapdoor for $ 5.9K
[17:24:42] [Render thread/INFO]: [CHAT] [Meteor] [Ah Sell] Sending /ah sell 6.00K for slot 2
[17:24:42] [Render thread/INFO]: [CHAT] [Meteor] Toggled Ah Sell §aon.
[17:24:42] [Render thread/INFO]: [CHAT] [Meteor] Toggled Ah Sell §coff.
[17:24:42] [Render thread/INFO]: [CHAT] You listed 8 Oak Trapdoor for $ 5.9K
[17:24:42] [Render thread/INFO]: [CHAT] [Meteor] [Ah Sell] Sending /ah sell 6.00K for slot 3
[17:24:42] [Render thread/INFO]: [CHAT] [Meteor] Toggled Ah Sell §aon.
[17:24:42] [Render thread/INFO]: [CHAT] [Meteor] Toggled Ah Sell §coff.
[17:24:42] [Render thread/INFO]: [CHAT] You listed 8 Oak Trapdoor for $ 5.9K
[17:24:43] [Render thread/INFO]: [CHAT] [Meteor] [Ah Sell] Sending /ah sell 6.00K for slot 4
[17:24:43] [Render thread/INFO]: [CHAT] [Meteor] Toggled Ah Sell §aon.
[17:24:43] [Render thread/INFO]: [CHAT] [Meteor] Toggled Ah Sell §coff.
[17:24:43] [Render thread/INFO]: [CHAT] You listed 8 Oak Trapdoor for $ 5.9K
[17:24:43] [Render thread/INFO]: [CHAT] [Meteor] [Ah Sell] Sending /ah sell 6.00K for slot 5
[17:24:43] [Render thread/INFO]: [CHAT] [Meteor] Toggled Ah Sell §aon.
[17:24:43] [Render thread/INFO]: [CHAT] [Meteor] Toggled Ah Sell §coff.
[17:24:43] [Render thread/INFO]: [CHAT] You listed 8 Oak Trapdoor for $ 5.9K
[17:24:43] [Render thread/INFO]: [CHAT] [Meteor] [Ah Sell] Sending /ah sell 6.00K for slot 6
[17:24:43] [Render thread/INFO]: [CHAT] [Meteor] Toggled Ah Sell §aon.
[17:24:44] [Render thread/INFO]: [CHAT] [Meteor] Toggled Ah Sell §coff.
[17:24:44] [Render thread/INFO]: [CHAT] You listed 8 Oak Trapdoor for $ 5.9K
[17:24:44] [Render thread/INFO]: [CHAT] [Meteor] [Ah Sell] Sending /ah sell 6.00K for slot 7
[17:24:44] [Render thread/INFO]: [CHAT] [Meteor] Toggled Ah Sell §aon.
[17:24:44] [Render thread/INFO]: [CHAT] [Meteor] Toggled Ah Sell §coff.
[17:24:44] [Render thread/INFO]: [CHAT] You listed 8 Oak Trapdoor for $ 5.9K
[17:24:50] [Render thread/INFO]: [CHAT] Kiriswas12 bought your Oak Trapdoor for $5.9K
[17:24:54] [Render thread/INFO]: [CHAT] VELVETALLLL joined the game
[17:24:59] [Render thread/INFO]: [CHAT] l99ty bought your Oak Trapdoor for $5.9K
[17:25:01] [Render thread/INFO]: [CHAT] A_COOKIEGOD bought your Oak Trapdoor for $5.9K
[17:25:02] [Render thread/INFO]: [CHAT] An1matr0nicFoxy bought your Spruce Trapdoor for $5.9K
[17:25:08] [Render thread/INFO]: [CHAT] m4tr bought your Oak Trapdoor for $5.9K
[17:25:15] [Render thread/INFO]: [CHAT] Brojo190 bought your Spruce Trapdoor for $5.9K
[17:25:17] [Render thread/INFO]: [CHAT] VELVETALLLL left the game
[17:25:20] [Render thread/INFO]: [CHAT] Slightly_Fun bought your Spruce Trapdoor for $5.9K
[17:25:21] [Render thread/INFO]: [CHAT] Oak973 bought your Oak Trapdoor for $5.9K
[17:25:24] [Render thread/INFO]: [DONUT PROFIT/SCREEN] Screen Opened: Title = 'Game Menu' | Class = class_433
[17:25:32] [Render thread/INFO]: [CHAT] .Keou42 bought your Oak Trapdoor for $5.9K
[17:25:35] [Render thread/INFO]: [DONUT PROFIT/SCREEN] Screen Opened: Title = 'Crafting' | Class = class_490
[17:25:38] [Render thread/INFO]: [DONUT PROFIT/SCREEN] Screen Opened: Title = 'Game Menu' | Class = class_433
[17:25:49] [Render thread/INFO]: [CHAT] Zombiwaechter bought your Oak Trapdoor for $5.9K
[17:26:05] [DefaultDispatcher-worker-11/ERROR]: Received invalid data, assuming that Discord has disconnected from the socket.
gg.essential.lib.kdiscordipc.core.error.DecodeError$InvalidData: Didn't get to read full data due to the client disconnecting prematurely.
	at knot//gg.essential.lib.kdiscordipc.core.packet.pipeline.ByteToMessageDecoder.decode(ByteToMessageDecoder.kt:16)
	at knot//gg.essential.lib.kdiscordipc.core.socket.handler.SocketHandler$events$1.invokeSuspend(SocketHandler.kt:48)
	at knot//kotlin.coroutines.jvm.internal.BaseContinuationImpl.resumeWith(ContinuationImpl.kt:34)
	at knot//kotlinx.coroutines.flow.internal.SafeCollector.invokeSuspend(SafeCollector.kt:60)
	at knot//kotlin.coroutines.jvm.internal.BaseContinuationImpl.resumeWith(ContinuationImpl.kt:34)
	at knot//kotlinx.coroutines.DispatchedTask.run(DispatchedTask.kt:100)
	at knot//kotlinx.coroutines.internal.LimitedDispatcher$Worker.run(LimitedDispatcher.kt:124)
	at knot//kotlinx.coroutines.scheduling.TaskImpl.run(Tasks.kt:89)
	at knot//kotlinx.coroutines.scheduling.CoroutineScheduler.runSafely(CoroutineScheduler.kt:586)
	at knot//kotlinx.coroutines.scheduling.CoroutineScheduler$Worker.executeTask(CoroutineScheduler.kt:798)
	at knot//kotlinx.coroutines.scheduling.CoroutineScheduler$Worker.runWorker(CoroutineScheduler.kt:717)
	at knot//kotlinx.coroutines.scheduling.CoroutineScheduler$Worker.run(CoroutineScheduler.kt:704)
[17:26:09] [Render thread/INFO]: [CHAT] Sizzle7346 bought your Oak Trapdoor for $5.9K
[17:26:26] [Render thread/INFO]: [DONUT PROFIT/SCREEN] Screen Opened: Title = 'Large Chest' | Class = class_476
[17:26:27] [Render thread/INFO]: [DONUT PROFIT/SCREEN] Screen Opened: Title = 'Crafting' | Class = class_490
[17:26:28] [Render thread/INFO]: [DONUT PROFIT/SCREEN] Screen Opened: Title = 'Large Chest' | Class = class_476
[17:26:30] [Render thread/INFO]: [CHAT] [Meteor] [Ah Sell] Sending /ah sell 6.00K for slot 0
[17:26:30] [Render thread/INFO]: [CHAT] [Meteor] Toggled Ah Sell §aon.
[17:26:30] [Render thread/INFO]: [CHAT] [Meteor] Toggled Ah Sell §coff.
[17:26:30] [Render thread/INFO]: [CHAT] You listed 8 Oak Trapdoor for $ 5.9K
[17:26:30] [Render thread/INFO]: [CHAT] [Meteor] [Ah Sell] Sending /ah sell 6.00K for slot 1
[17:26:30] [Render thread/INFO]: [CHAT] [Meteor] Toggled Ah Sell §aon.
[17:26:30] [Render thread/INFO]: [CHAT] [Meteor] Toggled Ah Sell §coff.
[17:26:30] [Render thread/INFO]: [CHAT] You listed 8 Oak Trapdoor for $ 5.9K
[17:26:31] [Render thread/INFO]: [CHAT] [Meteor] [Ah Sell] Sending /ah sell 6.00K for slot 2
[17:26:31] [Render thread/INFO]: [CHAT] [Meteor] Toggled Ah Sell §aon.
[17:26:31] [Render thread/INFO]: [CHAT] [Meteor] Toggled Ah Sell §coff.
[17:26:31] [Render thread/INFO]: [CHAT] You listed 8 Oak Trapdoor for $ 5.9K
[17:26:31] [Render thread/INFO]: [CHAT] [Meteor] [Ah Sell] Sending /ah sell 6.00K for slot 3
[17:26:31] [Render thread/INFO]: [CHAT] [Meteor] Toggled Ah Sell §aon.
[17:26:31] [Render thread/INFO]: [CHAT] [Meteor] Toggled Ah Sell §coff.
[17:26:31] [Render thread/INFO]: [CHAT] You listed 8 Oak Trapdoor for $ 5.9K
[17:26:31] [Render thread/INFO]: [CHAT] [Meteor] [Ah Sell] Sending /ah sell 6.00K for slot 4
[17:26:31] [Render thread/INFO]: [CHAT] [Meteor] Toggled Ah Sell §aon.
[17:26:31] [Render thread/INFO]: [CHAT] [Meteor] Toggled Ah Sell §coff.
[17:26:31] [Render thread/INFO]: [CHAT] You listed 8 Oak Trapdoor for $ 5.9K
[17:26:31] [Render thread/INFO]: [CHAT] [Meteor] [Ah Sell] Sending /ah sell 6.00K for slot 5
[17:26:31] [Render thread/INFO]: [CHAT] [Meteor] Toggled Ah Sell §aon.
[17:26:32] [Render thread/INFO]: [CHAT] [Meteor] Toggled Ah Sell §coff.
[17:26:32] [Render thread/INFO]: [CHAT] You listed 8 Oak Trapdoor for $ 5.9K
[17:26:32] [Render thread/INFO]: [CHAT] [Meteor] [Ah Sell] Sending /ah sell 6.00K for slot 6
[17:26:32] [Render thread/INFO]: [CHAT] [Meteor] Toggled Ah Sell §aon.
[17:26:32] [Render thread/INFO]: [CHAT] [Meteor] Toggled Ah Sell §coff.
[17:26:32] [Render thread/INFO]: [CHAT] You listed 8 Oak Trapdoor for $ 5.9K
[17:26:32] [Render thread/INFO]: [CHAT] [Meteor] [Ah Sell] Sending /ah sell 6.00K for slot 7
[17:26:32] [Render thread/INFO]: [CHAT] [Meteor] Toggled Ah Sell §aon.
[17:26:32] [Render thread/INFO]: [CHAT] [Meteor] Toggled Ah Sell §coff.
[17:26:32] [Render thread/INFO]: [CHAT] You listed 8 Oak Trapdoor for $ 5.9K
[17:26:33] [Render thread/INFO]: [DONUT PROFIT/SCREEN] Screen Opened: Title = 'Large Chest' | Class = class_476
[17:26:35] [Render thread/INFO]: [CHAT] [Meteor] [Ah Sell] Sending /ah sell 6.00K for slot 0
[17:26:35] [Render thread/INFO]: [CHAT] [Meteor] Toggled Ah Sell §aon.
[17:26:36] [Render thread/INFO]: [CHAT] [Meteor] Toggled Ah Sell §coff.
[17:26:36] [Render thread/INFO]: [CHAT] You listed 8 Oak Trapdoor for $ 5.9K
[17:26:36] [Render thread/INFO]: [CHAT] [Meteor] [Ah Sell] Sending /ah sell 6.00K for slot 1
[17:26:36] [Render thread/INFO]: [CHAT] [Meteor] Toggled Ah Sell §aon.
[17:26:36] [Render thread/INFO]: [CHAT] [Meteor] Toggled Ah Sell §coff.
[17:26:36] [Render thread/INFO]: [CHAT] You listed 8 Oak Trapdoor for $ 5.9K
[17:26:36] [Render thread/INFO]: [CHAT] [Meteor] [Ah Sell] Sending /ah sell 6.00K for slot 2
[17:26:36] [Render thread/INFO]: [CHAT] [Meteor] Toggled Ah Sell §aon.
[17:26:36] [Render thread/INFO]: [CHAT] [Meteor] Toggled Ah Sell §coff.
[17:26:36] [Render thread/INFO]: [CHAT] You listed 8 Oak Trapdoor for $ 5.9K
[17:26:36] [Render thread/INFO]: [CHAT] [Meteor] [Ah Sell] Sending /ah sell 6.00K for slot 3
[17:26:36] [Render thread/INFO]: [CHAT] [Meteor] Toggled Ah Sell §aon.
[17:26:36] [Render thread/INFO]: [CHAT] [Meteor] Toggled Ah Sell §coff.
[17:26:37] [Render thread/INFO]: [CHAT] You listed 8 Oak Trapdoor for $ 5.9K
[17:26:37] [Render thread/INFO]: [CHAT] [Meteor] [Ah Sell] Sending /ah sell 6.00K for slot 4
[17:26:37] [Render thread/INFO]: [CHAT] [Meteor] Toggled Ah Sell §aon.
[17:26:37] [Render thread/INFO]: [CHAT] [Meteor] Toggled Ah Sell §coff.
[17:26:37] [Render thread/INFO]: [CHAT] You listed 8 Oak Trapdoor for $ 5.9K
[17:26:37] [Render thread/INFO]: [CHAT] [Meteor] [Ah Sell] Sending /ah sell 6.00K for slot 5
[17:26:37] [Render thread/INFO]: [CHAT] [Meteor] Toggled Ah Sell §aon.
[17:26:37] [Render thread/INFO]: [CHAT] [Meteor] Toggled Ah Sell §coff.
[17:26:37] [Render thread/INFO]: [CHAT] You listed 8 Oak Trapdoor for $ 5.9K
[17:26:38] [Render thread/INFO]: [CHAT] [Meteor] [Ah Sell] Sending /ah sell 6.00K for slot 6
[17:26:38] [Render thread/INFO]: [CHAT] [Meteor] Toggled Ah Sell §aon.
[17:26:38] [Render thread/INFO]: [CHAT] [Meteor] Toggled Ah Sell §coff.
[17:26:38] [Render thread/INFO]: [CHAT] You listed 8 Oak Trapdoor for $ 5.9K
[17:26:38] [Render thread/INFO]: [CHAT] [Meteor] [Ah Sell] Sending /ah sell 6.00K for slot 7
[17:26:38] [Render thread/INFO]: [CHAT] [Meteor] Toggled Ah Sell §aon.
[17:26:38] [Render thread/INFO]: [CHAT] [Meteor] Toggled Ah Sell §coff.
[17:26:38] [Render thread/INFO]: [CHAT] You listed 8 Oak Trapdoor for $ 5.9K
[17:26:38] [Render thread/INFO]: [DONUT PROFIT/SCREEN] Screen Opened: Title = 'Game Menu' | Class = class_433
[17:26:39] [Render thread/INFO]: [CHAT] foxyyyyy6541 bought your Oak Trapdoor for $5.9K
[17:26:40] [Render thread/INFO]: [CHAT] beijingdou bought your Oak Trapdoor for $5.9K
[17:26:47] [Render thread/INFO]: [CHAT] semde_knuppel bought your Oak Trapdoor for $5.9K
[17:26:57] [Render thread/INFO]: [CHAT] Mrstoasty bought your Oak Trapdoor for $5.9K
[17:27:05] [Render thread/INFO]: [CHAT] Mikonzz bought your Oak Trapdoor for $5.9K
[17:27:18] [Render thread/INFO]: [CHAT] Robot_destroyer1 bought your Oak Trapdoor for $5.9K
[17:27:34] [Render thread/INFO]: [CHAT] TonySB14 bought your Oak Trapdoor for $5.9K
[17:27:40] [Render thread/INFO]: [CHAT] LTUPlumbeast bought your Oak Trapdoor for $5.9K
[17:27:51] [Render thread/WARN]: Requested creation of existing team '09-RythenYT-false'
[17:27:52] [Render thread/INFO]: [CHAT] .realcracked_485 bought your Oak Trapdoor for $5.9K
[17:28:06] [Render thread/INFO]: [CHAT] CoffeCPvP bought your Oak Trapdoor for $5.9K
[17:28:14] [Render thread/INFO]: [DONUT PROFIT/SCREEN] Screen Opened: Title = 'Crafting' | Class = class_490
[17:28:15] [Render thread/INFO]: [DONUT PROFIT/SCREEN] Screen Opened: Title = 'Large Chest' | Class = class_476
[17:28:18] [Render thread/INFO]: [DONUT PROFIT/SCREEN] Screen Opened: Title = 'Game Menu' | Class = class_433
[17:28:25] [Render thread/INFO]: [CHAT] .Kingdomofdoom1 bought your Oak Trapdoor for $5.9K
[17:28:32] [Render thread/INFO]: [CHAT] xh_hail bought your Oak Trapdoor for $5.9K
[17:28:34] [Render thread/INFO]: [CHAT] EltonManiak bought your Oak Trapdoor for $5.9K
[17:28:35] [Render thread/INFO]: [CHAT] EltonManiak bought your Oak Trapdoor for $5.9K
[17:28:37] [Render thread/INFO]: [CHAT] skier224 bought your Oak Trapdoor for $5.9K
[17:28:41] [Render thread/INFO]: [CHAT] knackig_garagae bought your Oak Trapdoor for $5.9K
[17:30:00] [Render thread/INFO]: [CHAT] You earned 1 Shard for playing the server
[17:40:00] [Render thread/INFO]: [CHAT] You earned 1 Shard for playing the server
[17:50:00] [Render thread/INFO]: [CHAT] You earned 1 Shard for playing the server
[18:00:00] [Render thread/INFO]: [CHAT] You earned 1 Shard for playing the server
[18:02:46] [Render thread/INFO]: [DONUT PROFIT/SCREEN] Screen Opened: Title = 'Large Chest' | Class = class_476
[18:02:47] [Render thread/INFO]: [CHAT] [Meteor] [Ah Sell] Sending /ah sell 6.00K for slot 0
[18:02:47] [Render thread/INFO]: [CHAT] [Meteor] Toggled Ah Sell §aon.
[18:02:47] [Render thread/INFO]: [CHAT] [Meteor] Toggled Ah Sell §coff.
[18:02:47] [Render thread/INFO]: [CHAT] You listed 8 Oak Trapdoor for $ 5.9K
[18:02:47] [Render thread/INFO]: [CHAT] [Meteor] [Ah Sell] Sending /ah sell 6.00K for slot 1
[18:02:47] [Render thread/INFO]: [CHAT] [Meteor] Toggled Ah Sell §aon.
[18:02:48] [Render thread/INFO]: [CHAT] [Meteor] Toggled Ah Sell §coff.
[18:02:48] [Render thread/INFO]: [CHAT] You listed 8 Oak Trapdoor for $ 5.9K
[18:02:48] [Render thread/INFO]: [CHAT] [Meteor] [Ah Sell] Sending /ah sell 6.00K for slot 2
[18:02:48] [Render thread/INFO]: [CHAT] [Meteor] Toggled Ah Sell §aon.
[18:02:48] [Render thread/INFO]: [CHAT] [Meteor] Toggled Ah Sell §coff.
[18:02:48] [Render thread/INFO]: [CHAT] You listed 8 Oak Trapdoor for $ 5.9K
[18:02:48] [Render thread/INFO]: [CHAT] [Meteor] [Ah Sell] Sending /ah sell 6.00K for slot 3
[18:02:48] [Render thread/INFO]: [CHAT] [Meteor] Toggled Ah Sell §aon.
[18:02:48] [Render thread/INFO]: [CHAT] [Meteor] Toggled Ah Sell §coff.
[18:02:48] [Render thread/INFO]: [CHAT] You cannot sell air.
[18:02:48] [Render thread/INFO]: [CHAT] [Meteor] [Ah Sell] Sending /ah sell 6.00K for slot 3
[18:02:48] [Render thread/INFO]: [CHAT] [Meteor] Toggled Ah Sell §aon.
[18:02:48] [Render thread/INFO]: [CHAT] [Meteor] Toggled Ah Sell §coff.
[18:02:48] [Render thread/INFO]: [CHAT] You listed 8 Oak Trapdoor for $ 5.9K
[18:02:49] [Render thread/INFO]: [CHAT] [Meteor] [Ah Sell] Sending /ah sell 6.00K for slot 4
[18:02:49] [Render thread/INFO]: [CHAT] [Meteor] Toggled Ah Sell §aon.
[18:02:49] [Render thread/INFO]: [CHAT] [Meteor] Toggled Ah Sell §coff.
[18:02:49] [Render thread/INFO]: [CHAT] You listed 8 Oak Trapdoor for $ 5.9K
[18:02:49] [Render thread/INFO]: [CHAT] [Meteor] [Ah Sell] Sending /ah sell 6.00K for slot 5
[18:02:49] [Render thread/INFO]: [CHAT] [Meteor] Toggled Ah Sell §aon.
[18:02:49] [Render thread/INFO]: [CHAT] eoskn bought your Oak Trapdoor for $5.9K
[18:02:49] [Render thread/INFO]: [CHAT] [Meteor] Toggled Ah Sell §coff.
[18:02:49] [Render thread/INFO]: [CHAT] You listed 8 Oak Trapdoor for $ 5.9K
[18:02:49] [Render thread/INFO]: [CHAT] [Meteor] [Ah Sell] Sending /ah sell 6.00K for slot 6
[18:02:49] [Render thread/INFO]: [CHAT] [Meteor] Toggled Ah Sell §aon.
[18:02:49] [Render thread/INFO]: [CHAT] [Meteor] Toggled Ah Sell §coff.
[18:02:50] [Render thread/INFO]: [CHAT] You listed 8 Oak Trapdoor for $ 5.9K
[18:02:50] [Render thread/INFO]: [CHAT] [Meteor] [Ah Sell] Sending /ah sell 6.00K for slot 7
[18:02:50] [Render thread/INFO]: [CHAT] [Meteor] Toggled Ah Sell §aon.
[18:02:50] [Render thread/INFO]: [CHAT] [Meteor] Toggled Ah Sell §coff.
[18:02:50] [Render thread/INFO]: [CHAT] You listed 8 Oak Trapdoor for $ 5.9K
[18:02:52] [Render thread/INFO]: [CHAT] bondmane bought your Oak Trapdoor for $5.9K
[18:02:55] [Render thread/INFO]: [CHAT] MatiBatiBk bought your Oak Trapdoor for $5.9K
[18:02:58] [Render thread/INFO]: [CHAT] catszvr bought your Oak Trapdoor for $5.9K
[18:03:06] [Render thread/INFO]: [CHAT] kfc906 bought your Oak Trapdoor for $5.9K
[18:03:15] [Render thread/INFO]: [CHAT] Tomater7 bought your Oak Trapdoor for $5.9K
[18:03:18] [Render thread/INFO]: [CHAT] .rCilliancm bought your Oak Trapdoor for $5.9K
[18:03:18] [Render thread/INFO]: [CHAT] limitaraaa bought your Oak Trapdoor for $5.9K
[18:10:00] [Render thread/INFO]: [CHAT] You earned 1 Shard for playing the server
[18:12:10] [Render thread/INFO]: [DONUT PROFIT/SCREEN] Screen Opened: Title = 'Crafting' | Class = class_490
[18:12:11] [Render thread/INFO]: [DONUT PROFIT/SCREEN] Screen Opened: Title = 'Large Chest' | Class = class_476
[18:12:14] [Render thread/INFO]: [CHAT] [Meteor] [Ah Sell] Sending /ah sell 6.00K for slot 0
[18:12:14] [Render thread/INFO]: [CHAT] [Meteor] Toggled Ah Sell §aon.
[18:12:14] [Render thread/INFO]: [CHAT] [Meteor] Toggled Ah Sell §coff.
[18:12:14] [Render thread/INFO]: [CHAT] [Meteor] [Ah Sell] Sending /ah sell 6.00K for slot 1
[18:12:14] [Render thread/INFO]: [CHAT] [Meteor] Toggled Ah Sell §aon.
[18:12:14] [Render thread/INFO]: [CHAT] You listed 8 Oak Trapdoor for $ 5.9K
[18:12:14] [Render thread/INFO]: [CHAT] [Meteor] Toggled Ah Sell §coff.
[18:12:14] [Render thread/INFO]: [CHAT] You need to wait another 0.25 seconds to execute a command
[18:12:14] [Render thread/INFO]: [CHAT] [Meteor] [Ah Sell] Sending /ah sell 6.00K for slot 1
[18:12:14] [Render thread/INFO]: [CHAT] [Meteor] Toggled Ah Sell §aon.
[18:12:14] [Render thread/INFO]: [CHAT] [Meteor] Toggled Ah Sell §coff.
[18:12:14] [Render thread/INFO]: [CHAT] You listed 8 Oak Trapdoor for $ 5.9K
[18:12:14] [Render thread/INFO]: [CHAT] [Meteor] [Ah Sell] Sending /ah sell 6.00K for slot 2
[18:12:14] [Render thread/INFO]: [CHAT] [Meteor] Toggled Ah Sell §aon.
[18:12:15] [Render thread/INFO]: [CHAT] [Meteor] Toggled Ah Sell §coff.
[18:12:15] [Render thread/INFO]: [CHAT] You cannot sell air.
[18:12:15] [Render thread/INFO]: [CHAT] [Meteor] [Ah Sell] Sending /ah sell 6.00K for slot 2
[18:12:15] [Render thread/INFO]: [CHAT] [Meteor] Toggled Ah Sell §aon.
[18:12:15] [Render thread/INFO]: [CHAT] [Meteor] Toggled Ah Sell §coff.
[18:12:15] [Render thread/INFO]: [CHAT] You listed 8 Oak Trapdoor for $ 5.9K
[18:12:15] [Render thread/INFO]: [CHAT] [Meteor] [Ah Sell] Sending /ah sell 6.00K for slot 2
[18:12:15] [Render thread/INFO]: [CHAT] [Meteor] Toggled Ah Sell §aon.
[18:12:16] [Render thread/INFO]: [CHAT] [Meteor] Toggled Ah Sell §coff.
[18:12:16] [Render thread/INFO]: [CHAT] You listed 8 Oak Trapdoor for $ 5.9K
[18:12:16] [Render thread/INFO]: [CHAT] [Meteor] [Ah Sell] Sending /ah sell 6.00K for slot 4
[18:12:16] [Render thread/INFO]: [CHAT] [Meteor] Toggled Ah Sell §aon.
[18:12:16] [Render thread/INFO]: [CHAT] [Meteor] Toggled Ah Sell §coff.
[18:12:16] [Render thread/INFO]: [CHAT] You listed 8 Oak Trapdoor for $ 5.9K
[18:12:17] [Render thread/INFO]: [CHAT] [Meteor] [Ah Sell] Sending /ah sell 6.00K for slot 5
[18:12:17] [Render thread/INFO]: [CHAT] [Meteor] Toggled Ah Sell §aon.
[18:12:17] [Render thread/INFO]: [CHAT] [Meteor] Toggled Ah Sell §coff.
[18:12:17] [Render thread/INFO]: [CHAT] You listed 8 Oak Trapdoor for $ 5.9K
[18:12:17] [Render thread/INFO]: [CHAT] [Meteor] [Ah Sell] Sending /ah sell 6.00K for slot 6
[18:12:17] [Render thread/INFO]: [CHAT] [Meteor] Toggled Ah Sell §aon.
[18:12:17] [Render thread/INFO]: [CHAT] [Meteor] Toggled Ah Sell §coff.
[18:12:17] [Render thread/INFO]: [CHAT] You listed 8 Oak Trapdoor for $ 5.9K
[18:12:17] [Render thread/INFO]: [CHAT] [Meteor] [Ah Sell] Sending /ah sell 6.00K for slot 7
[18:12:17] [Render thread/INFO]: [CHAT] [Meteor] Toggled Ah Sell §aon.
[18:12:18] [Render thread/INFO]: [CHAT] [Meteor] Toggled Ah Sell §coff.
[18:12:18] [Render thread/INFO]: [CHAT] You listed 8 Oak Trapdoor for $ 5.9K
[18:12:18] [Render thread/INFO]: [CHAT] iBrotkruemel bought your Oak Trapdoor for $5.9K
[18:12:26] [Render thread/INFO]: [CHAT] noah1234567879 bought your Oak Trapdoor for $5.9K
[18:12:29] [Render thread/INFO]: [CHAT] Prismatic_SkyKid bought your Oak Trapdoor for $5.9K
[18:12:32] [Render thread/INFO]: [DONUT PROFIT/SCREEN] Screen Opened: Title = 'Game Menu' | Class = class_433
[18:12:32] [Render thread/INFO]: [CHAT] Nicilein_xD bought your Oak Trapdoor for $5.9K
[18:12:49] [Render thread/INFO]: [CHAT] Xavi91321 bought your Oak Trapdoor for $5.9K
[18:12:50] [Render thread/INFO]: [CHAT] Mikewot57 bought your Oak Trapdoor for $5.9K
[18:13:07] [Render thread/INFO]: [CHAT] .Masonleagans bought your Oak Trapdoor for $5.9K
[18:13:20] [Render thread/INFO]: [CHAT] _Itzlunar bought your Oak Trapdoor for $5.9K
[18:13:47] [Render thread/INFO]: [DONUT PROFIT/SCREEN] Screen Opened: Title = 'Large Chest' | Class = class_476
[18:14:12] [Render thread/INFO]: [DONUT PROFIT/SCREEN] Screen Opened: Title = 'Large Chest' | Class = class_476
[18:14:13] [Render thread/INFO]: [DONUT PROFIT/SCREEN] Screen Opened: Title = 'Large Chest' | Class = class_476
[18:14:16] [Render thread/INFO]: [CHAT] [Meteor] [Ah Sell] Sending /ah sell 6.00K for slot 0
[18:14:16] [Render thread/INFO]: [CHAT] [Meteor] Toggled Ah Sell §aon.
[18:14:16] [Render thread/INFO]: [CHAT] [Meteor] Toggled Ah Sell §coff.
[18:14:16] [Render thread/INFO]: [CHAT] You listed 8 Oak Trapdoor for $ 5.9K
[18:14:16] [Render thread/INFO]: [CHAT] [Meteor] [Ah Sell] Sending /ah sell 6.00K for slot 1
[18:14:16] [Render thread/INFO]: [CHAT] [Meteor] Toggled Ah Sell §aon.
[18:14:16] [Render thread/INFO]: [CHAT] [Meteor] Toggled Ah Sell §coff.
[18:14:16] [Render thread/INFO]: [CHAT] You listed 8 Oak Trapdoor for $ 5.9K
[18:14:16] [Render thread/INFO]: [CHAT] [Meteor] [Ah Sell] Sending /ah sell 6.00K for slot 2
[18:14:16] [Render thread/INFO]: [CHAT] [Meteor] Toggled Ah Sell §aon.
[18:14:16] [Render thread/INFO]: [CHAT] [Meteor] Toggled Ah Sell §coff.
[18:14:17] [Render thread/INFO]: [CHAT] You listed 8 Oak Trapdoor for $ 5.9K
[18:14:17] [Render thread/INFO]: [CHAT] [Meteor] [Ah Sell] Sending /ah sell 6.00K for slot 3
[18:14:17] [Render thread/INFO]: [CHAT] [Meteor] Toggled Ah Sell §aon.
[18:14:17] [Render thread/INFO]: [CHAT] [Meteor] Toggled Ah Sell §coff.
[18:14:17] [Render thread/INFO]: [CHAT] You listed 8 Oak Trapdoor for $ 5.9K
[18:14:17] [Render thread/INFO]: [CHAT] [Meteor] [Ah Sell] Sending /ah sell 6.00K for slot 4
[18:14:17] [Render thread/INFO]: [CHAT] [Meteor] Toggled Ah Sell §aon.
[18:14:17] [Render thread/INFO]: [CHAT] [Meteor] Toggled Ah Sell §coff.
[18:14:17] [Render thread/INFO]: [CHAT] You listed 8 Oak Trapdoor for $ 5.9K
[18:14:17] [Render thread/INFO]: [CHAT] [Meteor] [Ah Sell] Sending /ah sell 6.00K for slot 5
[18:14:17] [Render thread/INFO]: [CHAT] [Meteor] Toggled Ah Sell §aon.
[18:14:18] [Render thread/INFO]: [CHAT] [Meteor] Toggled Ah Sell §coff.
[18:14:18] [Render thread/INFO]: [CHAT] You listed 8 Oak Trapdoor for $ 5.9K
[18:14:18] [Render thread/INFO]: [CHAT] [Meteor] [Ah Sell] Sending /ah sell 6.00K for slot 6
[18:14:18] [Render thread/INFO]: [CHAT] [Meteor] Toggled Ah Sell §aon.
[18:14:18] [Render thread/INFO]: [CHAT] [Meteor] Toggled Ah Sell §coff.
[18:14:18] [Render thread/INFO]: [CHAT] You listed 8 Oak Trapdoor for $ 5.9K
[18:14:18] [Render thread/INFO]: [CHAT] [Meteor] [Ah Sell] Sending /ah sell 6.00K for slot 7
[18:14:18] [Render thread/INFO]: [CHAT] [Meteor] Toggled Ah Sell §aon.
[18:14:18] [Render thread/INFO]: [CHAT] [Meteor] Toggled Ah Sell §coff.
[18:14:18] [Render thread/INFO]: [CHAT] You listed 8 Oak Trapdoor for $ 5.9K
[18:14:21] [Render thread/INFO]: [CHAT] Dendiaa bought your Oak Trapdoor for $5.9K
[18:14:28] [Render thread/INFO]: [CHAT] caustic9 bought your Oak Trapdoor for $5.9K
[18:14:30] [Render thread/INFO]: [DONUT PROFIT/SCREEN] Screen Opened: Title = 'Large Chest' | Class = class_476
[18:14:37] [Render thread/INFO]: [CHAT] [Meteor] [Ah Sell] Sending /ah sell 6.00K for slot 0
[18:14:37] [Render thread/INFO]: [CHAT] [Meteor] Toggled Ah Sell §aon.
[18:14:37] [Render thread/INFO]: [CHAT] [Meteor] Toggled Ah Sell §coff.
[18:14:37] [Render thread/INFO]: [CHAT] You listed 8 Oak Trapdoor for $ 5.9K
[18:14:37] [Render thread/INFO]: [CHAT] [Meteor] [Ah Sell] Sending /ah sell 6.00K for slot 1
[18:14:37] [Render thread/INFO]: [CHAT] [Meteor] Toggled Ah Sell §aon.
[18:14:37] [Render thread/INFO]: [CHAT] [Meteor] Toggled Ah Sell §coff.
[18:14:38] [Render thread/INFO]: [CHAT] You listed 8 Oak Trapdoor for $ 5.9K
[18:14:38] [Render thread/INFO]: [CHAT] [Meteor] [Ah Sell] Sending /ah sell 6.00K for slot 2
[18:14:38] [Render thread/INFO]: [CHAT] [Meteor] Toggled Ah Sell §aon.
[18:14:38] [Render thread/INFO]: [CHAT] [Meteor] Toggled Ah Sell §coff.
[18:14:38] [Render thread/INFO]: [CHAT] You listed 8 Oak Trapdoor for $ 5.9K
[18:14:38] [Render thread/INFO]: [CHAT] [Meteor] [Ah Sell] Sending /ah sell 6.00K for slot 3
[18:14:38] [Render thread/INFO]: [CHAT] [Meteor] Toggled Ah Sell §aon.
[18:14:38] [Render thread/INFO]: [CHAT] [Meteor] Toggled Ah Sell §coff.
[18:14:38] [Render thread/INFO]: [CHAT] You listed 8 Oak Trapdoor for $ 5.9K
[18:14:39] [Render thread/INFO]: [CHAT] [Meteor] [Ah Sell] Sending /ah sell 6.00K for slot 4
[18:14:39] [Render thread/INFO]: [CHAT] [Meteor] Toggled Ah Sell §aon.
[18:14:39] [Render thread/INFO]: [CHAT] [Meteor] Toggled Ah Sell §coff.
[18:14:39] [Render thread/INFO]: [CHAT] You listed 8 Oak Trapdoor for $ 5.9K
[18:14:39] [Render thread/INFO]: [CHAT] [Meteor] [Ah Sell] Sending /ah sell 6.00K for slot 5
[18:14:39] [Render thread/INFO]: [CHAT] [Meteor] Toggled Ah Sell §aon.
[18:14:39] [Render thread/INFO]: [CHAT] [Meteor] Toggled Ah Sell §coff.
[18:14:39] [Render thread/INFO]: [CHAT] You listed 8 Oak Trapdoor for $ 5.9K
[18:14:40] [Render thread/INFO]: [CHAT] [Meteor] [Ah Sell] Sending /ah sell 6.00K for slot 6
[18:14:40] [Render thread/INFO]: [CHAT] [Meteor] Toggled Ah Sell §aon.
[18:14:40] [Render thread/INFO]: [CHAT] [Meteor] Toggled Ah Sell §coff.
[18:14:40] [Render thread/INFO]: [CHAT] You listed 8 Oak Trapdoor for $ 5.9K
[18:14:40] [Render thread/INFO]: [CHAT] [Meteor] [Ah Sell] Sending /ah sell 6.00K for slot 7
[18:14:40] [Render thread/INFO]: [CHAT] [Meteor] Toggled Ah Sell §aon.
[18:14:41] [Render thread/INFO]: [CHAT] [Meteor] Toggled Ah Sell §coff.
[18:14:41] [Render thread/INFO]: [CHAT] You listed 8 Oak Trapdoor for $ 5.9K
[18:14:41] [Render thread/INFO]: [CHAT] Gilanger bought your Oak Trapdoor for $5.9K
[18:14:43] [Render thread/INFO]: [CHAT] xImMaybeDavid bought your Oak Trapdoor for $5.9K
[18:14:53] [Render thread/INFO]: [DONUT PROFIT/SCREEN] Screen Opened: Title = 'Crafting' | Class = class_490
[18:14:56] [Render thread/INFO]: [DONUT PROFIT/SCREEN] Screen Opened: Title = 'Large Chest' | Class = class_476
[18:14:57] [Render thread/INFO]: [DONUT PROFIT/SCREEN] Screen Opened: Title = 'Large Chest' | Class = class_476
[18:14:59] [Render thread/INFO]: [CHAT] Grinder_2014 bought your Oak Trapdoor for $5.9K
[18:15:07] [Render thread/INFO]: [CHAT] driftal0 bought your Oak Trapdoor for $5.9K
[18:15:09] [Render thread/INFO]: [CHAT] Lebaric bought your Oak Trapdoor for $5.9K
[18:15:10] [Render thread/INFO]: [CHAT] [Meteor] [Ah Sell] Sending /ah sell 6.00K for slot 0
[18:15:10] [Render thread/INFO]: [CHAT] [Meteor] Toggled Ah Sell §aon.
[18:15:10] [Render thread/INFO]: [CHAT] [Meteor] Toggled Ah Sell §coff.
[18:15:10] [Render thread/INFO]: [CHAT] You listed 8 Oak Trapdoor for $ 5.9K
[18:15:10] [Render thread/INFO]: [CHAT] [Meteor] [Ah Sell] Sending /ah sell 6.00K for slot 1
[18:15:10] [Render thread/INFO]: [CHAT] [Meteor] Toggled Ah Sell §aon.
[18:15:10] [Render thread/INFO]: [CHAT] [Meteor] Toggled Ah Sell §coff.
[18:15:11] [Render thread/INFO]: [CHAT] You listed 8 Oak Trapdoor for $ 5.9K
[18:15:11] [Render thread/INFO]: [CHAT] [Meteor] [Ah Sell] Sending /ah sell 6.00K for slot 2
[18:15:11] [Render thread/INFO]: [CHAT] [Meteor] Toggled Ah Sell §aon.
[18:15:11] [Render thread/INFO]: [CHAT] [Meteor] Toggled Ah Sell §coff.
[18:15:11] [Render thread/INFO]: [CHAT] You listed 8 Oak Trapdoor for $ 5.9K
[18:15:12] [Render thread/INFO]: [CHAT] [Meteor] [Ah Sell] Sending /ah sell 6.00K for slot 3
[18:15:12] [Render thread/INFO]: [CHAT] [Meteor] Toggled Ah Sell §aon.
[18:15:12] [Render thread/INFO]: [CHAT] [Meteor] Toggled Ah Sell §coff.
[18:15:12] [Render thread/INFO]: [CHAT] You listed 8 Oak Trapdoor for $ 5.9K
[18:15:12] [Render thread/INFO]: [CHAT] [Meteor] [Ah Sell] Sending /ah sell 6.00K for slot 4
[18:15:12] [Render thread/INFO]: [CHAT] [Meteor] Toggled Ah Sell §aon.
[18:15:12] [Render thread/INFO]: [CHAT] [Meteor] Toggled Ah Sell §coff.
[18:15:13] [Render thread/INFO]: [CHAT] You listed 8 Oak Trapdoor for $ 5.9K
[18:15:13] [Render thread/INFO]: [CHAT] [Meteor] [Ah Sell] Sending /ah sell 6.00K for slot 5
[18:15:13] [Render thread/INFO]: [CHAT] [Meteor] Toggled Ah Sell §aon.
[18:15:13] [Render thread/INFO]: [CHAT] [Meteor] Toggled Ah Sell §coff.
[18:15:13] [Render thread/INFO]: [CHAT] You listed 8 Oak Trapdoor for $ 5.9K
[18:15:13] [Render thread/INFO]: [CHAT] [Meteor] [Ah Sell] Sending /ah sell 6.00K for slot 6
[18:15:13] [Render thread/INFO]: [CHAT] [Meteor] Toggled Ah Sell §aon.
[18:15:13] [Render thread/INFO]: [CHAT] [Meteor] Toggled Ah Sell §coff.
[18:15:13] [Render thread/INFO]: [CHAT] You listed 8 Oak Trapdoor for $ 5.9K
[18:15:14] [Render thread/INFO]: [CHAT] [Meteor] [Ah Sell] Sending /ah sell 6.00K for slot 7
[18:15:14] [Render thread/INFO]: [CHAT] [Meteor] Toggled Ah Sell §aon.
[18:15:14] [Render thread/INFO]: [CHAT] [Meteor] Toggled Ah Sell §coff.
[18:15:14] [Render thread/INFO]: [CHAT] You listed 8 Oak Trapdoor for $ 5.9K
[18:15:15] [Render thread/INFO]: [DONUT PROFIT/SCREEN] Screen Opened: Title = 'Crafting' | Class = class_490
[18:15:25] [Render thread/INFO]: [CHAT] poinaplesarenice bought your Oak Trapdoor for $5.9K
[18:15:28] [Render thread/INFO]: [DONUT PROFIT/SCREEN] Screen Opened: Title = 'Crafting' | Class = class_490
[18:15:31] [Render thread/INFO]: [DONUT PROFIT/SCREEN] Screen Opened: Title = 'Large Chest' | Class = class_476
[18:15:47] [Render thread/INFO]: [CHAT] macattack365851 bought your Oak Trapdoor for $5.9K
[18:15:57] [Render thread/INFO]: [CHAT] .cid_cageno4487 bought your Oak Trapdoor for $5.9K
[18:16:28] [Render thread/INFO]: [CHAT] You earned $11.9K from auction
[18:16:28] [Render thread/INFO]: [CHAT] You earned $11.9K from auction
[18:16:28] [Render thread/INFO]: [CHAT] Taassu bought your Oak Trapdoor for $5.9K
[18:16:29] [Render thread/INFO]: [CHAT] Taassu bought your Oak Trapdoor for $5.9K
[18:16:29] [Render thread/INFO]: [CHAT] You earned $11.9K from auction
[18:16:30] [Render thread/INFO]: [CHAT] [Meteor] [Ah Sell] Sending /ah sell 6.00K for slot 0
[18:16:30] [Render thread/INFO]: [CHAT] [Meteor] Toggled Ah Sell §aon.
[18:16:30] [Render thread/INFO]: [CHAT] [Meteor] Toggled Ah Sell §coff.
[18:16:30] [Render thread/INFO]: [CHAT] You listed 8 Oak Trapdoor for $ 5.9K
[18:16:30] [Render thread/INFO]: [CHAT] [Meteor] [Ah Sell] Sending /ah sell 6.00K for slot 1
[18:16:30] [Render thread/INFO]: [CHAT] [Meteor] Toggled Ah Sell §aon.
[18:16:30] [Render thread/INFO]: [CHAT] [Meteor] Toggled Ah Sell §coff.
[18:16:31] [Render thread/INFO]: [CHAT] You listed 8 Oak Trapdoor for $ 5.9K
[18:16:31] [Render thread/INFO]: [CHAT] [Meteor] [Ah Sell] Sending /ah sell 6.00K for slot 2
[18:16:31] [Render thread/INFO]: [CHAT] [Meteor] Toggled Ah Sell §aon.
[18:16:31] [Render thread/INFO]: [CHAT] [Meteor] Toggled Ah Sell §coff.
[18:16:31] [Render thread/INFO]: [CHAT] You listed 8 Oak Trapdoor for $ 5.9K
[18:16:31] [Render thread/INFO]: [CHAT] [Meteor] [Ah Sell] Sending /ah sell 6.00K for slot 3
[18:16:31] [Render thread/INFO]: [CHAT] [Meteor] Toggled Ah Sell §aon.
[18:16:31] [Render thread/INFO]: [CHAT] [Meteor] Toggled Ah Sell §coff.
[18:16:31] [Render thread/INFO]: [CHAT] You listed 8 Oak Trapdoor for $ 5.9K
[18:16:31] [Render thread/INFO]: [CHAT] [Meteor] [Ah Sell] Sending /ah sell 6.00K for slot 4
[18:16:31] [Render thread/INFO]: [CHAT] [Meteor] Toggled Ah Sell §aon.
[18:16:31] [Render thread/INFO]: [CHAT] [Meteor] Toggled Ah Sell §coff.
[18:16:31] [Render thread/INFO]: [CHAT] You listed 8 Oak Trapdoor for $ 5.9K
[18:16:32] [Render thread/INFO]: [CHAT] [Meteor] [Ah Sell] Sending /ah sell 6.00K for slot 5
[18:16:32] [Render thread/INFO]: [CHAT] [Meteor] Toggled Ah Sell §aon.
[18:16:32] [Render thread/INFO]: [CHAT] [Meteor] Toggled Ah Sell §coff.
[18:16:32] [Render thread/INFO]: [CHAT] You listed 8 Oak Trapdoor for $ 5.9K
[18:16:32] [Render thread/INFO]: [CHAT] [Meteor] [Ah Sell] Sending /ah sell 6.00K for slot 6
[18:16:32] [Render thread/INFO]: [CHAT] [Meteor] Toggled Ah Sell §aon.
[18:16:32] [Render thread/INFO]: [CHAT] [Meteor] Toggled Ah Sell §coff.
[18:16:32] [Render thread/INFO]: [CHAT] You listed 8 Oak Trapdoor for $ 5.9K
[18:16:33] [Render thread/INFO]: [CHAT] [Meteor] [Ah Sell] Sending /ah sell 6.00K for slot 7
[18:16:33] [Render thread/INFO]: [CHAT] [Meteor] Toggled Ah Sell §aon.
[18:16:33] [Render thread/INFO]: [CHAT] aviazd bought your Oak Trapdoor for $5.9K
[18:16:33] [Render thread/INFO]: [CHAT] [Meteor] Toggled Ah Sell §coff.
[18:16:33] [Render thread/INFO]: [CHAT] You listed 8 Oak Trapdoor for $ 5.9K
[18:16:34] [Render thread/INFO]: [CHAT] aviazd bought your Oak Trapdoor for $5.9K
[18:16:37] [Render thread/INFO]: [CHAT] Lordclartiusjort bought your Oak Trapdoor for $5.9K
[18:16:45] [Render thread/INFO]: [DONUT PROFIT/SCREEN] Screen Opened: Title = 'Large Chest' | Class = class_476
[18:16:48] [Render thread/INFO]: [CHAT] [Meteor] [Ah Sell] Sending /ah sell 6.00K for slot 0
[18:16:48] [Render thread/INFO]: [CHAT] [Meteor] Toggled Ah Sell §aon.
[18:16:48] [Render thread/INFO]: [CHAT] [Meteor] Toggled Ah Sell §coff.
[18:16:48] [Render thread/INFO]: [CHAT] You listed 8 Oak Trapdoor for $ 5.9K
[18:16:48] [Render thread/INFO]: [CHAT] [Meteor] [Ah Sell] Sending /ah sell 6.00K for slot 1
[18:16:48] [Render thread/INFO]: [CHAT] [Meteor] Toggled Ah Sell §aon.
[18:16:48] [Render thread/INFO]: [CHAT] [Meteor] Toggled Ah Sell §coff.
[18:16:48] [Render thread/INFO]: [CHAT] You listed 8 Oak Trapdoor for $ 5.9K
[18:16:48] [Render thread/INFO]: [CHAT] [Meteor] [Ah Sell] Sending /ah sell 6.00K for slot 2
[18:16:48] [Render thread/INFO]: [CHAT] [Meteor] Toggled Ah Sell §aon.
[18:16:48] [Render thread/INFO]: [CHAT] [Meteor] Toggled Ah Sell §coff.
[18:16:48] [Render thread/INFO]: [CHAT] You listed 8 Oak Trapdoor for $ 5.9K
[18:16:49] [Render thread/INFO]: [CHAT] [Meteor] [Ah Sell] Sending /ah sell 6.00K for slot 3
[18:16:49] [Render thread/INFO]: [CHAT] [Meteor] Toggled Ah Sell §aon.
[18:16:49] [Render thread/INFO]: [CHAT] [Meteor] Toggled Ah Sell §coff.
[18:16:49] [Render thread/INFO]: [CHAT] You listed 8 Oak Trapdoor for $ 5.9K
[18:16:49] [Render thread/INFO]: [CHAT] [Meteor] [Ah Sell] Sending /ah sell 6.00K for slot 4
[18:16:49] [Render thread/INFO]: [CHAT] [Meteor] Toggled Ah Sell §aon.
[18:16:49] [Render thread/INFO]: [CHAT] [Meteor] Toggled Ah Sell §coff.
[18:16:49] [Render thread/INFO]: [CHAT] You listed 8 Oak Trapdoor for $ 5.9K
[18:16:49] [Render thread/INFO]: [CHAT] [Meteor] [Ah Sell] Sending /ah sell 6.00K for slot 5
[18:16:49] [Render thread/INFO]: [CHAT] [Meteor] Toggled Ah Sell §aon.
[18:16:49] [Render thread/INFO]: [CHAT] [Meteor] Toggled Ah Sell §coff.
[18:16:49] [Render thread/INFO]: [CHAT] You listed 8 Oak Trapdoor for $ 5.9K
[18:16:50] [Render thread/INFO]: [CHAT] [Meteor] [Ah Sell] Sending /ah sell 6.00K for slot 6
[18:16:50] [Render thread/INFO]: [CHAT] [Meteor] Toggled Ah Sell §aon.
[18:16:50] [Render thread/INFO]: [CHAT] [Meteor] Toggled Ah Sell §coff.
[18:16:50] [Render thread/INFO]: [CHAT] You listed 8 Oak Trapdoor for $ 5.9K
[18:16:50] [Render thread/INFO]: [CHAT] [Meteor] [Ah Sell] Sending /ah sell 6.00K for slot 7
[18:16:50] [Render thread/INFO]: [CHAT] [Meteor] Toggled Ah Sell §aon.
[18:16:50] [Render thread/INFO]: [CHAT] [Meteor] Toggled Ah Sell §coff.
[18:16:50] [Render thread/INFO]: [CHAT] You have too many listed items
[18:17:11] [Render thread/INFO]: [CHAT] ProwiX_ bought your Oak Trapdoor for $5.9K
[18:17:39] [Render thread/INFO]: [CHAT] 5d0mi2 bought your Oak Trapdoor for $5.9K
[18:18:38] [Render thread/INFO]: [CHAT] jadalnybread bought your Oak Trapdoor for $5.9K
[18:18:44] [Render thread/INFO]: [CHAT] SirAlex1101 bought your Oak Trapdoor for $5.9K
[18:19:07] [Render thread/INFO]: [CHAT] Aboudeee bought your Oak Trapdoor for $5.9K
[18:19:35] [Render thread/INFO]: [CHAT] VELVETALLLL joined the game
[18:19:39] [Render thread/INFO]: [DONUT PROFIT/SCREEN] Screen Opened: Title = 'Large Chest' | Class = class_476
[18:19:41] [Render thread/INFO]: [CHAT] [Meteor] [Ah Sell] Sending /ah sell 6.00K for slot 0
[18:19:41] [Render thread/INFO]: [CHAT] [Meteor] Toggled Ah Sell §aon.
[18:19:41] [Render thread/INFO]: [CHAT] [Meteor] Toggled Ah Sell §coff.
[18:19:41] [Render thread/INFO]: [CHAT] You listed 8 Oak Trapdoor for $ 5.9K
[18:19:42] [Render thread/INFO]: [CHAT] [Meteor] [Ah Sell] Sending /ah sell 6.00K for slot 0
[18:19:42] [Render thread/INFO]: [CHAT] [Meteor] Toggled Ah Sell §aon.
[18:19:42] [Render thread/INFO]: [CHAT] Lordclartiusjort bought your Oak Trapdoor for $5.9K
[18:19:42] [Render thread/INFO]: [CHAT] [Meteor] Toggled Ah Sell §coff.
[18:19:42] [Render thread/INFO]: [CHAT] You listed 8 Oak Trapdoor for $ 5.9K
[18:19:42] [Render thread/INFO]: [CHAT] [Meteor] [Ah Sell] Sending /ah sell 6.00K for slot 1
[18:19:42] [Render thread/INFO]: [CHAT] [Meteor] Toggled Ah Sell §aon.
[18:19:42] [Render thread/INFO]: [CHAT] [Meteor] Toggled Ah Sell §coff.
[18:19:42] [Render thread/INFO]: [CHAT] You listed 8 Oak Trapdoor for $ 5.9K
[18:19:42] [Render thread/INFO]: [CHAT] Lordclartiusjort bought your Oak Trapdoor for $5.9K
[18:19:42] [Render thread/INFO]: [CHAT] [Meteor] [Ah Sell] Sending /ah sell 6.00K for slot 2
[18:19:42] [Render thread/INFO]: [CHAT] [Meteor] Toggled Ah Sell §aon.
[18:19:42] [Render thread/INFO]: [CHAT] [Meteor] Toggled Ah Sell §coff.
[18:19:43] [Render thread/INFO]: [CHAT] You listed 8 Oak Trapdoor for $ 5.9K
[18:19:43] [Render thread/INFO]: [CHAT] [Meteor] [Ah Sell] Sending /ah sell 6.00K for slot 3
[18:19:43] [Render thread/INFO]: [CHAT] [Meteor] Toggled Ah Sell §aon.
[18:19:43] [Render thread/INFO]: [CHAT] [Meteor] Toggled Ah Sell §coff.
[18:19:43] [Render thread/INFO]: [CHAT] You listed 8 Oak Trapdoor for $ 5.9K
[18:19:43] [Render thread/INFO]: [CHAT] [Meteor] [Ah Sell] Sending /ah sell 6.00K for slot 4
[18:19:43] [Render thread/INFO]: [CHAT] [Meteor] Toggled Ah Sell §aon.
[18:19:43] [Render thread/INFO]: [CHAT] [Meteor] Toggled Ah Sell §coff.
[18:19:43] [Render thread/INFO]: [CHAT] You listed 8 Oak Trapdoor for $ 5.9K
[18:19:44] [Render thread/INFO]: [CHAT] [Meteor] [Ah Sell] Sending /ah sell 6.00K for slot 5
[18:19:44] [Render thread/INFO]: [CHAT] [Meteor] Toggled Ah Sell §aon.
[18:19:44] [Render thread/INFO]: [CHAT] [Meteor] Toggled Ah Sell §coff.
[18:19:44] [Render thread/INFO]: [CHAT] You listed 8 Oak Trapdoor for $ 5.9K
[18:19:44] [Render thread/INFO]: [CHAT] [Meteor] [Ah Sell] Sending /ah sell 6.00K for slot 6
[18:19:44] [Render thread/INFO]: [CHAT] [Meteor] Toggled Ah Sell §aon.
[18:19:44] [Render thread/INFO]: [CHAT] [Meteor] Toggled Ah Sell §coff.
[18:19:44] [Render thread/INFO]: [CHAT] You have too many listed items
[18:19:45] [Render thread/INFO]: [DONUT PROFIT/SCREEN] Screen Opened: Title = 'Crafting' | Class = class_490
[18:19:50] [Render thread/INFO]: [DONUT PROFIT/SCREEN] Screen Opened: Title = 'Large Chest' | Class = class_476
[18:19:52] [Render thread/INFO]: [CHAT] [Meteor] [Ah Sell] Sending /ah sell 6.00K for slot 7
[18:19:52] [Render thread/INFO]: [CHAT] [Meteor] Toggled Ah Sell §aon.
[18:19:52] [Render thread/INFO]: [CHAT] [Meteor] Toggled Ah Sell §coff.
[18:19:52] [Render thread/INFO]: [CHAT] You have too many listed items
[18:19:53] [Render thread/INFO]: [DONUT PROFIT/SCREEN] Screen Opened: Title = 'Crafting' | Class = class_490
[18:20:00] [Render thread/INFO]: [CHAT] You earned 1 Shard for playing the server
[18:20:13] [Render thread/INFO]: [CHAT] rnk_slayzox bought your Oak Trapdoor for $5.9K
[18:20:16] [Render thread/INFO]: [CHAT] .basilshnb bought your Oak Trapdoor for $5.9K
[18:20:35] [Render thread/INFO]: [CHAT] mark_evans183 bought your Oak Trapdoor for $5.9K
[18:21:07] [Render thread/INFO]: [CHAT] Grinder_2014 bought your Oak Trapdoor for $5.9K
[18:21:07] [Render thread/INFO]: [CHAT] You earned $11.9K from auction
[18:21:09] [Render thread/INFO]: [CHAT] [Meteor] [Ah Sell] Sending /ah sell 6.00K for slot 7
[18:21:09] [Render thread/INFO]: [CHAT] [Meteor] Toggled Ah Sell §aon.
[18:21:09] [Render thread/INFO]: [CHAT] [Meteor] Toggled Ah Sell §coff.
[18:21:09] [Render thread/INFO]: [CHAT] You listed 8 Oak Trapdoor for $ 5.9K
[18:21:11] [Render thread/INFO]: [CHAT] [Meteor] [Ah Sell] Sending /ah sell 6.00K for slot 8
[18:21:11] [Render thread/INFO]: [CHAT] [Meteor] Toggled Ah Sell §aon.
[18:21:11] [Render thread/INFO]: [CHAT] [Meteor] Toggled Ah Sell §coff.
[18:21:11] [Render thread/INFO]: [CHAT] You listed 8 Oak Trapdoor for $ 5.9K
[18:21:50] [Render thread/INFO]: [CHAT] MinecraftGOD2343 bought your Oak Trapdoor for $5.9K
[18:21:51] [Render thread/INFO]: [CHAT] MinecraftGOD2343 bought your Oak Trapdoor for $5.9K
[18:21:51] [Render thread/INFO]: [CHAT] MinecraftGOD2343 bought your Oak Trapdoor for $5.9K
[18:21:55] [Render thread/INFO]: [CHAT] SpyAgentZ bought your Oak Trapdoor for $5.9K
[18:21:56] [Render thread/INFO]: [CHAT] SpyAgentZ bought your Oak Trapdoor for $5.9K
[18:21:56] [Render thread/INFO]: [CHAT] SpyAgentZ bought your Oak Trapdoor for $5.9K
[18:22:04] [Render thread/INFO]: [DONUT PROFIT/SCREEN] Screen Opened: Title = 'Crafting' | Class = class_490
[18:22:05] [Render thread/INFO]: [DONUT PROFIT/SCREEN] Screen Opened: Title = 'Large Chest' | Class = class_476
[18:22:07] [Render thread/INFO]: [CHAT] PvpGod12895 bought your Oak Trapdoor for $5.9K
[18:22:09] [Render thread/INFO]: [DONUT PROFIT/SCREEN] Screen Opened: Title = 'Crafting' | Class = class_490
[18:22:10] [Render thread/INFO]: [DONUT PROFIT/SCREEN] Screen Opened: Title = 'Large Chest' | Class = class_476
[18:22:15] [Render thread/INFO]: [CHAT] [Meteor] [Ah Sell] Sending /ah sell 6.00K for slot 0
[18:22:15] [Render thread/INFO]: [CHAT] [Meteor] Toggled Ah Sell §aon.
[18:22:15] [Render thread/INFO]: [CHAT] [Meteor] Toggled Ah Sell §coff.
[18:22:15] [Render thread/INFO]: [CHAT] You listed 8 Oak Trapdoor for $ 5.9K
[18:22:15] [Render thread/INFO]: [CHAT] [Meteor] [Ah Sell] Sending /ah sell 6.00K for slot 1
[18:22:15] [Render thread/INFO]: [CHAT] [Meteor] Toggled Ah Sell §aon.
[18:22:15] [Render thread/INFO]: [CHAT] [Meteor] Toggled Ah Sell §coff.
[18:22:15] [Render thread/INFO]: [CHAT] You listed 8 Oak Trapdoor for $ 5.9K
[18:22:16] [Render thread/INFO]: [CHAT] [Meteor] [Ah Sell] Sending /ah sell 6.00K for slot 2
[18:22:16] [Render thread/INFO]: [CHAT] [Meteor] Toggled Ah Sell §aon.
[18:22:16] [Render thread/INFO]: [CHAT] [Meteor] Toggled Ah Sell §coff.
[18:22:16] [Render thread/INFO]: [CHAT] You listed 8 Oak Trapdoor for $ 5.9K
[18:22:16] [Render thread/INFO]: [CHAT] [Meteor] [Ah Sell] Sending /ah sell 6.00K for slot 3
[18:22:16] [Render thread/INFO]: [CHAT] [Meteor] Toggled Ah Sell §aon.
[18:22:16] [Render thread/INFO]: [CHAT] [Meteor] Toggled Ah Sell §coff.
[18:22:16] [Render thread/INFO]: [CHAT] You listed 8 Oak Trapdoor for $ 5.9K
[18:22:17] [Render thread/INFO]: [CHAT] [Meteor] [Ah Sell] Sending /ah sell 6.00K for slot 4
[18:22:17] [Render thread/INFO]: [CHAT] [Meteor] Toggled Ah Sell §aon.
[18:22:17] [Render thread/INFO]: [CHAT] [Meteor] Toggled Ah Sell §coff.
[18:22:17] [Render thread/INFO]: [CHAT] You listed 8 Oak Trapdoor for $ 5.9K
[18:22:17] [Render thread/INFO]: [CHAT] [Meteor] [Ah Sell] Sending /ah sell 6.00K for slot 5
[18:22:17] [Render thread/INFO]: [CHAT] [Meteor] Toggled Ah Sell §aon.
[18:22:17] [Render thread/INFO]: [CHAT] [Meteor] Toggled Ah Sell §coff.
[18:22:17] [Render thread/INFO]: [CHAT] You listed 8 Oak Trapdoor for $ 5.9K
[18:22:17] [Render thread/INFO]: [CHAT] [Meteor] [Ah Sell] Sending /ah sell 6.00K for slot 6
[18:22:17] [Render thread/INFO]: [CHAT] [Meteor] Toggled Ah Sell §aon.
[18:22:18] [Render thread/INFO]: [CHAT] [Meteor] Toggled Ah Sell §coff.
[18:22:18] [Render thread/INFO]: [CHAT] You listed 8 Oak Trapdoor for $ 5.9K
[18:22:18] [Render thread/INFO]: [CHAT] [Meteor] [Ah Sell] Sending /ah sell 6.00K for slot 7
[18:22:18] [Render thread/INFO]: [CHAT] [Meteor] Toggled Ah Sell §aon.
[18:22:18] [Render thread/INFO]: [CHAT] [Meteor] Toggled Ah Sell §coff.
[18:22:18] [Render thread/INFO]: [CHAT] You listed 8 Oak Trapdoor for $ 5.9K
[18:22:54] [Render thread/INFO]: [CHAT] PvpGod12895 bought your Oak Trapdoor for $5.9K
[18:22:58] [Render thread/INFO]: [DONUT PROFIT/SCREEN] Screen Opened: Title = 'Crafting' | Class = class_490
[18:22:59] [Render thread/INFO]: [DONUT PROFIT/SCREEN] Screen Opened: Title = 'Crafting' | Class = class_490
[18:23:02] [Render thread/INFO]: [CHAT] [Meteor] [Ah Sell] Sending /ah sell 6.00K for slot 0
[18:23:02] [Render thread/INFO]: [CHAT] [Meteor] Toggled Ah Sell §aon.
[18:23:02] [Render thread/INFO]: [CHAT] [Meteor] Toggled Ah Sell §coff.
[18:23:02] [Render thread/INFO]: [CHAT] You listed 8 Oak Trapdoor for $ 5.9K
[18:23:03] [Render thread/INFO]: [CHAT] [Meteor] [Ah Sell] Sending /ah sell 6.00K for slot 1
[18:23:03] [Render thread/INFO]: [CHAT] [Meteor] Toggled Ah Sell §aon.
[18:23:03] [Render thread/INFO]: [CHAT] [Meteor] Toggled Ah Sell §coff.
[18:23:03] [Render thread/INFO]: [CHAT] You listed 8 Oak Trapdoor for $ 5.9K
[18:23:03] [Render thread/INFO]: [CHAT] [Meteor] [Ah Sell] Sending /ah sell 6.00K for slot 2
[18:23:03] [Render thread/INFO]: [CHAT] [Meteor] Toggled Ah Sell §aon.
[18:23:03] [Render thread/INFO]: [CHAT] [Meteor] Toggled Ah Sell §coff.
[18:23:03] [Render thread/INFO]: [CHAT] You listed 8 Oak Trapdoor for $ 5.9K
[18:23:04] [Render thread/INFO]: [CHAT] [Meteor] [Ah Sell] Sending /ah sell 6.00K for slot 3
[18:23:04] [Render thread/INFO]: [CHAT] [Meteor] Toggled Ah Sell §aon.
[18:23:04] [Render thread/INFO]: [CHAT] [Meteor] Toggled Ah Sell §coff.
[18:23:04] [Render thread/INFO]: [CHAT] You listed 8 Oak Trapdoor for $ 5.9K
[18:23:04] [Render thread/INFO]: [CHAT] [Meteor] [Ah Sell] Sending /ah sell 6.00K for slot 4
[18:23:04] [Render thread/INFO]: [CHAT] [Meteor] Toggled Ah Sell §aon.
[18:23:04] [Render thread/INFO]: [CHAT] [Meteor] Toggled Ah Sell §coff.
[18:23:04] [Render thread/INFO]: [CHAT] You have too many listed items
[18:23:05] [Render thread/INFO]: [CHAT] [Meteor] [Ah Sell] Sending /ah sell 6.00K for slot 5
[18:23:05] [Render thread/INFO]: [CHAT] [Meteor] Toggled Ah Sell §aon.
[18:23:05] [Render thread/INFO]: [CHAT] [Meteor] Toggled Ah Sell §coff.
[18:23:05] [Render thread/INFO]: [CHAT] You have too many listed items
[18:23:05] [Render thread/INFO]: [DONUT PROFIT/SCREEN] Screen Opened: Title = 'Crafting' | Class = class_490
[18:23:08] [Render thread/INFO]: [CHAT] .FOXSTREET911985 bought your Oak Trapdoor for $5.9K
[18:23:46] [Render thread/INFO]: [CHAT] STONE_ROCK_STONE bought your Oak Trapdoor for $5.9K
[18:23:55] [Render thread/INFO]: [CHAT] JayyT0 bought your Oak Trapdoor for $5.9K
[18:23:55] [Render thread/INFO]: [CHAT] JayyT0 bought your Oak Trapdoor for $5.9K
[18:23:56] [Render thread/INFO]: [CHAT] [Meteor] [Ah Sell] Sending /ah sell 6.00K for slot 0
[18:23:56] [Render thread/INFO]: [CHAT] [Meteor] Toggled Ah Sell §aon.
[18:23:57] [Render thread/INFO]: [CHAT] [Meteor] Toggled Ah Sell §coff.
[18:23:57] [Render thread/INFO]: [CHAT] You listed 8 Oak Trapdoor for $ 5.9K
[18:23:57] [Render thread/INFO]: [CHAT] [Meteor] [Ah Sell] Sending /ah sell 6.00K for slot 1
[18:23:57] [Render thread/INFO]: [CHAT] [Meteor] Toggled Ah Sell §aon.
[18:23:57] [Render thread/INFO]: [CHAT] [Meteor] Toggled Ah Sell §coff.
[18:23:57] [Render thread/INFO]: [CHAT] You listed 8 Oak Trapdoor for $ 5.9K
[18:23:57] [Render thread/INFO]: [CHAT] [Meteor] [Ah Sell] Sending /ah sell 6.00K for slot 2
[18:23:57] [Render thread/INFO]: [CHAT] [Meteor] Toggled Ah Sell §aon.
[18:23:58] [Render thread/INFO]: [CHAT] [Meteor] Toggled Ah Sell §coff.
[18:23:58] [Render thread/INFO]: [CHAT] You listed 8 Oak Trapdoor for $ 5.9K
[18:23:58] [Render thread/INFO]: [CHAT] [Meteor] [Ah Sell] Sending /ah sell 6.00K for slot 3
[18:23:58] [Render thread/INFO]: [CHAT] [Meteor] Toggled Ah Sell §aon.
[18:23:58] [Render thread/INFO]: [CHAT] [Meteor] Toggled Ah Sell §coff.
[18:23:58] [Render thread/INFO]: [CHAT] You listed 8 Oak Trapdoor for $ 5.9K
[18:23:59] [Render thread/INFO]: [DONUT PROFIT/SCREEN] Screen Opened: Title = 'Crafting' | Class = class_490
[18:24:03] [Render thread/INFO]: [CHAT] chimbung bought your Oak Trapdoor for $5.9K
[18:24:47] [VoiceChatConnectionThread/INFO]: [voicechat] Creating audio channel 7c590c5a-b2f0-4038-8297-d6a9c883877f
[18:24:54] [Render thread/INFO]: [DONUT PROFIT/SCREEN] Screen Opened: Title = 'Crafting' | Class = class_490
[18:24:55] [Render thread/INFO]: [DONUT PROFIT/SCREEN] Screen Opened: Title = 'Crafting' | Class = class_490
[18:24:56] [Render thread/INFO]: [DONUT PROFIT/SCREEN] Screen Opened: Title = 'Large Chest' | Class = class_476
[18:24:58] [Render thread/INFO]: [DONUT PROFIT/SCREEN] Screen Opened: Title = 'Large Chest' | Class = class_476
[18:25:00] [Render thread/INFO]: [DONUT PROFIT/SCREEN] Screen Opened: Title = 'Large Chest' | Class = class_476
[18:25:02] [Render thread/INFO]: [CHAT] [Meteor] [Ah Sell] Sending /ah sell 6.00K for slot 0
[18:25:02] [Render thread/INFO]: [CHAT] [Meteor] Toggled Ah Sell §aon.
[18:25:03] [Render thread/INFO]: [CHAT] [Meteor] Toggled Ah Sell §coff.
[18:25:03] [Render thread/INFO]: [CHAT] You listed 8 Oak Trapdoor for $ 5.9K
[18:25:03] [Render thread/INFO]: [CHAT] [Meteor] [Ah Sell] Sending /ah sell 6.00K for slot 1
[18:25:03] [Render thread/INFO]: [CHAT] [Meteor] Toggled Ah Sell §aon.
[18:25:03] [Render thread/INFO]: [CHAT] [Meteor] Toggled Ah Sell §coff.
[18:25:03] [Render thread/INFO]: [CHAT] You have too many listed items
[18:25:04] [Render thread/INFO]: [DONUT PROFIT/SCREEN] Screen Opened: Title = 'Crafting' | Class = class_490
[18:25:05] [Render thread/INFO]: [CHAT] MasterGabe27 bought your Oak Trapdoor for $5.9K
[18:25:07] [Render thread/INFO]: [DONUT PROFIT/SCREEN] Screen Opened: Title = 'Crafting' | Class = class_490
[18:25:08] [Render thread/INFO]: [DONUT PROFIT/SCREEN] Screen Opened: Title = 'Crafting' | Class = class_490
[18:25:09] [Render thread/INFO]: [DONUT PROFIT/SCREEN] Screen Opened: Title = 'Crafting' | Class = class_490
[18:25:11] [Render thread/INFO]: [DONUT PROFIT/SCREEN] Screen Opened: Title = 'Large Chest' | Class = class_476
[18:25:11] [Render thread/INFO]: [DONUT PROFIT/SCREEN] Screen Opened: Title = 'Large Chest' | Class = class_476
[18:25:12] [Render thread/INFO]: [DONUT PROFIT/SCREEN] Screen Opened: Title = 'Large Chest' | Class = class_476
[18:25:14] [Render thread/INFO]: [CHAT] ViktorL03 bought your Oak Trapdoor for $5.9K
[18:25:15] [Render thread/INFO]: [CHAT] ShadowPODO bought your Oak Trapdoor for $5.9K
[18:25:19] [Render thread/INFO]: [CHAT] LuckyDuckJay bought your Oak Trapdoor for $5.9K
[18:25:23] [Render thread/INFO]: [CHAT] Crunch_8ar bought your Oak Trapdoor for $5.9K
[18:25:30] [Render thread/INFO]: [CHAT] 1_BingBong_1 bought your Oak Trapdoor for $5.9K
[18:25:45] [Render thread/INFO]: [CHAT] Snarlypanda3206 bought your Oak Trapdoor for $5.9K
[18:26:05] [Render thread/INFO]: [CHAT] .k1ll631086 bought your Oak Trapdoor for $5.9K
[18:26:09] [Render thread/INFO]: [CHAT] MinecraftMelvin1 bought your Oak Trapdoor for $5.9K
[18:26:16] [Render thread/INFO]: [CHAT] .FR0STY08698 bought your Oak Trapdoor for $5.9K
[18:26:22] [Render thread/INFO]: [CHAT] .kayyyyycpvp bought your Oak Trapdoor for $5.9K
[18:26:30] [Render thread/INFO]: [CHAT] drippybanana bought your Oak Trapdoor for $5.9K
[18:26:31] [Render thread/INFO]: [CHAT] .Deathnote14867 bought your Oak Trapdoor for $5.9K
[18:26:32] [Render thread/INFO]: [CHAT] dream97100 bought your Oak Trapdoor for $5.9K
[18:27:01] [Render thread/INFO]: [CHAT] Fexxx__ bought your Oak Trapdoor for $5.9K
[18:27:25] [Render thread/INFO]: [CHAT] AspinReack3r bought your Oak Trapdoor for $5.9K
[18:27:43] [Render thread/INFO]: [CHAT] Luca_goty78764 bought your Oak Trapdoor for $5.9K
[18:27:46] [Render thread/INFO]: [CHAT] Cr0wnE bought your Oak Trapdoor for $5.9K
[18:29:49] [Render thread/INFO]: [DONUT PROFIT/SCREEN] Screen Opened: Title = 'Game Menu' | Class = class_433
[18:30:00] [Render thread/INFO]: [CHAT] You earned 1 Shard for playing the server
[18:30:21] [Render thread/INFO]: [DONUT PROFIT/SCREEN] Screen Opened: Title = 'Crafting' | Class = class_490
[18:30:29] [Render thread/INFO]: [CHAT] [Meteor] [Ah Sell] Sending /ah sell 6.00K for slot 2
[18:30:29] [Render thread/INFO]: [CHAT] [Meteor] Toggled Ah Sell §aon.
[18:30:29] [Render thread/INFO]: [CHAT] [Meteor] Toggled Ah Sell §coff.
[18:30:29] [Render thread/INFO]: [CHAT] You listed 8 Oak Trapdoor for $ 5.9K
[18:30:29] [Render thread/INFO]: [CHAT] [Meteor] [Ah Sell] Sending /ah sell 6.00K for slot 3
[18:30:29] [Render thread/INFO]: [CHAT] [Meteor] Toggled Ah Sell §aon.
[18:30:30] [Render thread/INFO]: [CHAT] [Meteor] Toggled Ah Sell §coff.
[18:30:30] [Render thread/INFO]: [CHAT] You listed 8 Oak Trapdoor for $ 5.9K
[18:30:30] [Render thread/INFO]: [CHAT] [Meteor] [Ah Sell] Sending /ah sell 6.00K for slot 4
[18:30:30] [Render thread/INFO]: [CHAT] [Meteor] Toggled Ah Sell §aon.
[18:30:30] [Render thread/INFO]: [CHAT] [Meteor] Toggled Ah Sell §coff.
[18:30:30] [Render thread/INFO]: [CHAT] You listed 8 Oak Trapdoor for $ 5.9K
[18:30:30] [Render thread/INFO]: [CHAT] [Meteor] [Ah Sell] Sending /ah sell 6.00K for slot 5
[18:30:30] [Render thread/INFO]: [CHAT] [Meteor] Toggled Ah Sell §aon.
[18:30:30] [Render thread/INFO]: [CHAT] [Meteor] Toggled Ah Sell §coff.
[18:30:30] [Render thread/INFO]: [CHAT] You listed 8 Oak Trapdoor for $ 5.9K
[18:30:31] [Render thread/INFO]: [CHAT] [Meteor] [Ah Sell] Sending /ah sell 6.00K for slot 6
[18:30:31] [Render thread/INFO]: [CHAT] [Meteor] Toggled Ah Sell §aon.
[18:30:31] [Render thread/INFO]: [CHAT] [Meteor] Toggled Ah Sell §coff.
[18:30:31] [Render thread/INFO]: [CHAT] You listed 8 Oak Trapdoor for $ 5.9K
[18:30:31] [Render thread/INFO]: [CHAT] [Meteor] [Ah Sell] Sending /ah sell 6.00K for slot 6
[18:30:31] [Render thread/INFO]: [CHAT] [Meteor] Toggled Ah Sell §aon.
[18:30:31] [Render thread/INFO]: [CHAT] [Meteor] Toggled Ah Sell §coff.
[18:30:31] [Render thread/INFO]: [CHAT] You listed 8 Oak Trapdoor for $ 5.9K
[18:30:35] [Render thread/INFO]: [CHAT] Minecraft070513 bought your Oak Trapdoor for $5.9K
[18:30:55] [Render thread/INFO]: [CHAT] ChickenChicks bought your Oak Trapdoor for $5.9K
[18:30:55] [Render thread/INFO]: [DONUT PROFIT/SCREEN] Screen Opened: Title = 'Chat screen' | Class = class_408
[18:30:56] [Render thread/INFO]: [CHAT] dRAGy2012 bought your Oak Trapdoor for $5.9K
[18:30:58] [Render thread/INFO]: Loaded 395 advancements
[18:30:58] [Render thread/INFO]: [CHAT] .Mangoengo bought your Oak Trapdoor for $5.9K
[18:30:58] [Render thread/WARN]: Requested creation of existing team 'sidebar_line_0'
[18:30:58] [Render thread/WARN]: Requested creation of existing team 'sidebar_line_1'
[18:30:58] [Render thread/WARN]: Requested creation of existing team 'sidebar_line_2'
[18:30:58] [Render thread/WARN]: Requested creation of existing team 'sidebar_line_3'
[18:30:58] [Render thread/WARN]: Requested creation of existing team 'sidebar_line_4'
[18:30:59] [Render thread/WARN]: Requested creation of existing team '09-DanIsNotThatCool-false'
[18:30:59] [Render thread/WARN]: Requested creation of existing team '09-Boom_Boy_-false'
[18:30:59] [Render thread/WARN]: Requested creation of existing team '09-Lighttism-false'
[18:30:59] [Render thread/WARN]: Requested creation of existing team '09-Br0keAndHomeless-false'
[18:30:59] [Render thread/WARN]: Requested creation of existing team '09-EnVarkoume-false'
[18:30:59] [Render thread/WARN]: Requested creation of existing team '09-Flaran-false'
[18:30:59] [Render thread/WARN]: Requested creation of existing team '09-DxP1-false'
[18:30:59] [Render thread/WARN]: Requested creation of existing team '09-ciation-false'
[18:30:59] [Render thread/WARN]: Requested creation of existing team '09-poopfartgamer38-false'
[18:30:59] [Render thread/WARN]: Requested creation of existing team '09-ibfel-false'
[18:30:59] [Render thread/WARN]: Requested creation of existing team '09-Abuodee-false'
[18:30:59] [Render thread/WARN]: Requested creation of existing team '09-jesticc-false'
[18:30:59] [Render thread/WARN]: Requested creation of existing team '09-g1uc-false'
[18:30:59] [Render thread/WARN]: Requested creation of existing team '09-raf1us-false'
[18:30:59] [Render thread/WARN]: Requested creation of existing team '09-Doomed001-false'
[18:30:59] [Render thread/WARN]: Requested creation of existing team '09-cutiewsp-false'
[18:30:59] [Render thread/WARN]: Requested creation of existing team '09-KingSebMc-false'
[18:30:59] [Render thread/WARN]: Requested creation of existing team '09-Pawkovsky_-false'
[18:30:59] [Render thread/WARN]: Requested creation of existing team '09-ITauI-false'
[18:30:59] [Render thread/WARN]: Requested creation of existing team '09-Ikeacpvp-false'
[18:30:59] [Render thread/WARN]: Requested creation of existing team '09-meitsmeYT-false'
[18:30:59] [Render thread/WARN]: Requested creation of existing team '09-0cas-false'
[18:30:59] [Render thread/WARN]: Requested creation of existing team '09-Fluxify_YT-false'
[18:30:59] [Render thread/WARN]: Requested creation of existing team '09-MinimikeCPVP-false'
[18:30:59] [Render thread/WARN]: Requested creation of existing team '09-Cactifyy-false'
[18:30:59] [Render thread/WARN]: Requested creation of existing team '09-BluqoYT-false'
[18:30:59] [Render thread/WARN]: Requested creation of existing team '09-greedzox-false'
[18:30:59] [Render thread/WARN]: Requested creation of existing team '09-mavy_mavy-false'
[18:30:59] [Render thread/WARN]: Requested creation of existing team '09-Melton56-false'
[18:30:59] [Render thread/WARN]: Requested creation of existing team '09-iditity-false'
[18:30:59] [Render thread/WARN]: Requested creation of existing team '09-Mjaytoo-false'
[18:30:59] [Render thread/WARN]: Requested creation of existing team '09-MayoTV-false'
[18:30:59] [Render thread/WARN]: Requested creation of existing team '09-Cryx_cpvp-false'
[18:30:59] [Render thread/WARN]: Requested creation of existing team '09-2pfp-false'
[18:30:59] [Render thread/WARN]: Requested creation of existing team '09-mejro-false'
[18:30:59] [Render thread/WARN]: Requested creation of existing team '09-Mik4s_dUgiRa-false'
[18:30:59] [Render thread/WARN]: Requested creation of existing team '09-FlashAlexMP-false'
[18:30:59] [Render thread/WARN]: Requested creation of existing team '09-knownVisitor-false'
[18:30:59] [Render thread/WARN]: Requested creation of existing team '09-MasM3n-false'
[18:30:59] [Render thread/WARN]: Requested creation of existing team '09-Ghostish11-false'
[18:30:59] [Render thread/WARN]: Requested creation of existing team '09-mega112233-false'
[18:30:59] [Render thread/WARN]: Requested creation of existing team '09-BabyBeetroot-false'
[18:30:59] [Render thread/WARN]: Requested creation of existing team '09-LarpW1zox_-false'
[18:30:59] [Render thread/WARN]: Requested creation of existing team '09-griperght-false'
[18:30:59] [Render thread/WARN]: Requested creation of existing team '09-Marlivv-false'
[18:30:59] [Render thread/WARN]: Requested creation of existing team '09-MijoTortilla-false'
[18:30:59] [Render thread/WARN]: Requested creation of existing team '09-MUSTARD1221-false'
[18:30:59] [Render thread/WARN]: Requested creation of existing team '09-DaytonaV8-false'
[18:30:59] [Render thread/WARN]: Requested creation of existing team '09-au4q-false'
[18:30:59] [Render thread/WARN]: Requested creation of existing team '09-okvain-false'
[18:30:59] [Render thread/WARN]: Requested creation of existing team '09-Dwomix-false'
[18:30:59] [Render thread/WARN]: Requested creation of existing team '09-AArchhh-false'
[18:30:59] [Render thread/WARN]: Requested creation of existing team '09-itzkorbz-false'
[18:30:59] [Render thread/WARN]: Requested creation of existing team '09-Golbary-false'
[18:30:59] [Render thread/WARN]: Requested creation of existing team '09-LrexTTV-false'
[18:30:59] [Render thread/WARN]: Requested creation of existing team '09-fubol-false'
[18:30:59] [Render thread/WARN]: Requested creation of existing team '09-Artumpkin-false'
[18:30:59] [Render thread/WARN]: Requested creation of existing team '09-AmethystCPVP-false'
[18:30:59] [Render thread/WARN]: Requested creation of existing team '09-Mustard2YT-false'
[18:30:59] [Render thread/WARN]: Requested creation of existing team '09-JoseCPVP-false'
[18:30:59] [Render thread/WARN]: Requested creation of existing team '09-Ninjqzz-false'
[18:30:59] [Render thread/WARN]: Requested creation of existing team '09-EtlotOff-false'
[18:30:59] [Render thread/WARN]: Requested creation of existing team '09-ohcklee-false'
[18:30:59] [Render thread/WARN]: Requested creation of existing team '09-Ehxy-false'
[18:30:59] [Render thread/WARN]: Requested creation of existing team '09-HAMSTERKING_gm-false'
[18:30:59] [Render thread/WARN]: Requested creation of existing team '09-Mushymoshh-false'
[18:30:59] [Render thread/WARN]: Requested creation of existing team '09-DownShot-false'
[18:30:59] [Render thread/WARN]: Requested creation of existing team '09-CoolDudeBoodle-false'
[18:30:59] [Render thread/WARN]: Requested creation of existing team '09-BLUEGODISBACK-false'
[18:30:59] [Render thread/WARN]: Requested creation of existing team '09-AquaMC-false'
[18:30:59] [Render thread/WARN]: Requested creation of existing team '09-FlewCPVP-false'
[18:30:59] [Render thread/WARN]: Requested creation of existing team '09-KFAcpvp-false'
[18:30:59] [Render thread/WARN]: Requested creation of existing team '09-ogien211-false'
[18:30:59] [Render thread/WARN]: Requested creation of existing team '09-As1atic-false'
[18:30:59] [Render thread/WARN]: Requested creation of existing team '09-JulesLua-false'
[18:30:59] [Render thread/WARN]: Requested creation of existing team '03-W1zoX_-false'
[18:30:59] [Render thread/WARN]: Requested creation of existing team '09-JumpyGem-false'
[18:30:59] [Render thread/WARN]: Requested creation of existing team '09-pro1234micahn-false'
[18:30:59] [Render thread/WARN]: Requested creation of existing team '09-HendogOfficial-false'
[18:30:59] [Render thread/WARN]: Requested creation of existing team '09-ItzGraven-false'
[18:30:59] [Render thread/WARN]: Requested creation of existing team '09-CaptainMoose35-false'
[18:30:59] [Render thread/WARN]: Requested creation of existing team '09-NotNebulaMC-false'
[18:30:59] [Render thread/WARN]: Requested creation of existing team '09-AlpBey3503-false'
[18:30:59] [Render thread/WARN]: Requested creation of existing team '09-Gavin422-false'
[18:30:59] [Render thread/WARN]: Requested creation of existing team '09-KlingMC-false'
[18:30:59] [Render thread/INFO]: [REI] [Local Recipes] Removing 0 overlapping fallback displays superseded by server recipe add
[18:30:59] [Render thread/WARN]: [REI] Detected runtime DisplayRegistry modification, this can be extremely dangerous!
[18:31:07] [Render thread/INFO]: [CHAT] AArchhh bought your Oak Trapdoor for $5.9K
[18:31:09] [Render thread/INFO]: [CHAT] K1ngDeded3 bought your Oak Trapdoor for $5.9K
[18:31:27] [Render thread/INFO]: [DONUT PROFIT/SCREEN] Screen Opened: Title = 'Crafting' | Class = class_490
[18:31:27] [Render thread/INFO]: [DONUT PROFIT/SCREEN] Screen Opened: Title = 'Crafting' | Class = class_490
[18:31:28] [Render thread/INFO]: [DONUT PROFIT/SCREEN] Screen Opened: Title = 'Crafting' | Class = class_490
[18:31:49] [Render thread/INFO]: [DONUT PROFIT/SCREEN] Screen Opened: Title = 'Large Chest' | Class = class_476
[18:31:49] [Render thread/INFO]: [DONUT PROFIT/SCREEN] Screen Opened: Title = 'Large Chest' | Class = class_476
[18:31:50] [Render thread/INFO]: [DONUT PROFIT/SCREEN] Screen Opened: Title = 'Large Chest' | Class = class_476
[18:31:51] [Render thread/INFO]: [DONUT PROFIT/SCREEN] Screen Opened: Title = 'Large Chest' | Class = class_476
[18:32:23] [Render thread/INFO]: [DONUT PROFIT/SCREEN] Screen Opened: Title = 'Crafting' | Class = class_490
[18:33:53] [Render thread/INFO]: Stopping worker threads
[18:33:53] [Render thread/INFO]: Started 10 worker threads
[18:33:53] [Render thread/INFO]: [CHAT] [Meteor] Toggled Freecam §aon.
[18:33:56] [Render thread/INFO]: Stopping worker threads
[18:33:56] [Render thread/INFO]: Started 10 worker threads
[18:33:56] [Render thread/INFO]: [CHAT] [Meteor] Toggled Freecam §coff.
[18:36:54] [Render thread/INFO]: [DONUT PROFIT/SCREEN] Screen Opened: Title = 'Game Menu' | Class = class_433
[18:36:59] [Render thread/INFO]: [DONUT PROFIT/SCREEN] Screen Opened: Title = 'Chat screen' | Class = class_408
[18:37:02] [Render thread/INFO]: [DONUT PROFIT/SCREEN] Screen Opened: Title = 'Crafting' | Class = class_490
[18:37:03] [Render thread/INFO]: [CHAT] [Meteor] [Ah Sell] Sending /ah sell 6.00K for slot 0
[18:37:03] [Render thread/INFO]: [CHAT] [Meteor] Toggled Ah Sell §aon.
[18:37:03] [Render thread/INFO]: [CHAT] [Meteor] Toggled Ah Sell §coff.
[18:37:03] [Render thread/INFO]: [CHAT] You cannot do this in combat
[18:37:09] [Render thread/INFO]: [DONUT PROFIT/SCREEN] Screen Opened: Title = 'Game Menu' | Class = class_433
[18:38:14] [Render thread/INFO]: [DONUT PROFIT/SCREEN] Screen Opened: Title = 'Chat screen' | Class = class_408
[18:38:16] [Render thread/INFO]: Loaded 297 advancements
[18:38:16] [Render thread/WARN]: Requested creation of existing team 'sidebar_line_0'
[18:38:16] [Render thread/WARN]: Requested creation of existing team 'sidebar_line_1'
[18:38:16] [Render thread/WARN]: Requested creation of existing team 'sidebar_line_2'
[18:38:16] [Render thread/WARN]: Requested creation of existing team 'sidebar_line_3'
[18:38:16] [Render thread/WARN]: Requested creation of existing team 'sidebar_line_4'
[18:38:17] [Render thread/WARN]: Requested creation of existing team '09-DanIsNotThatCool-false'
[18:38:17] [Render thread/WARN]: Requested creation of existing team '09-Boom_Boy_-false'
[18:38:17] [Render thread/WARN]: Requested creation of existing team '09-Lighttism-false'
[18:38:17] [Render thread/WARN]: Requested creation of existing team '09-Br0keAndHomeless-false'
[18:38:17] [Render thread/WARN]: Requested creation of existing team '09-DxP1-false'
[18:38:17] [Render thread/WARN]: Requested creation of existing team '09-ciation-false'
[18:38:17] [Render thread/WARN]: Requested creation of existing team '09-Adamzhere-false'
[18:38:17] [Render thread/WARN]: Requested creation of existing team '09-poopfartgamer38-false'
[18:38:17] [Render thread/WARN]: Requested creation of existing team '09-ibfel-false'
[18:38:17] [Render thread/WARN]: Requested creation of existing team '09-Abuodee-false'
[18:38:17] [Render thread/WARN]: Requested creation of existing team '09-jesticc-false'
[18:38:17] [Render thread/WARN]: Requested creation of existing team '09-g1uc-false'
[18:38:17] [Render thread/WARN]: Requested creation of existing team '09-MrMilaano-false'
[18:38:17] [Render thread/WARN]: Requested creation of existing team '09-Doomed001-false'
[18:38:17] [Render thread/WARN]: Requested creation of existing team '09-_ihd-false'
[18:38:17] [Render thread/WARN]: Requested creation of existing team '09-KingSebMc-false'
[18:38:17] [Render thread/WARN]: Requested creation of existing team '09-Pawkovsky_-false'
[18:38:17] [Render thread/WARN]: Requested creation of existing team '09-ITauI-false'
[18:38:17] [Render thread/WARN]: Requested creation of existing team '09-Ikeacpvp-false'
[18:38:17] [Render thread/WARN]: Requested creation of existing team '09-meitsmeYT-false'
[18:38:17] [Render thread/WARN]: Requested creation of existing team '09-0cas-false'
[18:38:17] [Render thread/WARN]: Requested creation of existing team '09-Fluxify_YT-false'
[18:38:17] [Render thread/WARN]: Requested creation of existing team '09-MinimikeCPVP-false'
[18:38:17] [Render thread/WARN]: Requested creation of existing team '09-Cactifyy-false'
[18:38:17] [Render thread/WARN]: Requested creation of existing team '09-Kamuzinski-false'
[18:38:17] [Render thread/WARN]: Requested creation of existing team '09-BluqoYT-false'
[18:38:17] [Render thread/WARN]: Requested creation of existing team '09-greedzox-false'
[18:38:17] [Render thread/WARN]: Requested creation of existing team '09-CarterCam365-false'
[18:38:17] [Render thread/WARN]: Requested creation of existing team '09-mavy_mavy-false'
[18:38:17] [Render thread/WARN]: Requested creation of existing team '09-Leroxcpvp-false'
[18:38:17] [Render thread/WARN]: Requested creation of existing team '09-Melton56-false'
[18:38:17] [Render thread/WARN]: Requested creation of existing team '09-iditity-false'
[18:38:17] [Render thread/WARN]: Requested creation of existing team '09-Mjaytoo-false'
[18:38:17] [Render thread/WARN]: Requested creation of existing team '09-Daku__-false'
[18:38:17] [Render thread/WARN]: Requested creation of existing team '09-MayoTV-false'
[18:38:17] [Render thread/WARN]: Requested creation of existing team '09-2pfp-false'
[18:38:17] [Render thread/WARN]: Requested creation of existing team '09-mejro-false'
[18:38:17] [Render thread/WARN]: Requested creation of existing team '09-Mik4s_dUgiRa-false'
[18:38:17] [Render thread/WARN]: Requested creation of existing team '09-FlashAlexMP-false'
[18:38:17] [Render thread/WARN]: Requested creation of existing team '09-knownVisitor-false'
[18:38:17] [Render thread/WARN]: Requested creation of existing team '09-MasM3n-false'
[18:38:17] [Render thread/WARN]: Requested creation of existing team '09-Ghostish11-false'
[18:38:17] [Render thread/WARN]: Requested creation of existing team '09-mega112233-false'
[18:38:17] [Render thread/WARN]: Requested creation of existing team '09-BabyBeetroot-false'
[18:38:17] [Render thread/WARN]: Requested creation of existing team '09-LarpW1zox_-false'
[18:38:17] [Render thread/WARN]: Requested creation of existing team '09-griperght-false'
[18:38:17] [Render thread/WARN]: Requested creation of existing team '09-Marlivv-false'
[18:38:17] [Render thread/WARN]: Requested creation of existing team '09-MijoTortilla-false'
[18:38:17] [Render thread/WARN]: Requested creation of existing team '09-MUSTARD1221-false'
[18:38:17] [Render thread/WARN]: Requested creation of existing team '09-Filipoke-false'
[18:38:17] [Render thread/WARN]: Requested creation of existing team '09-DaytonaV8-false'
[18:38:17] [Render thread/WARN]: Requested creation of existing team '09-au4q-false'
[18:38:17] [Render thread/WARN]: Requested creation of existing team '09-okvain-false'
[18:38:17] [Render thread/WARN]: Requested creation of existing team '09-Dwomix-false'
[18:38:17] [Render thread/WARN]: Requested creation of existing team '09-AArchhh-false'
[18:38:17] [Render thread/WARN]: Requested creation of existing team '09-itzkorbz-false'
[18:38:17] [Render thread/WARN]: Requested creation of existing team '09-Golbary-false'
[18:38:17] [Render thread/WARN]: Requested creation of existing team '09-LrexTTV-false'
[18:38:17] [Render thread/WARN]: Requested creation of existing team '09-fubol-false'
[18:38:17] [Render thread/WARN]: Requested creation of existing team '09-Artumpkin-false'
[18:38:17] [Render thread/WARN]: Requested creation of existing team '09-AmethystCPVP-false'
[18:38:17] [Render thread/WARN]: Requested creation of existing team '09-AidansGamingYT-false'
[18:38:17] [Render thread/WARN]: Requested creation of existing team '09-Mustard2YT-false'
[18:38:17] [Render thread/WARN]: Requested creation of existing team '09-JoseCPVP-false'
[18:38:17] [Render thread/WARN]: Requested creation of existing team '09-Ninjqzz-false'
[18:38:17] [Render thread/WARN]: Requested creation of existing team '09-EtlotOff-false'
[18:38:17] [Render thread/WARN]: Requested creation of existing team '09-ohcklee-false'
[18:38:17] [Render thread/WARN]: Requested creation of existing team '09-Ehxy-false'
[18:38:17] [Render thread/WARN]: Requested creation of existing team '09-DownShot-false'
[18:38:17] [Render thread/WARN]: Requested creation of existing team '09-Mushymoshh-false'
[18:38:17] [Render thread/WARN]: Requested creation of existing team '09-CoolDudeBoodle-false'
[18:38:17] [Render thread/WARN]: Requested creation of existing team '09-BLUEGODISBACK-false'
[18:38:17] [Render thread/WARN]: Requested creation of existing team '09-AquaMC-false'
[18:38:17] [Render thread/WARN]: Requested creation of existing team '09-KFAcpvp-false'
[18:38:17] [Render thread/WARN]: Requested creation of existing team '09-ogien211-false'
[18:38:17] [Render thread/WARN]: Requested creation of existing team '09-As1atic-false'
[18:38:17] [Render thread/WARN]: Requested creation of existing team '09-PenguiW31-false'
[18:38:17] [Render thread/WARN]: Requested creation of existing team '03-W1zoX_-false'
[18:38:17] [Render thread/WARN]: Requested creation of existing team '09-JumpyGem-false'
[18:38:17] [Render thread/WARN]: Requested creation of existing team '09-pro1234micahn-false'
[18:38:17] [Render thread/WARN]: Requested creation of existing team '09-ItzGraven-false'
[18:38:17] [Render thread/WARN]: Requested creation of existing team '09-HaitchL-false'
[18:38:17] [Render thread/WARN]: Requested creation of existing team '09-AlpBey3503-false'
[18:38:17] [Render thread/WARN]: Requested creation of existing team '09-Gavin422-false'
[18:38:17] [Render thread/WARN]: Requested creation of existing team '09-KlingMC-false'
[18:38:17] [Render thread/INFO]: [REI] [Local Recipes] Removing 0 overlapping fallback displays superseded by server recipe add
[18:38:17] [Render thread/WARN]: [REI] Detected runtime DisplayRegistry modification, this can be extremely dangerous!
[18:40:00] [Render thread/INFO]: [CHAT] You earned 1 Shard for playing the server
[18:40:45] [Render thread/INFO]: [DONUT PROFIT/SCREEN] Screen Opened: Title = 'Crafting' | Class = class_490
[18:41:29] [Render thread/INFO]: [DONUT PROFIT/SCREEN] Screen Opened: Title = 'Crafting' | Class = class_490
[18:41:30] [Render thread/INFO]: [DONUT PROFIT/SCREEN] Screen Opened: Title = 'Chat screen' | Class = class_408
[18:41:33] [Render thread/INFO]: [DONUT PROFIT/SCREEN] Screen Opened: Title = 'Game Menu' | Class = class_433
[18:41:34] [Render thread/INFO]: [DONUT PROFIT/SCREEN] Screen Opened: Title = '' | Class = ProfitDetailsScreen
[18:41:46] [Render thread/INFO]: [Best Deal Finder] Starting search: /ah golden_apple (Target Qty: 64, Max Price: $None, Auto Buy: false)
[18:41:46] [Render thread/INFO]: [DONUT PROFIT/SCREEN] Screen Opened: Title = 'Auction (Page 1)' | Class = class_476
[18:41:46] [Render thread/INFO]: [Best Deal Finder] Paging forward for /ah golden_apple (Page 2, Qualifying Matches: 0)...
[18:41:46] [Render thread/INFO]: [DONUT PROFIT/SCREEN] Screen Opened: Title = 'Auction (Page 2)' | Class = class_476
[18:41:47] [Render thread/INFO]: [Best Deal Finder] Paging forward for /ah golden_apple (Page 3, Qualifying Matches: 0)...
[18:41:47] [Render thread/INFO]: [DONUT PROFIT/SCREEN] Screen Opened: Title = 'Auction (Page 3)' | Class = class_476
[18:41:47] [Render thread/INFO]: [Best Deal Finder] Paging forward for /ah golden_apple (Page 4, Qualifying Matches: 0)...
[18:41:47] [Render thread/INFO]: [DONUT PROFIT/SCREEN] Screen Opened: Title = 'Auction (Page 4)' | Class = class_476
[18:41:47] [Render thread/INFO]: [Best Deal Finder] Paging forward for /ah golden_apple (Page 5, Qualifying Matches: 0)...
[18:41:47] [Render thread/INFO]: [DONUT PROFIT/SCREEN] Screen Opened: Title = 'Auction (Page 5)' | Class = class_476
[18:41:48] [Render thread/INFO]: [Best Deal Finder] Paging forward for /ah golden_apple (Page 6, Qualifying Matches: 0)...
[18:41:48] [Render thread/INFO]: [DONUT PROFIT/SCREEN] Screen Opened: Title = 'Auction (Page 6)' | Class = class_476
[18:41:48] [Render thread/INFO]: [Best Deal Finder] Paging forward for /ah golden_apple (Page 7, Qualifying Matches: 0)...
[18:41:48] [Render thread/INFO]: [DONUT PROFIT/SCREEN] Screen Opened: Title = 'Auction (Page 7)' | Class = class_476
[18:41:48] [Render thread/INFO]: [Best Deal Finder] Paging forward for /ah golden_apple (Page 8, Qualifying Matches: 0)...
[18:41:48] [Render thread/INFO]: [DONUT PROFIT/SCREEN] Screen Opened: Title = 'Auction (Page 8)' | Class = class_476
[18:41:48] [Render thread/INFO]: [Best Deal Finder] Finishing scan after 8 pages. Total Matches: 360, Qualifying Matches: 6
[18:41:48] [Render thread/INFO]: [Best Deal Finder] Filtered out scam listing: Golden Apple x1 @ $50000.00/ea (Baseline median: $9600.00)
[18:41:48] [Render thread/INFO]: [Best Deal Finder] Filtered out scam listing: Golden Apple x1 @ $50000.00/ea (Baseline median: $9600.00)
[18:41:48] [Render thread/INFO]: [Best Deal Finder] Filtered out scam listing: Golden Apple x1 @ $50000.00/ea (Baseline median: $9600.00)
[18:41:48] [Render thread/INFO]: [Best Deal Finder] Filtered out scam listing: Golden Apple x1 @ $50000.00/ea (Baseline median: $9600.00)
[18:41:48] [Render thread/INFO]: [Best Deal Finder] Filtered out scam listing: Golden Apple x1 @ $50000.00/ea (Baseline median: $9600.00)
[18:41:48] [Render thread/INFO]: [Best Deal Finder] Filtered out scam listing: Golden Apple x1 @ $50000.00/ea (Baseline median: $9600.00)
[18:41:48] [Render thread/INFO]: [Best Deal Finder] Filtered out scam listing: Golden Apple x1 @ $100000.00/ea (Baseline median: $9600.00)
[18:41:48] [Render thread/INFO]: [Best Deal Finder] Filtered out scam listing: Golden Apple x1 @ $100000.00/ea (Baseline median: $9600.00)
[18:41:48] [Render thread/INFO]: [Best Deal Finder] Filtered out scam listing: Golden Apple x4 @ $49750.00/ea (Baseline median: $9600.00)
[18:41:48] [Render thread/INFO]: [Best Deal Finder] Filtered out scam listing: Golden Apple x4 @ $50000.00/ea (Baseline median: $9600.00)
[18:41:48] [Render thread/INFO]: [Best Deal Finder] Filtered out scam listing: Golden Apple x4 @ $50000.00/ea (Baseline median: $9600.00)
[18:41:48] [Render thread/INFO]: [Best Deal Finder] Filtered out scam listing: Golden Apple x4 @ $50000.00/ea (Baseline median: $9600.00)
[18:41:48] [Render thread/INFO]: [Best Deal Finder] Filtered out scam listing: Golden Apple x4 @ $50000.00/ea (Baseline median: $9600.00)
[18:41:48] [Render thread/INFO]: [Best Deal Finder] Filtered out scam listing: Golden Apple x4 @ $50000.00/ea (Baseline median: $9600.00)
[18:41:48] [Render thread/INFO]: [Best Deal Finder] Filtered out scam listing: Golden Apple x4 @ $50000.00/ea (Baseline median: $9600.00)
[18:41:48] [Render thread/INFO]: [Best Deal Finder] Filtered out scam listing: Golden Apple x4 @ $50000.00/ea (Baseline median: $9600.00)
[18:41:48] [Render thread/INFO]: [Best Deal Finder] Filtered out scam listing: Golden Apple x4 @ $50000.00/ea (Baseline median: $9600.00)
[18:41:48] [Render thread/INFO]: [Best Deal Finder] Filtered out scam listing: Golden Apple x1 @ $200000.00/ea (Baseline median: $9600.00)
[18:41:48] [Render thread/INFO]: [Best Deal Finder] Filtered out scam listing: Golden Apple x4 @ $52500.00/ea (Baseline median: $9600.00)
[18:41:48] [Render thread/INFO]: [Best Deal Finder] Filtered out scam listing: Golden Apple x1 @ $300000.00/ea (Baseline median: $9600.00)
[18:41:48] [Render thread/INFO]: [Best Deal Finder] Search Complete:
[18:41:48] [Render thread/INFO]:   Item Name        : Golden Apple
[18:41:48] [Render thread/INFO]:   Summary          : Single Listing (64x)
[18:41:48] [Render thread/INFO]:   Effective $/Unit : $4921.88
[18:41:48] [Render thread/INFO]:   Combined Cost    : $315000.00
[18:41:48] [Render thread/INFO]:   Combined Qty     : 64 (Requested: 64)
[18:41:48] [Render thread/INFO]:   Is Qualifying    : true
[18:41:48] [Render thread/INFO]:   Max Price Cap    : $None (Cap Exceeded: false)
[18:41:48] [Render thread/INFO]:   Auto Buy         : false
[18:41:48] [Render thread/INFO]: [DONUT PROFIT/SCREEN] Screen Opened: Title = '' | Class = ProfitDetailsScreen
[18:42:00] [Render thread/INFO]: [Best Deal Finder] Starting search: /ah golden_carrot (Target Qty: 64, Max Price: $None, Auto Buy: false)
[18:42:00] [Render thread/INFO]: [DONUT PROFIT/SCREEN] Screen Opened: Title = 'Auction (Page 1)' | Class = class_476
[18:42:01] [Render thread/INFO]: [Best Deal Finder] Finishing scan after 1 pages. Total Matches: 45, Qualifying Matches: 21
[18:42:01] [Render thread/INFO]: [Best Deal Finder] Filtered out scam listing: Golden Carrot x4 @ $25000.00/ea (Baseline median: $2900.00)
[18:42:01] [Render thread/INFO]: [Best Deal Finder] Filtered out scam listing: Golden Carrot x3 @ $33333.33/ea (Baseline median: $2900.00)
[18:42:01] [Render thread/INFO]: [Best Deal Finder] Filtered out scam listing: Golden Carrot x1 @ $125000.00/ea (Baseline median: $2900.00)
[18:42:01] [Render thread/INFO]: [Best Deal Finder] Search Complete:
[18:42:01] [Render thread/INFO]:   Item Name        : Golden Carrot
[18:42:01] [Render thread/INFO]:   Summary          : Combined Listings (2 listings: 1x 7x, 1x 57x)
[18:42:01] [Render thread/INFO]:   Effective $/Unit : $2507.81
[18:42:01] [Render thread/INFO]:   Combined Cost    : $160500.00
[18:42:01] [Render thread/INFO]:   Combined Qty     : 64 (Requested: 64)
[18:42:01] [Render thread/INFO]:   Is Qualifying    : true
[18:42:01] [Render thread/INFO]:   Max Price Cap    : $None (Cap Exceeded: false)
[18:42:01] [Render thread/INFO]:   Auto Buy         : false
[18:42:01] [Render thread/INFO]: [DONUT PROFIT/SCREEN] Screen Opened: Title = '' | Class = ProfitDetailsScreen
[18:42:17] [Render thread/INFO]: [DONUT PROFIT/SCREEN] Screen Opened: Title = 'Large Chest' | Class = class_476
[18:42:26] [Render thread/INFO]: [DONUT PROFIT/SCREEN] Screen Opened: Title = 'Large Chest' | Class = class_476
[18:42:29] [Render thread/INFO]: [DONUT PROFIT/SCREEN] Screen Opened: Title = 'Crafting' | Class = class_490
[18:42:31] [Render thread/INFO]: [CHAT] [Meteor] [Ah Sell] Sending /ah sell 6.00K for slot 0
[18:42:31] [Render thread/INFO]: [CHAT] [Meteor] Toggled Ah Sell §aon.
[18:42:31] [Render thread/INFO]: [CHAT] [Meteor] Toggled Ah Sell §coff.
[18:42:32] [Render thread/INFO]: [CHAT] You listed 8 Oak Trapdoor for $ 5.9K
[18:42:32] [Render thread/INFO]: [CHAT] [Meteor] [Ah Sell] Sending /ah sell 6.00K for slot 1
[18:42:32] [Render thread/INFO]: [CHAT] [Meteor] Toggled Ah Sell §aon.
[18:42:32] [Render thread/INFO]: [CHAT] [Meteor] Toggled Ah Sell §coff.
[18:42:32] [Render thread/INFO]: [CHAT] You listed 8 Oak Trapdoor for $ 5.9K
[18:42:32] [Render thread/INFO]: [CHAT] [Meteor] [Ah Sell] Sending /ah sell 6.00K for slot 2
[18:42:32] [Render thread/INFO]: [CHAT] [Meteor] Toggled Ah Sell §aon.
[18:42:32] [Render thread/INFO]: [CHAT] [Meteor] Toggled Ah Sell §coff.
[18:42:32] [Render thread/INFO]: [CHAT] You listed 8 Oak Trapdoor for $ 5.9K
[18:42:32] [Render thread/INFO]: [CHAT] [Meteor] [Ah Sell] Sending /ah sell 6.00K for slot 3
[18:42:32] [Render thread/INFO]: [CHAT] [Meteor] Toggled Ah Sell §aon.
[18:42:32] [Render thread/INFO]: [CHAT] [Meteor] Toggled Ah Sell §coff.
[18:42:32] [Render thread/INFO]: [CHAT] You listed 8 Oak Trapdoor for $ 5.9K
[18:42:33] [Render thread/INFO]: [CHAT] [Meteor] [Ah Sell] Sending /ah sell 6.00K for slot 4
[18:42:33] [Render thread/INFO]: [CHAT] [Meteor] Toggled Ah Sell §aon.
[18:42:33] [Render thread/INFO]: [CHAT] [Meteor] Toggled Ah Sell §coff.
[18:42:33] [Render thread/INFO]: [CHAT] You listed 8 Oak Trapdoor for $ 5.9K
[18:42:33] [Render thread/INFO]: [CHAT] [Meteor] [Ah Sell] Sending /ah sell 6.00K for slot 5
[18:42:33] [Render thread/INFO]: [CHAT] [Meteor] Toggled Ah Sell §aon.
[18:42:33] [Render thread/INFO]: [CHAT] [Meteor] Toggled Ah Sell §coff.
[18:42:33] [Render thread/INFO]: [CHAT] You listed 8 Oak Trapdoor for $ 5.9K
[18:42:33] [Render thread/INFO]: [CHAT] [Meteor] [Ah Sell] Sending /ah sell 6.00K for slot 6
[18:42:33] [Render thread/INFO]: [CHAT] [Meteor] Toggled Ah Sell §aon.
[18:42:33] [Render thread/INFO]: [CHAT] [Meteor] Toggled Ah Sell §coff.
[18:42:33] [Render thread/INFO]: [CHAT] You listed 8 Oak Trapdoor for $ 5.9K
[18:42:34] [Render thread/INFO]: [CHAT] [Meteor] [Ah Sell] Sending /ah sell 6.00K for slot 7
[18:42:34] [Render thread/INFO]: [CHAT] [Meteor] Toggled Ah Sell §aon.
[18:42:34] [Render thread/INFO]: [CHAT] [Meteor] Toggled Ah Sell §coff.
[18:42:34] [Render thread/INFO]: [CHAT] You listed 8 Oak Trapdoor for $ 5.9K
[18:42:39] [Render thread/INFO]: [CHAT] YusxffQ bought your Oak Trapdoor for $5.9K
[18:42:48] [Render thread/INFO]: [CHAT] monsterkillerghg bought your Oak Trapdoor for $5.9K
[18:42:52] [Render thread/INFO]: [CHAT] CreeperKings57 bought your Oak Trapdoor for $5.9K
[18:43:01] [Render thread/INFO]: [CHAT] You earned $11.9K from auction
[18:43:03] [Render thread/INFO]: [DONUT PROFIT/SCREEN] Screen Opened: Title = 'Crafting' | Class = class_490
[18:43:06] [Render thread/INFO]: [DONUT PROFIT/SCREEN] Screen Opened: Title = 'Large Chest' | Class = class_476
[18:43:07] [Render thread/INFO]: [DONUT PROFIT/SCREEN] Screen Opened: Title = 'Large Chest' | Class = class_476
[18:43:07] [Render thread/INFO]: [CHAT] RPD_Pug bought your Oak Trapdoor for $5.9K
[18:43:07] [Render thread/INFO]: [CHAT] olle_spelar bought your Oak Trapdoor for $5.9K
[18:43:10] [Render thread/INFO]: [CHAT] 2HomieDawgz bought your Oak Trapdoor for $5.9K
[18:43:11] [Render thread/INFO]: [CHAT] [Meteor] [Ah Sell] Sending /ah sell 6.00K for slot 0
[18:43:11] [Render thread/INFO]: [CHAT] [Meteor] Toggled Ah Sell §aon.
[18:43:11] [Render thread/INFO]: [CHAT] [Meteor] Toggled Ah Sell §coff.
[18:43:11] [Render thread/INFO]: [CHAT] You listed 8 Oak Trapdoor for $ 5.9K
[18:43:11] [Render thread/INFO]: [CHAT] [Meteor] [Ah Sell] Sending /ah sell 6.00K for slot 1
[18:43:11] [Render thread/INFO]: [CHAT] [Meteor] Toggled Ah Sell §aon.
[18:43:11] [Render thread/INFO]: [CHAT] [Meteor] Toggled Ah Sell §coff.
[18:43:11] [Render thread/INFO]: [CHAT] You listed 8 Oak Trapdoor for $ 5.9K
[18:43:12] [Render thread/INFO]: [CHAT] [Meteor] [Ah Sell] Sending /ah sell 6.00K for slot 2
[18:43:12] [Render thread/INFO]: [CHAT] [Meteor] Toggled Ah Sell §aon.
[18:43:12] [Render thread/INFO]: [CHAT] [Meteor] Toggled Ah Sell §coff.
[18:43:12] [Render thread/INFO]: [CHAT] You listed 8 Oak Trapdoor for $ 5.9K
[18:43:12] [Render thread/INFO]: [CHAT] [Meteor] [Ah Sell] Sending /ah sell 6.00K for slot 3
[18:43:12] [Render thread/INFO]: [CHAT] [Meteor] Toggled Ah Sell §aon.
[18:43:12] [Render thread/INFO]: [CHAT] [Meteor] Toggled Ah Sell §coff.
[18:43:12] [Render thread/INFO]: [CHAT] You listed 8 Oak Trapdoor for $ 5.9K
[18:43:12] [Render thread/INFO]: [CHAT] [Meteor] [Ah Sell] Sending /ah sell 6.00K for slot 4
[18:43:12] [Render thread/INFO]: [CHAT] [Meteor] Toggled Ah Sell §aon.
[18:43:12] [Render thread/INFO]: [CHAT] [Meteor] Toggled Ah Sell §coff.
[18:43:13] [Render thread/INFO]: [CHAT] You listed 8 Oak Trapdoor for $ 5.9K
[18:43:13] [Render thread/INFO]: [CHAT] [Meteor] [Ah Sell] Sending /ah sell 6.00K for slot 5
[18:43:13] [Render thread/INFO]: [CHAT] [Meteor] Toggled Ah Sell §aon.
[18:43:13] [Render thread/INFO]: [CHAT] [Meteor] Toggled Ah Sell §coff.
[18:43:13] [Render thread/INFO]: [CHAT] You listed 8 Oak Trapdoor for $ 5.9K
[18:43:13] [Render thread/INFO]: [CHAT] [Meteor] [Ah Sell] Sending /ah sell 6.00K for slot 6
[18:43:13] [Render thread/INFO]: [CHAT] [Meteor] Toggled Ah Sell §aon.
[18:43:13] [Render thread/INFO]: [CHAT] [Meteor] Toggled Ah Sell §coff.
[18:43:13] [Render thread/INFO]: [CHAT] You listed 8 Oak Trapdoor for $ 5.9K
[18:43:14] [Render thread/INFO]: [CHAT] [Meteor] [Ah Sell] Sending /ah sell 6.00K for slot 7
[18:43:14] [Render thread/INFO]: [CHAT] [Meteor] Toggled Ah Sell §aon.
[18:43:14] [Render thread/INFO]: [CHAT] [Meteor] Toggled Ah Sell §coff.
[18:43:14] [Render thread/INFO]: [CHAT] You listed 8 Oak Trapdoor for $ 5.9K
[18:43:15] [Render thread/INFO]: [DONUT PROFIT/SCREEN] Screen Opened: Title = 'Chat screen' | Class = class_408
[18:43:15] [Render thread/INFO]: [CHAT] eliascpvp_ bought your Oak Trapdoor for $5.9K
[18:43:16] [Render thread/INFO]: [CHAT] clawedsky bought your Oak Trapdoor for $5.9K
[18:43:18] [Render thread/INFO]: [DONUT PROFIT/SCREEN] Screen Opened: Title = 'Auction (Page 1)' | Class = class_476
[18:43:19] [Render thread/INFO]: [DONUT PROFIT/SCREEN] Screen Opened: Title = 'Auction (Page 2)' | Class = class_476
[18:43:19] [Render thread/INFO]: [DONUT PROFIT/SCREEN] Screen Opened: Title = 'Auction (Page 3)' | Class = class_476
[18:43:19] [Render thread/INFO]: [CHAT] dfvm bought your Oak Trapdoor for $5.9K
[18:43:20] [Render thread/INFO]: [DONUT PROFIT/SCREEN] Screen Opened: Title = 'Auction (Page 4)' | Class = class_476
[18:43:20] [Render thread/INFO]: [DONUT PROFIT/SCREEN] Screen Opened: Title = 'Auction (Page 5)' | Class = class_476
[18:43:22] [Render thread/INFO]: [CHAT] 7oksh bought your Oak Trapdoor for $5.9K
[18:43:22] [Render thread/INFO]: [DONUT PROFIT/SCREEN] Screen Opened: Title = 'Modules' | Class = ModulesScreen
[18:43:23] [Render thread/INFO]: [CHAT] G0osefish bought your Oak Trapdoor for $5.9K
[18:43:24] [Render thread/INFO]: [CHAT] 7oksh bought your Oak Trapdoor for $5.9K
[18:43:24] [Render thread/INFO]: [DONUT PROFIT/SCREEN] Screen Opened: Title = '' | Class = ProfitDetailsScreen
[18:43:26] [Render thread/INFO]: [CHAT] 7oksh bought your Oak Trapdoor for $5.9K
[18:43:28] [Render thread/INFO]: [CHAT] 7oksh bought your Oak Trapdoor for $5.9K
[18:43:30] [Render thread/INFO]: [Best Deal Finder] Starting search: /ah trapdoor (Target Qty: 64, Max Price: $None, Auto Buy: false)
[18:43:30] [Render thread/INFO]: [DONUT PROFIT/SCREEN] Screen Opened: Title = 'Auction (Page 1)' | Class = class_476
[18:43:30] [Render thread/INFO]: [Best Deal Finder] Paging forward for /ah trapdoor (Page 2, Qualifying Matches: 0)...
[18:43:30] [Render thread/INFO]: [DONUT PROFIT/SCREEN] Screen Opened: Title = 'Auction (Page 2)' | Class = class_476
[18:43:31] [Render thread/INFO]: [Best Deal Finder] Paging forward for /ah trapdoor (Page 3, Qualifying Matches: 0)...
[18:43:31] [Render thread/INFO]: [DONUT PROFIT/SCREEN] Screen Opened: Title = 'Auction (Page 3)' | Class = class_476
[18:43:31] [Render thread/INFO]: [Best Deal Finder] Paging forward for /ah trapdoor (Page 4, Qualifying Matches: 0)...
[18:43:31] [Render thread/INFO]: [DONUT PROFIT/SCREEN] Screen Opened: Title = 'Auction (Page 4)' | Class = class_476
[18:43:31] [Render thread/INFO]: [Best Deal Finder] Paging forward for /ah trapdoor (Page 5, Qualifying Matches: 0)...
[18:43:31] [Render thread/INFO]: [DONUT PROFIT/SCREEN] Screen Opened: Title = 'Auction (Page 5)' | Class = class_476
[18:43:32] [Render thread/INFO]: [Best Deal Finder] Paging forward for /ah trapdoor (Page 6, Qualifying Matches: 0)...
[18:43:32] [Render thread/INFO]: [DONUT PROFIT/SCREEN] Screen Opened: Title = 'Auction (Page 6)' | Class = class_476
[18:43:32] [Render thread/INFO]: [Best Deal Finder] Finishing scan after 6 pages. Total Matches: 269, Qualifying Matches: 23
[18:43:32] [Render thread/INFO]: [Best Deal Finder] Search Complete:
[18:43:32] [Render thread/INFO]:   Item Name        : Spruce Trapdoor
[18:43:32] [Render thread/INFO]:   Summary          : Single Listing (64x)
[18:43:32] [Render thread/INFO]:   Effective $/Unit : $1562.50
[18:43:32] [Render thread/INFO]:   Combined Cost    : $100000.00
[18:43:32] [Render thread/INFO]:   Combined Qty     : 64 (Requested: 64)
[18:43:32] [Render thread/INFO]:   Is Qualifying    : true
[18:43:32] [Render thread/INFO]:   Max Price Cap    : $None (Cap Exceeded: false)
[18:43:32] [Render thread/INFO]:   Auto Buy         : false
[18:43:32] [Render thread/INFO]: [DONUT PROFIT/SCREEN] Screen Opened: Title = '' | Class = ProfitDetailsScreen
[18:43:37] [Render thread/INFO]: [DONUT PROFIT/SCREEN] Screen Opened: Title = 'Chat screen' | Class = class_408
[18:43:40] [Render thread/INFO]: [DONUT PROFIT/SCREEN] Screen Opened: Title = 'Large Chest' | Class = class_476
[18:43:43] [Render thread/INFO]: [CHAT] [Meteor] [Ah Sell] Sending /ah sell 6.00K for slot 0
[18:43:43] [Render thread/INFO]: [CHAT] [Meteor] Toggled Ah Sell §aon.
[18:43:43] [Render thread/INFO]: [CHAT] [Meteor] Toggled Ah Sell §coff.
[18:43:43] [Render thread/INFO]: [CHAT] You listed 8 Oak Trapdoor for $ 5.9K
[18:43:43] [Render thread/INFO]: [CHAT] [Meteor] [Ah Sell] Sending /ah sell 6.00K for slot 1
[18:43:43] [Render thread/INFO]: [CHAT] [Meteor] Toggled Ah Sell §aon.
[18:43:43] [Render thread/INFO]: [CHAT] [Meteor] Toggled Ah Sell §coff.
[18:43:43] [Render thread/INFO]: [CHAT] You listed 8 Oak Trapdoor for $ 5.9K
[18:43:43] [Render thread/INFO]: [CHAT] [Meteor] [Ah Sell] Sending /ah sell 6.00K for slot 2
[18:43:43] [Render thread/INFO]: [CHAT] [Meteor] Toggled Ah Sell §aon.
[18:43:43] [Render thread/INFO]: [CHAT] [Meteor] Toggled Ah Sell §coff.
[18:43:44] [Render thread/INFO]: [CHAT] You listed 8 Oak Trapdoor for $ 5.9K
[18:43:44] [Render thread/INFO]: [CHAT] [Meteor] [Ah Sell] Sending /ah sell 6.00K for slot 3
[18:43:44] [Render thread/INFO]: [CHAT] [Meteor] Toggled Ah Sell §aon.
[18:43:44] [Render thread/INFO]: [CHAT] [Meteor] Toggled Ah Sell §coff.
[18:43:44] [Render thread/INFO]: [CHAT] You listed 8 Oak Trapdoor for $ 5.9K
[18:43:44] [Render thread/INFO]: [CHAT] [Meteor] [Ah Sell] Sending /ah sell 6.00K for slot 4
[18:43:44] [Render thread/INFO]: [CHAT] [Meteor] Toggled Ah Sell §aon.
[18:43:44] [Render thread/INFO]: [CHAT] [Meteor] Toggled Ah Sell §coff.
[18:43:44] [Render thread/INFO]: [CHAT] You listed 8 Oak Trapdoor for $ 5.9K
[18:43:44] [Render thread/INFO]: [CHAT] [Meteor] [Ah Sell] Sending /ah sell 6.00K for slot 5
[18:43:44] [Render thread/INFO]: [CHAT] [Meteor] Toggled Ah Sell §aon.
[18:43:44] [Render thread/INFO]: [CHAT] [Meteor] Toggled Ah Sell §coff.
[18:43:44] [Render thread/INFO]: [CHAT] You listed 8 Oak Trapdoor for $ 5.9K
[18:43:45] [Render thread/INFO]: [CHAT] [Meteor] [Ah Sell] Sending /ah sell 6.00K for slot 6
[18:43:45] [Render thread/INFO]: [CHAT] [Meteor] Toggled Ah Sell §aon.
[18:43:45] [Render thread/INFO]: [CHAT] [Meteor] Toggled Ah Sell §coff.
[18:43:45] [Render thread/INFO]: [CHAT] You listed 8 Oak Trapdoor for $ 5.9K
[18:43:45] [Render thread/INFO]: [CHAT] [Meteor] [Ah Sell] Sending /ah sell 6.00K for slot 7
[18:43:45] [Render thread/INFO]: [CHAT] [Meteor] Toggled Ah Sell §aon.
[18:43:45] [Render thread/INFO]: [CHAT] [Meteor] Toggled Ah Sell §coff.
[18:43:45] [Render thread/INFO]: [CHAT] You listed 8 Oak Trapdoor for $ 5.9K
[18:43:51] [Render thread/INFO]: [CHAT] Ahmed0_ bought your Oak Trapdoor for $5.9K
[18:44:00] [Render thread/INFO]: [CHAT] fiskpiskcha bought your Oak Trapdoor for $5.9K
[18:44:02] [Render thread/INFO]: [CHAT] Saulinohor bought your Oak Trapdoor for $5.9K
[18:44:02] [Render thread/INFO]: [DONUT PROFIT/SCREEN] Screen Opened: Title = 'Crafting' | Class = class_490
[18:44:03] [Render thread/INFO]: [DONUT PROFIT/SCREEN] Screen Opened: Title = 'Large Chest' | Class = class_476
[18:44:05] [Render thread/INFO]: [CHAT] fiskpiskcha bought your Oak Trapdoor for $5.9K
[18:44:20] [Render thread/INFO]: [CHAT] Gunnerriper21 bought your Oak Trapdoor for $5.9K
[18:44:26] [Render thread/INFO]: [CHAT] AwesomenessYooo bought your Oak Trapdoor for $5.9K
[18:44:48] [Render thread/INFO]: [CHAT] ASPXS1733 bought your Oak Trapdoor for $5.9K
[18:44:49] [Render thread/INFO]: [CHAT] ASPXS1733 bought your Oak Trapdoor for $5.9K
[18:45:36] [Render thread/INFO]: [DONUT PROFIT/SCREEN] Screen Opened: Title = 'Chat screen' | Class = class_408
[18:45:36] [Render thread/INFO]: [DONUT PROFIT/SCREEN] Screen Opened: Title = 'Auction (Page 1)' | Class = class_476
[18:45:38] [Render thread/INFO]: [DONUT PROFIT/SCREEN] Screen Opened: Title = 'Auction (Page 2)' | Class = class_476
[18:45:38] [Render thread/INFO]: [DONUT PROFIT/SCREEN] Screen Opened: Title = 'Auction (Page 3)' | Class = class_476
[18:45:39] [Render thread/INFO]: [DONUT PROFIT/SCREEN] Screen Opened: Title = 'Chat screen' | Class = class_408
[18:45:40] [Render thread/INFO]: [DONUT PROFIT/SCREEN] Screen Opened: Title = 'Auction (Page 1)' | Class = class_476
[18:45:41] [Render thread/INFO]: [DONUT PROFIT/SCREEN] Screen Opened: Title = 'Auction (Page 2)' | Class = class_476
[18:45:41] [Render thread/INFO]: [DONUT PROFIT/SCREEN] Screen Opened: Title = 'Auction (Page 3)' | Class = class_476
[18:45:44] [Render thread/INFO]: [CHAT] [Meteor] [Ah Sell] Sending /ah sell 6.00K for slot 0
[18:45:44] [Render thread/INFO]: [CHAT] [Meteor] Toggled Ah Sell §aon.
[18:45:44] [Render thread/INFO]: [CHAT] [Meteor] Toggled Ah Sell §coff.
[18:45:44] [Render thread/INFO]: [CHAT] You listed 8 Oak Trapdoor for $ 5.9K
[18:45:44] [Render thread/INFO]: [CHAT] [Meteor] [Ah Sell] Sending /ah sell 6.00K for slot 1
[18:45:44] [Render thread/INFO]: [CHAT] [Meteor] Toggled Ah Sell §aon.
[18:45:44] [Render thread/INFO]: [CHAT] [Meteor] Toggled Ah Sell §coff.
[18:45:44] [Render thread/INFO]: [CHAT] You listed 8 Oak Trapdoor for $ 5.9K
[18:45:45] [Render thread/INFO]: [CHAT] [Meteor] [Ah Sell] Sending /ah sell 6.00K for slot 2
[18:45:45] [Render thread/INFO]: [CHAT] [Meteor] Toggled Ah Sell §aon.
[18:45:45] [Render thread/INFO]: [CHAT] [Meteor] Toggled Ah Sell §coff.
[18:45:45] [Render thread/INFO]: [CHAT] You listed 8 Oak Trapdoor for $ 5.9K
[18:45:45] [Render thread/INFO]: [CHAT] [Meteor] [Ah Sell] Sending /ah sell 6.00K for slot 3
[18:45:45] [Render thread/INFO]: [CHAT] [Meteor] Toggled Ah Sell §aon.
[18:45:45] [Render thread/INFO]: [CHAT] [Meteor] Toggled Ah Sell §coff.
[18:45:45] [Render thread/INFO]: [CHAT] You listed 8 Oak Trapdoor for $ 5.9K
[18:45:45] [Render thread/INFO]: [CHAT] [Meteor] [Ah Sell] Sending /ah sell 6.00K for slot 4
[18:45:45] [Render thread/INFO]: [CHAT] [Meteor] Toggled Ah Sell §aon.
[18:45:45] [Render thread/INFO]: [CHAT] [Meteor] Toggled Ah Sell §coff.
[18:45:45] [Render thread/INFO]: [CHAT] You listed 8 Oak Trapdoor for $ 5.9K
[18:45:45] [Render thread/INFO]: [CHAT] [Meteor] [Ah Sell] Sending /ah sell 6.00K for slot 5
[18:45:45] [Render thread/INFO]: [CHAT] [Meteor] Toggled Ah Sell §aon.
[18:45:45] [Render thread/INFO]: [CHAT] [Meteor] Toggled Ah Sell §coff.
[18:45:46] [Render thread/INFO]: [CHAT] You listed 8 Oak Trapdoor for $ 5.9K
[18:45:46] [Render thread/INFO]: [CHAT] [Meteor] [Ah Sell] Sending /ah sell 6.00K for slot 6
[18:45:46] [Render thread/INFO]: [CHAT] [Meteor] Toggled Ah Sell §aon.
[18:45:46] [Render thread/INFO]: [CHAT] [Meteor] Toggled Ah Sell §coff.
[18:45:46] [Render thread/INFO]: [CHAT] You listed 8 Oak Trapdoor for $ 5.9K
[18:45:46] [Render thread/INFO]: [CHAT] [Meteor] [Ah Sell] Sending /ah sell 6.00K for slot 7
[18:45:46] [Render thread/INFO]: [CHAT] [Meteor] Toggled Ah Sell §aon.
[18:45:46] [Render thread/INFO]: [CHAT] [Meteor] Toggled Ah Sell §coff.
[18:45:46] [Render thread/INFO]: [CHAT] You need to wait another 0.25 seconds to execute a command
[18:45:47] [Render thread/INFO]: [CHAT] [Meteor] [Ah Sell] Sending /ah sell 6.00K for slot 7
[18:45:47] [Render thread/INFO]: [CHAT] [Meteor] Toggled Ah Sell §aon.
[18:45:47] [Render thread/INFO]: [CHAT] [Meteor] Toggled Ah Sell §coff.
[18:45:47] [Render thread/INFO]: [CHAT] You listed 8 Oak Trapdoor for $ 5.9K
[18:45:49] [Render thread/INFO]: [DONUT PROFIT/SCREEN] Screen Opened: Title = 'Chat screen' | Class = class_408
[18:45:50] [Render thread/INFO]: [DONUT PROFIT/SCREEN] Screen Opened: Title = 'Auction (Page 1)' | Class = class_476
[18:45:53] [Render thread/INFO]: [DONUT PROFIT/SCREEN] Screen Opened: Title = 'Large Chest' | Class = class_476
[18:45:54] [Render thread/INFO]: [DONUT PROFIT/SCREEN] Screen Opened: Title = 'Large Chest' | Class = class_476
[18:45:57] [Render thread/INFO]: [DONUT PROFIT/SCREEN] Screen Opened: Title = 'Modules' | Class = ModulesScreen
[18:45:59] [Render thread/INFO]: [DONUT PROFIT/SCREEN] Screen Opened: Title = 'Ah Sell' | Class = ModuleScreen
[18:46:01] [Render thread/INFO]: [CHAT] Yuto0527 bought your Oak Trapdoor for $5.9K
[18:46:03] [Render thread/INFO]: [DONUT PROFIT/SCREEN] Screen Opened: Title = 'Modules' | Class = ModulesScreen
[18:46:04] [Render thread/INFO]: [CHAT] [Meteor] [Ah Sell] Sending /ah sell 6.70K for slot 0
[18:46:04] [Render thread/INFO]: [CHAT] [Meteor] Toggled Ah Sell §aon.
[18:46:04] [Render thread/INFO]: [CHAT] [Meteor] Toggled Ah Sell §coff.
[18:46:04] [Render thread/INFO]: [CHAT] You listed 8 Oak Trapdoor for $ 6.7K
[18:46:04] [Render thread/INFO]: [CHAT] [Meteor] [Ah Sell] Sending /ah sell 6.70K for slot 1
[18:46:04] [Render thread/INFO]: [CHAT] [Meteor] Toggled Ah Sell §aon.
[18:46:04] [Render thread/INFO]: [CHAT] [Meteor] Toggled Ah Sell §coff.
[18:46:04] [Render thread/INFO]: [CHAT] You listed 8 Oak Trapdoor for $ 6.7K
[18:46:05] [Render thread/INFO]: [CHAT] [Meteor] [Ah Sell] Sending /ah sell 6.70K for slot 2
[18:46:05] [Render thread/INFO]: [CHAT] [Meteor] Toggled Ah Sell §aon.
[18:46:05] [Render thread/INFO]: [CHAT] [Meteor] Toggled Ah Sell §coff.
[18:46:05] [Render thread/INFO]: [CHAT] You listed 8 Oak Trapdoor for $ 6.7K
[18:46:05] [Render thread/INFO]: [CHAT] [Meteor] [Ah Sell] Sending /ah sell 6.70K for slot 3
[18:46:05] [Render thread/INFO]: [CHAT] [Meteor] Toggled Ah Sell §aon.
[18:46:05] [Render thread/INFO]: [CHAT] [Meteor] Toggled Ah Sell §coff.
[18:46:05] [Render thread/INFO]: [CHAT] You listed 8 Oak Trapdoor for $ 6.7K
[18:46:06] [Render thread/INFO]: [CHAT] [Meteor] [Ah Sell] Sending /ah sell 6.70K for slot 4
[18:46:06] [Render thread/INFO]: [CHAT] [Meteor] Toggled Ah Sell §aon.
[18:46:06] [Render thread/INFO]: [CHAT] [Meteor] Toggled Ah Sell §coff.
[18:46:06] [Render thread/INFO]: [CHAT] You listed 8 Oak Trapdoor for $ 6.7K
[18:46:06] [Render thread/INFO]: [CHAT] [Meteor] [Ah Sell] Sending /ah sell 6.70K for slot 5
[18:46:06] [Render thread/INFO]: [CHAT] [Meteor] Toggled Ah Sell §aon.
[18:46:06] [Render thread/INFO]: [CHAT] [Meteor] Toggled Ah Sell §coff.
[18:46:06] [Render thread/INFO]: [CHAT] You listed 8 Oak Trapdoor for $ 6.7K
[18:46:07] [Render thread/INFO]: [CHAT] [Meteor] [Ah Sell] Sending /ah sell 6.70K for slot 6
[18:46:07] [Render thread/INFO]: [CHAT] [Meteor] Toggled Ah Sell §aon.
[18:46:07] [Render thread/INFO]: [CHAT] [Meteor] Toggled Ah Sell §coff.
[18:46:07] [Render thread/INFO]: [CHAT] You listed 8 Oak Trapdoor for $ 6.7K
[18:46:07] [Render thread/INFO]: [CHAT] [Meteor] [Ah Sell] Sending /ah sell 6.70K for slot 7
[18:46:07] [Render thread/INFO]: [CHAT] [Meteor] Toggled Ah Sell §aon.
[18:46:07] [Render thread/INFO]: [CHAT] [Meteor] Toggled Ah Sell §coff.
[18:46:07] [Render thread/INFO]: [CHAT] You listed 8 Oak Trapdoor for $ 6.7K
[18:46:20] [Render thread/INFO]: [DONUT PROFIT/SCREEN] Screen Opened: Title = 'Large Chest' | Class = class_476
[18:46:25] [Render thread/INFO]: [CHAT] Norly3 bought your Oak Trapdoor for $5.9K
[18:46:28] [Render thread/INFO]: [CHAT] [Meteor] [Ah Sell] Sending /ah sell 6.70K for slot 0
[18:46:28] [Render thread/INFO]: [CHAT] [Meteor] Toggled Ah Sell §aon.
[18:46:28] [Render thread/INFO]: [CHAT] [Meteor] Toggled Ah Sell §coff.
[18:46:28] [Render thread/INFO]: [CHAT] You listed 8 Oak Trapdoor for $ 6.7K
[18:46:29] [Render thread/INFO]: [CHAT] [Meteor] [Ah Sell] Sending /ah sell 6.70K for slot 1
[18:46:29] [Render thread/INFO]: [CHAT] [Meteor] Toggled Ah Sell §aon.
[18:46:29] [Render thread/INFO]: [CHAT] [Meteor] Toggled Ah Sell §coff.
[18:46:29] [Render thread/INFO]: [CHAT] You listed 8 Oak Trapdoor for $ 6.7K
[18:46:29] [Render thread/INFO]: [CHAT] [Meteor] [Ah Sell] Sending /ah sell 6.70K for slot 2
[18:46:29] [Render thread/INFO]: [CHAT] [Meteor] Toggled Ah Sell §aon.
[18:46:29] [Render thread/INFO]: [CHAT] [Meteor] Toggled Ah Sell §coff.
[18:46:29] [Render thread/INFO]: [CHAT] You listed 8 Oak Trapdoor for $ 6.7K
[18:46:30] [Render thread/INFO]: [DONUT PROFIT/SCREEN] Screen Opened: Title = 'Crafting' | Class = class_490
[18:46:35] [Render thread/INFO]: [CHAT] [Meteor] [Ah Sell] Sending /ah sell 6.70K for slot 3
[18:46:35] [Render thread/INFO]: [CHAT] [Meteor] Toggled Ah Sell §aon.
[18:46:35] [Render thread/INFO]: [CHAT] [Meteor] Toggled Ah Sell §coff.
[18:46:35] [Render thread/INFO]: [CHAT] You listed 9 Oak Trapdoor for $ 6.7K
[18:46:35] [Render thread/INFO]: [CHAT] [Meteor] [Ah Sell] Sending /ah sell 6.70K for slot 4
[18:46:35] [Render thread/INFO]: [CHAT] [Meteor] Toggled Ah Sell §aon.
[18:46:35] [Render thread/INFO]: [CHAT] [Meteor] Toggled Ah Sell §coff.
[18:46:35] [Render thread/INFO]: [CHAT] You have too many listed items
[18:46:36] [Render thread/INFO]: [CHAT] [Meteor] [Ah Sell] Sending /ah sell 6.70K for slot 5
[18:46:36] [Render thread/INFO]: [CHAT] [Meteor] Toggled Ah Sell §aon.
[18:46:36] [Render thread/INFO]: [CHAT] [Meteor] Toggled Ah Sell §coff.
[18:46:36] [Render thread/INFO]: [CHAT] You have too many listed items
[18:46:36] [Render thread/INFO]: [DONUT PROFIT/SCREEN] Screen Opened: Title = 'Crafting' | Class = class_490
[18:46:41] [Render thread/INFO]: [CHAT] [Meteor] [Ah Sell] Sending /ah sell 6.70K for slot 3
[18:46:41] [Render thread/INFO]: [CHAT] [Meteor] Toggled Ah Sell §aon.
[18:46:41] [Render thread/INFO]: [CHAT] [Meteor] Toggled Ah Sell §coff.
[18:46:41] [Render thread/INFO]: [CHAT] You have too many listed items
[18:46:42] [Render thread/INFO]: [DONUT PROFIT/SCREEN] Screen Opened: Title = 'Crafting' | Class = class_490
[18:46:55] [Render thread/INFO]: [DONUT PROFIT/SCREEN] Screen Opened: Title = 'Crafting' | Class = class_490
[18:47:01] [Render thread/INFO]: [DONUT PROFIT/SCREEN] Screen Opened: Title = 'Chat screen' | Class = class_408
[18:47:02] [Render thread/INFO]: [DONUT PROFIT/SCREEN] Screen Opened: Title = 'Auction (Page 1)' | Class = class_476
[18:47:09] [Render thread/INFO]: [CHAT] _hawker55_ bought your Oak Trapdoor for $6.7K
[18:47:11] [Render thread/INFO]: [DONUT PROFIT/SCREEN] Screen Opened: Title = 'Crafting' | Class = class_490
[18:47:12] [Render thread/INFO]: [CHAT] [Meteor] [Ah Sell] Sending /ah sell 6.70K for slot 0
[18:47:12] [Render thread/INFO]: [CHAT] [Meteor] Toggled Ah Sell §aon.
[18:47:12] [Render thread/INFO]: [CHAT] [Meteor] Toggled Ah Sell §coff.
[18:47:12] [Render thread/INFO]: [CHAT] You listed 14 Oak Trapdoor for $ 6.7K
[18:47:12] [Render thread/INFO]: [CHAT] [Meteor] [Ah Sell] Sending /ah sell 6.70K for slot 1
[18:47:12] [Render thread/INFO]: [CHAT] [Meteor] Toggled Ah Sell §aon.
[18:47:13] [Render thread/INFO]: [CHAT] [Meteor] Toggled Ah Sell §coff.
[18:47:13] [Render thread/INFO]: [CHAT] You have too many listed items
[18:47:13] [Render thread/INFO]: [CHAT] [Meteor] [Ah Sell] Sending /ah sell 6.70K for slot 2
[18:47:13] [Render thread/INFO]: [CHAT] [Meteor] Toggled Ah Sell §aon.
[18:47:13] [Render thread/INFO]: [CHAT] [Meteor] Toggled Ah Sell §coff.
[18:47:13] [Render thread/INFO]: [CHAT] You have too many listed items
[18:47:13] [Render thread/INFO]: [DONUT PROFIT/SCREEN] Screen Opened: Title = 'Crafting' | Class = class_490
[18:47:22] [Render thread/INFO]: [CHAT] .Litrally_him bought your Oak Trapdoor for $5.9K
[18:47:25] [Render thread/INFO]: [CHAT] [Meteor] [Ah Sell] Sending /ah sell 6.70K for slot 0
[18:47:25] [Render thread/INFO]: [CHAT] [Meteor] Toggled Ah Sell §aon.
[18:47:25] [Render thread/INFO]: [CHAT] [Meteor] Toggled Ah Sell §coff.
[18:47:25] [Render thread/INFO]: [CHAT] You listed 13 Oak Trapdoor for $ 6.7K
[18:47:26] [Render thread/INFO]: [CHAT] .Litrally_him bought your Oak Trapdoor for $5.9K
[18:47:26] [Render thread/INFO]: [CHAT] [Meteor] [Ah Sell] Sending /ah sell 6.70K for slot 1
[18:47:26] [Render thread/INFO]: [CHAT] [Meteor] Toggled Ah Sell §aon.
[18:47:26] [Render thread/INFO]: [CHAT] .Litrally_him bought your Oak Trapdoor for $5.9K
[18:47:27] [Render thread/INFO]: [CHAT] [Meteor] Toggled Ah Sell §coff.
[18:47:27] [Render thread/INFO]: [CHAT] You listed 13 Oak Trapdoor for $ 6.7K
[18:47:27] [Render thread/INFO]: [CHAT] [Meteor] [Ah Sell] Sending /ah sell 6.70K for slot 2
[18:47:27] [Render thread/INFO]: [CHAT] [Meteor] Toggled Ah Sell §aon.
[18:47:27] [Render thread/INFO]: [CHAT] [Meteor] Toggled Ah Sell §coff.
[18:47:27] [Render thread/INFO]: [CHAT] You listed 13 Oak Trapdoor for $ 6.7K
[18:47:33] [Render thread/INFO]: [CHAT] VELVETALLLL left the game
[18:47:35] [Render thread/INFO]: [DONUT PROFIT/SCREEN] Screen Opened: Title = '' | Class = ProfitDetailsScreen
[18:47:36] [Render thread/INFO]: [DONUT PROFIT/SCREEN] Screen Opened: Title = '' | Class = ProfitDetailsScreen
[18:47:37] [Render thread/INFO]: [DONUT PROFIT/SCREEN] Screen Opened: Title = '' | Class = ProfitDetailsScreen
[18:47:38] [Render thread/INFO]: [Auto Flip] Running /order bone for item key: bone
[18:47:38] [Render thread/INFO]: [DONUT PROFIT/SCREEN] Screen Opened: Title = 'Orders (Page 1)' | Class = class_476
[18:47:38] [Render thread/INFO]: [DONUT PROFIT/STATUS] State Changed -> State: BROWSING_ORDERS | Item: 'Oak Logs' | Price: $150.0/ea | Amount: 0 | Detail: 'Browsing Orders'
[18:47:38] [Render thread/INFO]: [Auto Flip] Paging forward for /order bone (Page 2, Total Matches: 0, Empty Pages After Match: 0)...
[18:47:39] [Render thread/INFO]: [DONUT PROFIT/SCREEN] Screen Opened: Title = 'Orders (Page 2)' | Class = class_476
[18:47:39] [Render thread/INFO]: [Auto Flip] Paging forward for /order bone (Page 3, Total Matches: 0, Empty Pages After Match: 0)...
[18:47:39] [Render thread/INFO]: [DONUT PROFIT/SCREEN] Screen Opened: Title = 'Orders (Page 3)' | Class = class_476
[18:47:39] [Render thread/INFO]: [Auto Flip] Finishing scan for /order bone after 3 pages. Total Matches: 37, Empty Pages After Match: 0
[18:47:39] [Render thread/INFO]: [Auto Flip] Summary for key 'bone':
[18:47:39] [Render thread/INFO]:   Raw Matches (37)       : [$120.00 (qty: 1), $115.00 (qty: 1), $114.10 (qty: 1), $113.00 (qty: 1), $112.90 (qty: 1), $112.57 (qty: 1), $112.56 (qty: 1), $112.00 (qty: 1), $111.50 (qty: 1), $111.30 (qty: 1), $111.20 (qty: 1), $111.10 (qty: 1), $111.00 (qty: 1), $111.00 (qty: 1), $111.00 (qty: 1), $111.00 (qty: 1), $111.00 (qty: 1), $110.60 (qty: 1), $110.02 (qty: 1), $110.01 (qty: 1), $110.01 (qty: 1), $110.00 (qty: 1), $110.00 (qty: 1), $110.00 (qty: 1), $110.00 (qty: 1), $110.00 (qty: 1), $110.00 (qty: 1), $110.00 (qty: 1), $110.00 (qty: 1), $110.00 (qty: 1), $110.00 (qty: 1), $110.00 (qty: 1), $110.00 (qty: 1), $109.00 (qty: 1), $109.00 (qty: 1), $108.00 (qty: 1), $105.00 (qty: 1)]
[18:47:39] [Render thread/INFO]:   Median Qty            : 1.0 (Cutoff >= 0.25)
[18:47:39] [Render thread/INFO]:   Outliers Dropped (0)  : []
[18:47:39] [Render thread/INFO]:   Filtered Set (37)      : [$120.00 (qty: 1), $115.00 (qty: 1), $114.10 (qty: 1), $113.00 (qty: 1), $112.90 (qty: 1), $112.57 (qty: 1), $112.56 (qty: 1), $112.00 (qty: 1), $111.50 (qty: 1), $111.30 (qty: 1), $111.20 (qty: 1), $111.10 (qty: 1), $111.00 (qty: 1), $111.00 (qty: 1), $111.00 (qty: 1), $111.00 (qty: 1), $111.00 (qty: 1), $110.60 (qty: 1), $110.02 (qty: 1), $110.01 (qty: 1), $110.01 (qty: 1), $110.00 (qty: 1), $110.00 (qty: 1), $110.00 (qty: 1), $110.00 (qty: 1), $110.00 (qty: 1), $110.00 (qty: 1), $110.00 (qty: 1), $110.00 (qty: 1), $110.00 (qty: 1), $110.00 (qty: 1), $110.00 (qty: 1), $110.00 (qty: 1), $109.00 (qty: 1), $109.00 (qty: 1), $108.00 (qty: 1), $105.00 (qty: 1)]
[18:47:39] [Render thread/INFO]:   Sort Order            : DESCENDING (Highest Buy Orders First)
[18:47:39] [Render thread/INFO]:   Top 3 Used (HIGHEST)  : [$120.00 (qty: 1), $115.00 (qty: 1), $114.10 (qty: 1)]
[18:47:39] [Render thread/INFO]:   Final Top-3 Avg Price : $116.37
[18:47:39] [Render thread/INFO]: [Auto Flip] Running /order bone_block for item key: bone_block
[18:47:40] [Render thread/INFO]: [DONUT PROFIT/STATUS] State Changed -> State: IDLE | Item: '' | Price: $0.0/ea | Amount: 0 | Detail: 'Idle'
[18:47:40] [Render thread/INFO]: [DONUT PROFIT/SCREEN] Screen Opened: Title = 'Orders (Page 1)' | Class = class_476
[18:47:40] [Render thread/INFO]: [DONUT PROFIT/STATUS] State Changed -> State: BROWSING_ORDERS | Item: 'Oak Logs' | Price: $150.0/ea | Amount: 0 | Detail: 'Browsing Orders'
[18:47:40] [Render thread/INFO]: [Auto Flip] Finishing scan for /order bone_block after 1 pages. Total Matches: 45, Empty Pages After Match: 0
[18:47:40] [Render thread/INFO]: [Auto Flip] Summary for key 'bone_block':
[18:47:40] [Render thread/INFO]:   Raw Matches (45)       : [$382.20 (qty: 1), $382.00 (qty: 1), $380.20 (qty: 1), $370.00 (qty: 1), $365.01 (qty: 1), $365.00 (qty: 1), $365.00 (qty: 1), $364.00 (qty: 1), $362.10 (qty: 1), $362.00 (qty: 1), $362.00 (qty: 1), $361.00 (qty: 1), $361.00 (qty: 1), $360.00 (qty: 1), $360.00 (qty: 1), $360.00 (qty: 1), $359.00 (qty: 1), $358.40 (qty: 1), $358.20 (qty: 1), $356.10 (qty: 1), $356.10 (qty: 1), $356.00 (qty: 1), $350.20 (qty: 1), $350.10 (qty: 1), $350.00 (qty: 1), $350.00 (qty: 1), $350.00 (qty: 1), $350.00 (qty: 1), $350.00 (qty: 1), $350.00 (qty: 1), $350.00 (qty: 1), $350.00 (qty: 1), $345.00 (qty: 1), $343.00 (qty: 1), $338.00 (qty: 1), $330.00 (qty: 1), $330.00 (qty: 1), $324.00 (qty: 1), $312.50 (qty: 1), $311.10 (qty: 1), $310.00 (qty: 1), $310.00 (qty: 1), $310.00 (qty: 1), $310.00 (qty: 1), $310.00 (qty: 1)]
[18:47:40] [Render thread/INFO]:   Median Qty            : 1.0 (Cutoff >= 0.25)
[18:47:40] [Render thread/INFO]:   Outliers Dropped (0)  : []
[18:47:40] [Render thread/INFO]:   Filtered Set (45)      : [$382.20 (qty: 1), $382.00 (qty: 1), $380.20 (qty: 1), $370.00 (qty: 1), $365.01 (qty: 1), $365.00 (qty: 1), $365.00 (qty: 1), $364.00 (qty: 1), $362.10 (qty: 1), $362.00 (qty: 1), $362.00 (qty: 1), $361.00 (qty: 1), $361.00 (qty: 1), $360.00 (qty: 1), $360.00 (qty: 1), $360.00 (qty: 1), $359.00 (qty: 1), $358.40 (qty: 1), $358.20 (qty: 1), $356.10 (qty: 1), $356.10 (qty: 1), $356.00 (qty: 1), $350.20 (qty: 1), $350.10 (qty: 1), $350.00 (qty: 1), $350.00 (qty: 1), $350.00 (qty: 1), $350.00 (qty: 1), $350.00 (qty: 1), $350.00 (qty: 1), $350.00 (qty: 1), $350.00 (qty: 1), $345.00 (qty: 1), $343.00 (qty: 1), $338.00 (qty: 1), $330.00 (qty: 1), $330.00 (qty: 1), $324.00 (qty: 1), $312.50 (qty: 1), $311.10 (qty: 1), $310.00 (qty: 1), $310.00 (qty: 1), $310.00 (qty: 1), $310.00 (qty: 1), $310.00 (qty: 1)]
[18:47:40] [Render thread/INFO]:   Sort Order            : DESCENDING (Highest Buy Orders First)
[18:47:40] [Render thread/INFO]:   Top 3 Used (HIGHEST)  : [$382.20 (qty: 1), $382.00 (qty: 1), $380.20 (qty: 1)]
[18:47:40] [Render thread/INFO]:   Final Top-3 Avg Price : $381.47
[18:47:40] [Render thread/INFO]: [DONUT PROFIT/SCREEN] Screen Opened: Title = '' | Class = ProfitDetailsScreen
[18:47:42] [Render thread/INFO]: [DONUT PROFIT/SCREEN] Screen Opened: Title = '' | Class = ProfitDetailsScreen
[18:47:43] [Render thread/INFO]: [DONUT PROFIT/SCREEN] Screen Opened: Title = '' | Class = ProfitDetailsScreen
[18:47:44] [Render thread/INFO]: [DONUT PROFIT/STATUS] State Changed -> State: IDLE | Item: '' | Price: $0.0/ea | Amount: 0 | Detail: 'Idle'
[18:47:44] [Render thread/INFO]: [Auto Flip] Running /order kelp for item key: kelp
[18:47:44] [Render thread/INFO]: [DONUT PROFIT/SCREEN] Screen Opened: Title = 'Orders (Page 1)' | Class = class_476
[18:47:44] [Render thread/INFO]: [DONUT PROFIT/STATUS] State Changed -> State: BROWSING_ORDERS | Item: 'Oak Logs' | Price: $150.0/ea | Amount: 0 | Detail: 'Browsing Orders'
[18:47:45] [Render thread/INFO]: [Auto Flip] Finishing scan for /order kelp after 1 pages. Total Matches: 20, Empty Pages After Match: 0
[18:47:45] [Render thread/INFO]: [Auto Flip] Summary for key 'raw_kelp':
[18:47:45] [Render thread/INFO]:   Raw Matches (12)       : [$50.00 (qty: 1), $47.10 (qty: 1), $47.00 (qty: 1), $47.00 (qty: 1), $46.50 (qty: 1), $46.40 (qty: 1), $46.29 (qty: 1), $45.10 (qty: 1), $45.00 (qty: 1), $43.00 (qty: 1), $41.00 (qty: 1), $40.00 (qty: 1)]
[18:47:45] [Render thread/INFO]:   Median Qty            : 1.0 (Cutoff >= 0.25)
[18:47:45] [Render thread/INFO]:   Outliers Dropped (0)  : []
[18:47:45] [Render thread/INFO]:   Filtered Set (12)      : [$50.00 (qty: 1), $47.10 (qty: 1), $47.00 (qty: 1), $47.00 (qty: 1), $46.50 (qty: 1), $46.40 (qty: 1), $46.29 (qty: 1), $45.10 (qty: 1), $45.00 (qty: 1), $43.00 (qty: 1), $41.00 (qty: 1), $40.00 (qty: 1)]
[18:47:45] [Render thread/INFO]:   Sort Order            : DESCENDING (Highest Buy Orders First)
[18:47:45] [Render thread/INFO]:   Top 3 Used (HIGHEST)  : [$50.00 (qty: 1), $47.10 (qty: 1), $47.00 (qty: 1)]
[18:47:45] [Render thread/INFO]:   Final Top-3 Avg Price : $48.03
[18:47:45] [Render thread/INFO]: [Auto Flip] Summary for key 'dried_kelp':
[18:47:45] [Render thread/INFO]:   Raw Matches (13)       : [$82.10 (qty: 1), $81.20 (qty: 1), $81.10 (qty: 1), $81.00 (qty: 1), $80.00 (qty: 1), $80.00 (qty: 1), $80.00 (qty: 1), $75.11 (qty: 1), $75.00 (qty: 1), $71.50 (qty: 1), $67.00 (qty: 1), $51.00 (qty: 1), $50.00 (qty: 1)]
[18:47:45] [Render thread/INFO]:   Median Qty            : 1.0 (Cutoff >= 0.25)
[18:47:45] [Render thread/INFO]:   Outliers Dropped (0)  : []
[18:47:45] [Render thread/INFO]:   Filtered Set (13)      : [$82.10 (qty: 1), $81.20 (qty: 1), $81.10 (qty: 1), $81.00 (qty: 1), $80.00 (qty: 1), $80.00 (qty: 1), $80.00 (qty: 1), $75.11 (qty: 1), $75.00 (qty: 1), $71.50 (qty: 1), $67.00 (qty: 1), $51.00 (qty: 1), $50.00 (qty: 1)]
[18:47:45] [Render thread/INFO]:   Sort Order            : DESCENDING (Highest Buy Orders First)
[18:47:45] [Render thread/INFO]:   Top 3 Used (HIGHEST)  : [$82.10 (qty: 1), $81.20 (qty: 1), $81.10 (qty: 1)]
[18:47:45] [Render thread/INFO]:   Final Top-3 Avg Price : $81.47
[18:47:45] [Render thread/INFO]: [Auto Flip] Summary for key 'dried_kelp_block':
[18:47:45] [Render thread/INFO]:   Raw Matches (20)       : [$749.00 (qty: 1), $748.50 (qty: 1), $748.20 (qty: 1), $747.60 (qty: 1), $747.55 (qty: 1), $747.30 (qty: 1), $745.20 (qty: 1), $745.00 (qty: 1), $744.00 (qty: 1), $740.00 (qty: 1), $740.00 (qty: 1), $720.00 (qty: 1), $700.00 (qty: 1), $600.01 (qty: 1), $500.00 (qty: 1), $500.00 (qty: 1), $450.00 (qty: 1), $350.00 (qty: 1), $300.00 (qty: 1), $250.00 (qty: 1)]
[18:47:45] [Render thread/INFO]:   Median Qty            : 1.0 (Cutoff >= 0.25)
[18:47:45] [Render thread/INFO]:   Outliers Dropped (0)  : []
[18:47:45] [Render thread/INFO]:   Filtered Set (20)      : [$749.00 (qty: 1), $748.50 (qty: 1), $748.20 (qty: 1), $747.60 (qty: 1), $747.55 (qty: 1), $747.30 (qty: 1), $745.20 (qty: 1), $745.00 (qty: 1), $744.00 (qty: 1), $740.00 (qty: 1), $740.00 (qty: 1), $720.00 (qty: 1), $700.00 (qty: 1), $600.01 (qty: 1), $500.00 (qty: 1), $500.00 (qty: 1), $450.00 (qty: 1), $350.00 (qty: 1), $300.00 (qty: 1), $250.00 (qty: 1)]
[18:47:45] [Render thread/INFO]:   Sort Order            : DESCENDING (Highest Buy Orders First)
[18:47:45] [Render thread/INFO]:   Top 3 Used (HIGHEST)  : [$749.00 (qty: 1), $748.50 (qty: 1), $748.20 (qty: 1)]
[18:47:45] [Render thread/INFO]:   Final Top-3 Avg Price : $748.57
[18:47:45] [Render thread/INFO]: [Auto Flip] Running /order charcoal for item key: charcoal
[18:47:45] [Render thread/INFO]: [DONUT PROFIT/STATUS] State Changed -> State: IDLE | Item: '' | Price: $0.0/ea | Amount: 0 | Detail: 'Idle'
[18:47:46] [Render thread/INFO]: [DONUT PROFIT/SCREEN] Screen Opened: Title = 'Orders (Page 1)' | Class = class_476
[18:47:46] [Render thread/INFO]: [DONUT PROFIT/STATUS] State Changed -> State: BROWSING_ORDERS | Item: 'Oak Logs' | Price: $150.0/ea | Amount: 0 | Detail: 'Browsing Orders'
[18:47:46] [Render thread/INFO]: [Auto Flip] Finishing scan for /order charcoal after 1 pages. Total Matches: 45, Empty Pages After Match: 0
[18:47:46] [Render thread/INFO]: [Auto Flip] Summary for key 'charcoal':
[18:47:46] [Render thread/INFO]:   Raw Matches (45)       : [$137.00 (qty: 1), $136.10 (qty: 1), $136.05 (qty: 1), $136.00 (qty: 1), $135.21 (qty: 1), $135.00 (qty: 1), $134.00 (qty: 1), $131.30 (qty: 1), $131.20 (qty: 1), $130.00 (qty: 1), $128.20 (qty: 1), $127.00 (qty: 1), $125.00 (qty: 1), $120.00 (qty: 1), $120.00 (qty: 1), $120.00 (qty: 1), $120.00 (qty: 1), $120.00 (qty: 1), $120.00 (qty: 1), $118.10 (qty: 1), $118.01 (qty: 1), $117.09 (qty: 1), $115.00 (qty: 1), $110.00 (qty: 1), $110.00 (qty: 1), $109.00 (qty: 1), $107.00 (qty: 1), $100.10 (qty: 1), $100.00 (qty: 1), $100.00 (qty: 1), $100.00 (qty: 1), $100.00 (qty: 1), $100.00 (qty: 1), $100.00 (qty: 1), $96.00 (qty: 1), $95.11 (qty: 1), $95.00 (qty: 1), $95.00 (qty: 1), $94.00 (qty: 1), $91.00 (qty: 1), $91.00 (qty: 1), $90.00 (qty: 1), $90.00 (qty: 1), $89.00 (qty: 1), $88.00 (qty: 1)]
[18:47:46] [Render thread/INFO]:   Median Qty            : 1.0 (Cutoff >= 0.25)
[18:47:46] [Render thread/INFO]:   Outliers Dropped (0)  : []
[18:47:46] [Render thread/INFO]:   Filtered Set (45)      : [$137.00 (qty: 1), $136.10 (qty: 1), $136.05 (qty: 1), $136.00 (qty: 1), $135.21 (qty: 1), $135.00 (qty: 1), $134.00 (qty: 1), $131.30 (qty: 1), $131.20 (qty: 1), $130.00 (qty: 1), $128.20 (qty: 1), $127.00 (qty: 1), $125.00 (qty: 1), $120.00 (qty: 1), $120.00 (qty: 1), $120.00 (qty: 1), $120.00 (qty: 1), $120.00 (qty: 1), $120.00 (qty: 1), $118.10 (qty: 1), $118.01 (qty: 1), $117.09 (qty: 1), $115.00 (qty: 1), $110.00 (qty: 1), $110.00 (qty: 1), $109.00 (qty: 1), $107.00 (qty: 1), $100.10 (qty: 1), $100.00 (qty: 1), $100.00 (qty: 1), $100.00 (qty: 1), $100.00 (qty: 1), $100.00 (qty: 1), $100.00 (qty: 1), $96.00 (qty: 1), $95.11 (qty: 1), $95.00 (qty: 1), $95.00 (qty: 1), $94.00 (qty: 1), $91.00 (qty: 1), $91.00 (qty: 1), $90.00 (qty: 1), $90.00 (qty: 1), $89.00 (qty: 1), $88.00 (qty: 1)]
[18:47:46] [Render thread/INFO]:   Sort Order            : DESCENDING (Highest Buy Orders First)
[18:47:46] [Render thread/INFO]:   Top 3 Used (HIGHEST)  : [$137.00 (qty: 1), $136.10 (qty: 1), $136.05 (qty: 1)]
[18:47:46] [Render thread/INFO]:   Final Top-3 Avg Price : $136.38
[18:47:46] [Render thread/INFO]: [DONUT PROFIT/SCREEN] Screen Opened: Title = '' | Class = ProfitDetailsScreen
[18:47:50] [Render thread/INFO]: [DONUT PROFIT/SCREEN] Screen Opened: Title = '' | Class = ProfitDetailsScreen
[18:47:51] [Render thread/INFO]: [DONUT PROFIT/SCREEN] Screen Opened: Title = '' | Class = ProfitDetailsScreen
[18:47:52] [Render thread/INFO]: [DONUT PROFIT/STATUS] State Changed -> State: IDLE | Item: '' | Price: $0.0/ea | Amount: 0 | Detail: 'Idle'
[18:47:52] [Render thread/INFO]: [Auto Flip] Running /order oak log for item key: oak_log
[18:47:52] [Render thread/INFO]: [DONUT PROFIT/SCREEN] Screen Opened: Title = 'Orders (Page 1)' | Class = class_476
[18:47:52] [Render thread/INFO]: [DONUT PROFIT/STATUS] State Changed -> State: BROWSING_ORDERS | Item: 'Oak Logs' | Price: $150.0/ea | Amount: 0 | Detail: 'Browsing Orders'
[18:47:53] [Render thread/INFO]: [Auto Flip] Finishing scan for /order oak log after 1 pages. Total Matches: 45, Empty Pages After Match: 0
[18:47:53] [Render thread/INFO]: [Auto Flip] Summary for key 'oak_log':
[18:47:53] [Render thread/INFO]:   Raw Matches (45)       : [$160.00 (qty: 1), $152.00 (qty: 1), $151.00 (qty: 1), $142.00 (qty: 1), $135.00 (qty: 1), $130.00 (qty: 1), $129.10 (qty: 1), $129.00 (qty: 1), $125.00 (qty: 1), $125.00 (qty: 1), $120.00 (qty: 1), $118.00 (qty: 1), $117.00 (qty: 1), $117.00 (qty: 1), $116.00 (qty: 1), $116.00 (qty: 1), $110.00 (qty: 1), $105.00 (qty: 1), $100.00 (qty: 1), $100.00 (qty: 1), $100.00 (qty: 1), $100.00 (qty: 1), $100.00 (qty: 1), $100.00 (qty: 1), $100.00 (qty: 1), $100.00 (qty: 1), $100.00 (qty: 1), $100.00 (qty: 1), $100.00 (qty: 1), $100.00 (qty: 1), $100.00 (qty: 1), $100.00 (qty: 1), $95.00 (qty: 1), $90.00 (qty: 1), $90.00 (qty: 1), $90.00 (qty: 1), $90.00 (qty: 1), $81.01 (qty: 1), $81.00 (qty: 1), $80.00 (qty: 1), $80.00 (qty: 1), $80.00 (qty: 1), $80.00 (qty: 1), $80.00 (qty: 1), $80.00 (qty: 1)]
[18:47:53] [Render thread/INFO]:   Median Qty            : 1.0 (Cutoff >= 0.25)
[18:47:53] [Render thread/INFO]:   Outliers Dropped (0)  : []
[18:47:53] [Render thread/INFO]:   Filtered Set (45)      : [$160.00 (qty: 1), $152.00 (qty: 1), $151.00 (qty: 1), $142.00 (qty: 1), $135.00 (qty: 1), $130.00 (qty: 1), $129.10 (qty: 1), $129.00 (qty: 1), $125.00 (qty: 1), $125.00 (qty: 1), $120.00 (qty: 1), $118.00 (qty: 1), $117.00 (qty: 1), $117.00 (qty: 1), $116.00 (qty: 1), $116.00 (qty: 1), $110.00 (qty: 1), $105.00 (qty: 1), $100.00 (qty: 1), $100.00 (qty: 1), $100.00 (qty: 1), $100.00 (qty: 1), $100.00 (qty: 1), $100.00 (qty: 1), $100.00 (qty: 1), $100.00 (qty: 1), $100.00 (qty: 1), $100.00 (qty: 1), $100.00 (qty: 1), $100.00 (qty: 1), $100.00 (qty: 1), $100.00 (qty: 1), $95.00 (qty: 1), $90.00 (qty: 1), $90.00 (qty: 1), $90.00 (qty: 1), $90.00 (qty: 1), $81.01 (qty: 1), $81.00 (qty: 1), $80.00 (qty: 1), $80.00 (qty: 1), $80.00 (qty: 1), $80.00 (qty: 1), $80.00 (qty: 1), $80.00 (qty: 1)]
[18:47:53] [Render thread/INFO]:   Sort Order            : DESCENDING (Highest Buy Orders First)
[18:47:53] [Render thread/INFO]:   Top 3 Used (HIGHEST)  : [$160.00 (qty: 1), $152.00 (qty: 1), $151.00 (qty: 1)]
[18:47:53] [Render thread/INFO]:   Final Top-3 Avg Price : $154.33
[18:47:53] [Render thread/INFO]: [Auto Flip] Running /ah trapdoor for item key: ah_trapdoor_64
[18:47:53] [Render thread/INFO]: [DONUT PROFIT/STATUS] State Changed -> State: IDLE | Item: '' | Price: $0.0/ea | Amount: 0 | Detail: 'Idle'
[18:47:53] [Render thread/INFO]: [DONUT PROFIT/SCREEN] Screen Opened: Title = 'Auction (Page 1)' | Class = class_476
[18:47:54] [Render thread/INFO]: [Auto Flip] Paging forward for /ah trapdoor (Page 2, Total Matches: 0, Empty Pages After Match: 0)...
[18:47:54] [Render thread/INFO]: [DONUT PROFIT/SCREEN] Screen Opened: Title = 'Auction (Page 2)' | Class = class_476
[18:47:54] [Render thread/INFO]: [CHAT] Domeino bought your Oak Trapdoor for $6.7K
[18:47:54] [Render thread/INFO]: [Auto Flip] Paging forward for /ah trapdoor (Page 3, Total Matches: 0, Empty Pages After Match: 0)...
[18:47:54] [Render thread/INFO]: [DONUT PROFIT/SCREEN] Screen Opened: Title = 'Auction (Page 3)' | Class = class_476
[18:47:54] [Render thread/INFO]: [Auto Flip] Paging forward for /ah trapdoor (Page 4, Total Matches: 0, Empty Pages After Match: 0)...
[18:47:55] [Render thread/INFO]: [DONUT PROFIT/SCREEN] Screen Opened: Title = 'Auction (Page 4)' | Class = class_476
[18:47:55] [Render thread/INFO]: [Auto Flip] Paging forward for /ah trapdoor (Page 5, Total Matches: 0, Empty Pages After Match: 0)...
[18:47:55] [Render thread/INFO]: [DONUT PROFIT/SCREEN] Screen Opened: Title = 'Auction (Page 5)' | Class = class_476
[18:47:55] [Render thread/INFO]: [Auto Flip] Paging forward for /ah trapdoor (Page 6, Total Matches: 0, Empty Pages After Match: 0)...
[18:47:55] [Render thread/INFO]: [DONUT PROFIT/SCREEN] Screen Opened: Title = 'Auction (Page 6)' | Class = class_476
[18:47:55] [Render thread/INFO]: [Auto Flip] Paging forward for /ah trapdoor (Page 7, Total Matches: 3, Empty Pages After Match: 0)...
[18:47:56] [Render thread/INFO]: [DONUT PROFIT/SCREEN] Screen Opened: Title = 'Auction (Page 7)' | Class = class_476
[18:47:56] [Render thread/INFO]: [Auto Flip] Finishing scan for /ah trapdoor after 7 pages. Total Matches: 27, Empty Pages After Match: 0
[18:47:56] [Render thread/INFO]: [Auto Flip] Summary for 64x Trapdoor Baseline:
[18:47:56] [Render thread/INFO]:   Matched 64x Listings (27) : [$1562.50 (qty: 64), $1562.50 (qty: 64), $1562.50 (qty: 64), $1562.50 (qty: 64), $1562.50 (qty: 64), $1562.50 (qty: 64), $1562.50 (qty: 64), $1562.50 (qty: 64), $1562.50 (qty: 64), $1562.50 (qty: 64), $1562.50 (qty: 64), $1562.50 (qty: 64), $1562.50 (qty: 64), $1562.50 (qty: 64), $1562.50 (qty: 64), $1562.50 (qty: 64), $1562.50 (qty: 64), $1562.50 (qty: 64), $1562.50 (qty: 64), $1562.50 (qty: 64), $1562.50 (qty: 64), $1562.50 (qty: 64), $1562.50 (qty: 64), $1562.50 (qty: 64), $1562.50 (qty: 64), $1562.50 (qty: 64), $1562.50 (qty: 64)]
[18:47:56] [Render thread/INFO]:   Baseline Price/Unit       : $1562.50
[18:47:56] [Render thread/INFO]: [Auto Flip] Running /ah trapdoor for item key: ah_trapdoor_page1
[18:47:56] [Render thread/INFO]: [DONUT PROFIT/SCREEN] Screen Opened: Title = 'Auction (Page 1)' | Class = class_476
[18:47:57] [Render thread/INFO]: [Auto Flip] Summary for Trapdoor Page 1 Ceiling:
[18:47:57] [Render thread/INFO]:   Page 1 Listings (45)      : [$4500.00 (qty: 1), $4500.00 (qty: 1), $4500.00 (qty: 1), $4500.00 (qty: 1), $4500.00 (qty: 1), $4500.00 (qty: 1), $4500.00 (qty: 1), $4500.00 (qty: 1), $4500.00 (qty: 1), $4500.00 (qty: 1), $4500.00 (qty: 1), $4500.00 (qty: 1), $4500.00 (qty: 1), $4500.00 (qty: 1), $4500.00 (qty: 1), $5000.00 (qty: 1), $5000.00 (qty: 1), $5000.00 (qty: 1), $5000.00 (qty: 1), $5000.00 (qty: 1), $5000.00 (qty: 1), $5000.00 (qty: 1), $5000.00 (qty: 1), $5000.00 (qty: 1), $5000.00 (qty: 1), $5900.00 (qty: 8), $5900.00 (qty: 8), $5900.00 (qty: 8), $6700.00 (qty: 8), $6700.00 (qty: 14), $6700.00 (qty: 8), $6700.00 (qty: 8), $6700.00 (qty: 13), $6700.00 (qty: 8), $6700.00 (qty: 13), $6700.00 (qty: 8), $6700.00 (qty: 8), $6700.00 (qty: 8), $6700.00 (qty: 8), $6700.00 (qty: 8), $6700.00 (qty: 9), $6700.00 (qty: 8), $7000.00 (qty: 1), $7000.00 (qty: 1), $7000.00 (qty: 1)]
[18:47:57] [Render thread/INFO]:   Page 1 Max Ceiling Total  : $7000.00
[18:47:57] [Render thread/INFO]: [Auto Flip] Suggested stack size: 4x (Total Ask: $6652.00, Ceiling: $7000.00)
[18:47:57] [Render thread/INFO]: [DONUT PROFIT/SCREEN] Screen Opened: Title = '' | Class = ProfitDetailsScreen
[18:48:04] [Render thread/INFO]: [DONUT PROFIT/SCREEN] Screen Opened: Title = 'Chat screen' | Class = class_408
[18:48:04] [Render thread/INFO]: [DONUT PROFIT/SCREEN] Screen Opened: Title = '' | Class = ProfitDetailsScreen
[18:48:12] [Render thread/INFO]: [CHAT] [Meteor] [Ah Sell] Sending /ah sell 6.70K for slot 3
[18:48:12] [Render thread/INFO]: [CHAT] [Meteor] Toggled Ah Sell §aon.
[18:48:12] [Render thread/INFO]: [CHAT] [Meteor] Toggled Ah Sell §coff.
[18:48:12] [Render thread/INFO]: [CHAT] You listed 13 Oak Trapdoor for $ 6.7K
[18:48:13] [Render thread/INFO]: [CHAT] [Meteor] [Ah Sell] Sending /ah sell 6.70K for slot 4
[18:48:13] [Render thread/INFO]: [CHAT] [Meteor] Toggled Ah Sell §aon.
[18:48:13] [Render thread/INFO]: [CHAT] [Meteor] Toggled Ah Sell §coff.
[18:48:13] [Render thread/INFO]: [CHAT] You have too many listed items
[18:48:14] [Render thread/INFO]: [DONUT PROFIT/SCREEN] Screen Opened: Title = 'Crafting' | Class = class_490
[18:48:19] [Render thread/INFO]: [CHAT] .DJmilliemoo bought your Oak Trapdoor for $5.9K
[18:48:21] [Render thread/INFO]: [CHAT] You earned $32.7K from auction
[18:48:22] [Render thread/INFO]: [DONUT PROFIT/SCREEN] Screen Opened: Title = 'Crafting' | Class = class_490
[18:48:25] [Render thread/INFO]: [CHAT] itzkorbz bought your Oak Trapdoor for $5.9K
[18:48:25] [Render thread/INFO]: [CHAT] [Meteor] [Ah Sell] Sending /ah sell 6.70K for slot 0
[18:48:25] [Render thread/INFO]: [CHAT] [Meteor] Toggled Ah Sell §aon.
[18:48:25] [Render thread/INFO]: [CHAT] [Meteor] Toggled Ah Sell §coff.
[18:48:25] [Render thread/INFO]: [CHAT] itzkorbz bought your Oak Trapdoor for $6.7K
[18:48:25] [Render thread/INFO]: [CHAT] You listed 9 Oak Trapdoor for $ 6.7K
[18:48:25] [Render thread/INFO]: [CHAT] [Meteor] [Ah Sell] Sending /ah sell 6.70K for slot 1
[18:48:25] [Render thread/INFO]: [CHAT] [Meteor] Toggled Ah Sell §aon.
[18:48:26] [Render thread/INFO]: [CHAT] [Meteor] Toggled Ah Sell §coff.
[18:48:26] [Render thread/INFO]: [CHAT] You listed 9 Oak Trapdoor for $ 6.7K
[18:48:26] [Render thread/INFO]: [CHAT] [Meteor] [Ah Sell] Sending /ah sell 6.70K for slot 2
[18:48:26] [Render thread/INFO]: [CHAT] [Meteor] Toggled Ah Sell §aon.
[18:48:26] [Render thread/INFO]: [CHAT] [Meteor] Toggled Ah Sell §coff.
[18:48:26] [Render thread/INFO]: [CHAT] itzkorbz bought your Oak Trapdoor for $6.7K
[18:48:26] [Render thread/INFO]: [CHAT] You listed 9 Oak Trapdoor for $ 6.7K
[18:48:27] [Render thread/INFO]: [DONUT PROFIT/SCREEN] Screen Opened: Title = 'Large Chest' | Class = class_476
[18:48:31] [Render thread/INFO]: [CHAT] [Meteor] [Ah Sell] Sending /ah sell 6.70K for slot 0
[18:48:31] [Render thread/INFO]: [CHAT] [Meteor] Toggled Ah Sell §aon.
[18:48:31] [Render thread/INFO]: [CHAT] [Meteor] Toggled Ah Sell §coff.
[18:48:31] [Render thread/INFO]: [CHAT] You listed 8 Oak Trapdoor for $ 6.7K
[18:48:31] [Render thread/INFO]: [CHAT] [Meteor] [Ah Sell] Sending /ah sell 6.70K for slot 1
[18:48:31] [Render thread/INFO]: [CHAT] [Meteor] Toggled Ah Sell §aon.
[18:48:31] [Render thread/INFO]: [CHAT] [Meteor] Toggled Ah Sell §coff.
[18:48:31] [Render thread/INFO]: [CHAT] You listed 8 Oak Trapdoor for $ 6.7K
[18:48:31] [Render thread/INFO]: [CHAT] [Meteor] [Ah Sell] Sending /ah sell 6.70K for slot 2
[18:48:31] [Render thread/INFO]: [CHAT] [Meteor] Toggled Ah Sell §aon.
[18:48:32] [Render thread/INFO]: [CHAT] [Meteor] Toggled Ah Sell §coff.
[18:48:32] [Render thread/INFO]: [CHAT] You listed 8 Oak Trapdoor for $ 6.7K
[18:48:32] [Render thread/INFO]: [CHAT] [Meteor] [Ah Sell] Sending /ah sell 6.70K for slot 3
[18:48:32] [Render thread/INFO]: [CHAT] [Meteor] Toggled Ah Sell §aon.
[18:48:32] [Render thread/INFO]: [CHAT] [Meteor] Toggled Ah Sell §coff.
[18:48:32] [Render thread/INFO]: [CHAT] You listed 8 Oak Trapdoor for $ 6.7K
[18:48:32] [Render thread/INFO]: [CHAT] [Meteor] [Ah Sell] Sending /ah sell 6.70K for slot 4
[18:48:32] [Render thread/INFO]: [CHAT] [Meteor] Toggled Ah Sell §aon.
[18:48:32] [Render thread/INFO]: [CHAT] [Meteor] Toggled Ah Sell §coff.
[18:48:32] [Render thread/INFO]: [CHAT] You listed 8 Oak Trapdoor for $ 6.7K
[18:48:33] [Render thread/INFO]: [CHAT] [Meteor] [Ah Sell] Sending /ah sell 6.70K for slot 5
[18:48:33] [Render thread/INFO]: [CHAT] [Meteor] Toggled Ah Sell §aon.
[18:48:33] [Render thread/INFO]: [CHAT] [Meteor] Toggled Ah Sell §coff.
[18:48:33] [Render thread/INFO]: [CHAT] You listed 8 Oak Trapdoor for $ 6.7K
[18:48:33] [Render thread/INFO]: [CHAT] [Meteor] [Ah Sell] Sending /ah sell 6.70K for slot 6
[18:48:33] [Render thread/INFO]: [CHAT] [Meteor] Toggled Ah Sell §aon.
[18:48:33] [Render thread/INFO]: [CHAT] [Meteor] Toggled Ah Sell §coff.
[18:48:33] [Render thread/INFO]: [CHAT] You have too many listed items
[18:48:33] [Render thread/INFO]: [CHAT] [Meteor] [Ah Sell] Sending /ah sell 6.70K for slot 7
[18:48:33] [Render thread/INFO]: [CHAT] [Meteor] Toggled Ah Sell §aon.
[18:48:33] [Render thread/INFO]: [CHAT] You cannot sell air.
[18:48:33] [Render thread/INFO]: [CHAT] [Meteor] Toggled Ah Sell §coff.
[18:48:34] [Render thread/INFO]: [DONUT PROFIT/SCREEN] Screen Opened: Title = 'Crafting' | Class = class_490
[18:48:35] [Render thread/INFO]: [DONUT PROFIT/SCREEN] Screen Opened: Title = 'Crafting' | Class = class_490
[18:48:53] [Render thread/INFO]: [DONUT PROFIT/SCREEN] Screen Opened: Title = 'Crafting' | Class = class_490
[18:48:53] [Render thread/INFO]: [DONUT PROFIT/SCREEN] Screen Opened: Title = 'Chat screen' | Class = class_408
[18:48:54] [Render thread/INFO]: [DONUT PROFIT/SCREEN] Screen Opened: Title = 'Quick Buy' | Class = class_476
[18:48:56] [Render thread/INFO]: [CHAT] You bought 16 Ender Pearls for $ 1.3K
[18:49:18] [Render thread/INFO]: [DONUT PROFIT/SCREEN] Screen Opened: Title = 'Chat screen' | Class = class_408
[18:49:21] [Render thread/INFO]: [DONUT PROFIT/SCREEN] Screen Opened: Title = 'Auction (Page 1)' | Class = class_476
[18:49:22] [Render thread/INFO]: [CHAT] You bought 1 Glow Lichen for $ 15.1K
[18:49:22] [Render thread/INFO]: [DONUT PROFIT/SCREEN] Screen Opened: Title = 'Auction (Page 1)' | Class = class_476
[18:49:24] [Render thread/INFO]: [DONUT PROFIT/SCREEN] Screen Opened: Title = 'Crafting' | Class = class_490
[18:49:31] [Render thread/INFO]: Stopping worker threads
[18:49:31] [Render thread/INFO]: Started 10 worker threads
[18:49:31] [Render thread/INFO]: [CHAT] [Meteor] Toggled Freecam §aon.
[18:49:55] [Render thread/INFO]: [CHAT] kovlolz bought your Oak Trapdoor for $6.7K
[18:49:57] [Render thread/INFO]: [CHAT] .Camoboy6881 bought your Oak Trapdoor for $6.7K
[18:50:00] [Render thread/INFO]: [CHAT] You earned 1 Shard for playing the server
[18:50:07] [Render thread/INFO]: [CHAT] itzkorbz bought your Oak Trapdoor for $6.7K
[18:50:07] [Render thread/INFO]: [CHAT] itzkorbz bought your Oak Trapdoor for $6.7K
[18:50:08] [Render thread/INFO]: [CHAT] itzkorbz bought your Oak Trapdoor for $6.7K
[18:50:09] [Render thread/INFO]: Stopping worker threads
[18:50:09] [Render thread/INFO]: Started 10 worker threads
[18:50:09] [Render thread/INFO]: [CHAT] [Meteor] Toggled Freecam §coff.
[18:50:09] [Render thread/INFO]: [CHAT] [Meteor] [Ah Sell] Sending /ah sell 6.70K for slot 0
[18:50:09] [Render thread/INFO]: [CHAT] [Meteor] Toggled Ah Sell §aon.
[18:50:10] [Render thread/INFO]: [CHAT] [Meteor] Toggled Ah Sell §coff.
[18:50:10] [Render thread/INFO]: [CHAT] You listed 8 Oak Trapdoor for $ 6.7K
[18:50:10] [Render thread/INFO]: [CHAT] [Meteor] [Ah Sell] Sending /ah sell 6.70K for slot 1
[18:50:10] [Render thread/INFO]: [CHAT] [Meteor] Toggled Ah Sell §aon.
[18:50:10] [Render thread/INFO]: [CHAT] [Meteor] Toggled Ah Sell §coff.
[18:50:10] [Render thread/INFO]: [CHAT] You listed 7 Oak Trapdoor for $ 6.7K
[18:50:10] [Render thread/INFO]: [DONUT PROFIT/SCREEN] Screen Opened: Title = 'Crafting' | Class = class_490
[18:50:12] [Render thread/INFO]: Stopping worker threads
[18:50:12] [Render thread/INFO]: Started 10 worker threads
[18:50:12] [Render thread/INFO]: [CHAT] [Meteor] Toggled Freecam §aon.
[18:50:32] [Render thread/INFO]: [CHAT] cedsyl bought your Oak Trapdoor for $6.7K
[18:50:49] [Render thread/INFO]: Stopping worker threads
[18:50:49] [Render thread/INFO]: Started 10 worker threads
[18:50:49] [Render thread/INFO]: [CHAT] [Meteor] Toggled Freecam §coff.
[18:50:49] [Render thread/INFO]: [DONUT PROFIT/SCREEN] Screen Opened: Title = 'Crafting' | Class = class_490
[18:50:57] [Render thread/INFO]: [CHAT] .Minifrosty005 bought your Oak Trapdoor for $6.7K
[18:51:04] [Render thread/INFO]: [CHAT] DuneWood bought your Oak Trapdoor for $6.7K
[18:51:04] [Render thread/INFO]: Stopping worker threads
[18:51:04] [Render thread/INFO]: Started 10 worker threads
[18:51:04] [Render thread/INFO]: [CHAT] [Meteor] Toggled Freecam §aon.
[18:51:06] [Render thread/INFO]: Stopping worker threads
[18:51:06] [Render thread/INFO]: Started 10 worker threads
[18:51:06] [Render thread/INFO]: [CHAT] [Meteor] Toggled Freecam §coff.
[18:51:10] [Render thread/INFO]: [DONUT PROFIT/SCREEN] Screen Opened: Title = 'Litematica v0.26.12' | Class = GuiMainMenu
[18:51:12] [Render thread/INFO]: [DONUT PROFIT/SCREEN] Screen Opened: Title = 'Crafting' | Class = class_490
[18:51:12] [Render thread/INFO]: [DONUT PROFIT/SCREEN] Screen Opened: Title = 'Chat screen' | Class = class_408
[18:51:14] [Render thread/INFO]: [DONUT PROFIT/SCREEN] Screen Opened: Title = 'Chat screen' | Class = class_408
[18:51:17] [Render thread/INFO]: Loaded 395 advancements
[18:51:17] [Render thread/WARN]: Requested creation of existing team 'sidebar_line_0'
[18:51:17] [Render thread/WARN]: Requested creation of existing team 'sidebar_line_1'
[18:51:17] [Render thread/WARN]: Requested creation of existing team 'sidebar_line_2'
[18:51:17] [Render thread/WARN]: Requested creation of existing team 'sidebar_line_3'
[18:51:17] [Render thread/WARN]: Requested creation of existing team 'sidebar_line_4'
[18:51:18] [Render thread/INFO]: [REI] [Local Recipes] Removing 0 overlapping fallback displays superseded by server recipe add
[18:51:18] [Render thread/WARN]: [REI] Detected runtime DisplayRegistry modification, this can be extremely dangerous!
[18:51:22] [Render thread/INFO]: [DONUT PROFIT/SCREEN] Screen Opened: Title = 'Shulker Box' | Class = class_495
[18:51:22] [Render thread/INFO]: [DONUT PROFIT/SCREEN] Screen Opened: Title = 'Shulker Box' | Class = class_495
[18:51:23] [Render thread/INFO]: [DONUT PROFIT/SCREEN] Screen Opened: Title = 'Shulker Box' | Class = class_495
[18:51:23] [Render thread/INFO]: [DONUT PROFIT/SCREEN] Screen Opened: Title = 'Shulker Box' | Class = class_495
[18:51:24] [Render thread/INFO]: [DONUT PROFIT/SCREEN] Screen Opened: Title = 'Shulker Box' | Class = class_495
[18:51:24] [Render thread/INFO]: [DONUT PROFIT/SCREEN] Screen Opened: Title = 'Shulker Box' | Class = class_495
[18:51:24] [Render thread/INFO]: [DONUT PROFIT/SCREEN] Screen Opened: Title = 'Shulker Box' | Class = class_495
[18:51:25] [Render thread/INFO]: [DONUT PROFIT/SCREEN] Screen Opened: Title = 'Crafting' | Class = class_490
[18:51:25] [Render thread/INFO]: [DONUT PROFIT/SCREEN] Screen Opened: Title = 'Shulker Box' | Class = class_495
[18:51:25] [Render thread/INFO]: [DONUT PROFIT/SCREEN] Screen Opened: Title = 'Shulker Box' | Class = class_495
[18:51:26] [Render thread/INFO]: [DONUT PROFIT/SCREEN] Screen Opened: Title = 'Shulker Box' | Class = class_495
[18:51:26] [Render thread/INFO]: [DONUT PROFIT/SCREEN] Screen Opened: Title = 'Shulker Box' | Class = class_495
[18:51:27] [Render thread/INFO]: [DONUT PROFIT/SCREEN] Screen Opened: Title = 'Shulker Box' | Class = class_495
[18:51:27] [Render thread/INFO]: [DONUT PROFIT/SCREEN] Screen Opened: Title = 'Shulker Box' | Class = class_495
[18:51:28] [Render thread/INFO]: [DONUT PROFIT/SCREEN] Screen Opened: Title = 'Shulker Box' | Class = class_495
[18:51:29] [Render thread/INFO]: [DONUT PROFIT/SCREEN] Screen Opened: Title = 'Shulker Box' | Class = class_495
[18:51:29] [Render thread/INFO]: [DONUT PROFIT/SCREEN] Screen Opened: Title = 'Shulker Box' | Class = class_495
[18:51:30] [Render thread/INFO]: [DONUT PROFIT/SCREEN] Screen Opened: Title = 'Shulker Box' | Class = class_495
[18:51:30] [Render thread/INFO]: [DONUT PROFIT/SCREEN] Screen Opened: Title = 'Shulker Box' | Class = class_495
[18:51:31] [Render thread/INFO]: [DONUT PROFIT/SCREEN] Screen Opened: Title = 'Shulker Box' | Class = class_495
[18:51:31] [Render thread/INFO]: [DONUT PROFIT/SCREEN] Screen Opened: Title = 'Shulker Box' | Class = class_495
[18:51:32] [Render thread/INFO]: [DONUT PROFIT/SCREEN] Screen Opened: Title = 'Shulker Box' | Class = class_495
[18:51:32] [Render thread/INFO]: [DONUT PROFIT/SCREEN] Screen Opened: Title = 'Shulker Box' | Class = class_495
[18:51:33] [Render thread/INFO]: [DONUT PROFIT/SCREEN] Screen Opened: Title = 'Shulker Box' | Class = class_495
[18:51:33] [Render thread/INFO]: [DONUT PROFIT/SCREEN] Screen Opened: Title = 'Shulker Box' | Class = class_495
[18:51:33] [Render thread/INFO]: [DONUT PROFIT/SCREEN] Screen Opened: Title = 'Crafting' | Class = class_490
[18:51:34] [Render thread/INFO]: [DONUT PROFIT/SCREEN] Screen Opened: Title = 'Shulker Box' | Class = class_495
[18:51:35] [Render thread/INFO]: [DONUT PROFIT/SCREEN] Screen Opened: Title = 'Shulker Box' | Class = class_495
[18:51:35] [Render thread/INFO]: [DONUT PROFIT/SCREEN] Screen Opened: Title = 'Shulker Box' | Class = class_495
[18:51:36] [Render thread/INFO]: [DONUT PROFIT/SCREEN] Screen Opened: Title = 'Shulker Box' | Class = class_495
[18:51:37] [Render thread/INFO]: [DONUT PROFIT/SCREEN] Screen Opened: Title = 'Chat screen' | Class = class_408
[18:51:39] [Render thread/INFO]: Loaded 297 advancements
[18:51:39] [Render thread/WARN]: Requested creation of existing team 'sidebar_line_0'
[18:51:39] [Render thread/WARN]: Requested creation of existing team 'sidebar_line_1'
[18:51:39] [Render thread/WARN]: Requested creation of existing team 'sidebar_line_2'
[18:51:39] [Render thread/WARN]: Requested creation of existing team 'sidebar_line_3'
[18:51:39] [Render thread/WARN]: Requested creation of existing team 'sidebar_line_4'
[18:51:39] [Render thread/INFO]: [REI] [Local Recipes] Removing 0 overlapping fallback displays superseded by server recipe add
[18:51:39] [Render thread/WARN]: [REI] Detected runtime DisplayRegistry modification, this can be extremely dangerous!
[18:51:40] [Render thread/WARN]: Requested creation of existing team '09-DanIsNotThatCool-false'
[18:51:40] [Render thread/WARN]: Requested creation of existing team '09-Boom_Boy_-false'
[18:51:40] [Render thread/WARN]: Requested creation of existing team '09-Lighttism-false'
[18:51:40] [Render thread/WARN]: Requested creation of existing team '09-DxP1-false'
[18:51:40] [Render thread/WARN]: Requested creation of existing team '09-ciation-false'
[18:51:40] [Render thread/WARN]: Requested creation of existing team '09-Adamzhere-false'
[18:51:40] [Render thread/WARN]: Requested creation of existing team '09-poopfartgamer38-false'
[18:51:40] [Render thread/WARN]: Requested creation of existing team '09-ibfel-false'
[18:51:40] [Render thread/WARN]: Requested creation of existing team '09-Abuodee-false'
[18:51:40] [Render thread/WARN]: Requested creation of existing team '09-GD_DIDI_YT-false'
[18:51:40] [Render thread/WARN]: Requested creation of existing team '09-jesticc-false'
[18:51:40] [Render thread/WARN]: Requested creation of existing team '09-g1uc-false'
[18:51:40] [Render thread/WARN]: Requested creation of existing team '09-MrMilaano-false'
[18:51:40] [Render thread/WARN]: Requested creation of existing team '09-Doomed001-false'
[18:51:40] [Render thread/WARN]: Requested creation of existing team '09-_ihd-false'
[18:51:40] [Render thread/WARN]: Requested creation of existing team '09-cutiewsp-false'
[18:51:40] [Render thread/WARN]: Requested creation of existing team '09-LordToastman-false'
[18:51:40] [Render thread/WARN]: Requested creation of existing team '09-KingSebMc-false'
[18:51:40] [Render thread/WARN]: Requested creation of existing team '09-Pawkovsky_-false'
[18:51:40] [Render thread/WARN]: Requested creation of existing team '09-ITauI-false'
[18:51:40] [Render thread/WARN]: Requested creation of existing team '09-Ikeacpvp-false'
[18:51:40] [Render thread/WARN]: Requested creation of existing team '09-meitsmeYT-false'
[18:51:40] [Render thread/WARN]: Requested creation of existing team '09-0cas-false'
[18:51:40] [Render thread/WARN]: Requested creation of existing team '09-Fluxify_YT-false'
[18:51:40] [Render thread/WARN]: Requested creation of existing team '09-MinimikeCPVP-false'
[18:51:40] [Render thread/WARN]: Requested creation of existing team '09-Cactifyy-false'
[18:51:40] [Render thread/WARN]: Requested creation of existing team '09-Kamuzinski-false'
[18:51:40] [Render thread/WARN]: Requested creation of existing team '09-BluqoYT-false'
[18:51:40] [Render thread/WARN]: Requested creation of existing team '09-greedzox-false'
[18:51:40] [Render thread/WARN]: Requested creation of existing team '09-mavy_mavy-false'
[18:51:40] [Render thread/WARN]: Requested creation of existing team '09-Leroxcpvp-false'
[18:51:40] [Render thread/WARN]: Requested creation of existing team '09-Melton56-false'
[18:51:40] [Render thread/WARN]: Requested creation of existing team '09-luvkarissa-false'
[18:51:40] [Render thread/WARN]: Requested creation of existing team '09-iditity-false'
[18:51:40] [Render thread/WARN]: Requested creation of existing team '09-Daku__-false'
[18:51:40] [Render thread/WARN]: Requested creation of existing team '09-MayoTV-false'
[18:51:40] [Render thread/WARN]: Requested creation of existing team '09-2pfp-false'
[18:51:40] [Render thread/WARN]: Requested creation of existing team '09-mejro-false'
[18:51:40] [Render thread/WARN]: Requested creation of existing team '09-Mik4s_dUgiRa-false'
[18:51:40] [Render thread/WARN]: Requested creation of existing team '09-FlashAlexMP-false'
[18:51:40] [Render thread/WARN]: Requested creation of existing team '09-knownVisitor-false'
[18:51:40] [Render thread/WARN]: Requested creation of existing team '09-MasM3n-false'
[18:51:40] [Render thread/WARN]: Requested creation of existing team '09-BabyBeetroot-false'
[18:51:40] [Render thread/WARN]: Requested creation of existing team '09-griperght-false'
[18:51:40] [Render thread/WARN]: Requested creation of existing team '09-Marlivv-false'
[18:51:40] [Render thread/WARN]: Requested creation of existing team '09-MijoTortilla-false'
[18:51:40] [Render thread/WARN]: Requested creation of existing team '09-LethalLukeYT-false'
[18:51:40] [Render thread/WARN]: Requested creation of existing team '09-MUSTARD1221-false'
[18:51:40] [Render thread/WARN]: Requested creation of existing team '09-Filipoke-false'
[18:51:40] [Render thread/WARN]: Requested creation of existing team '09-DaytonaV8-false'
[18:51:40] [Render thread/WARN]: Requested creation of existing team '09-Galactic_Alien2-false'
[18:51:40] [Render thread/WARN]: Requested creation of existing team '09-au4q-false'
[18:51:40] [Render thread/WARN]: Requested creation of existing team '09-okvain-false'
[18:51:40] [Render thread/WARN]: Requested creation of existing team '09-Dwomix-false'
[18:51:40] [Render thread/WARN]: Requested creation of existing team '09-AArchhh-false'
[18:51:40] [Render thread/WARN]: Requested creation of existing team '09-itzkorbz-false'
[18:51:40] [Render thread/WARN]: Requested creation of existing team '09-Golbary-false'
[18:51:40] [Render thread/WARN]: Requested creation of existing team '09-KevinrMC-false'
[18:51:40] [Render thread/WARN]: Requested creation of existing team '09-LrexTTV-false'
[18:51:40] [Render thread/WARN]: Requested creation of existing team '09-fubol-false'
[18:51:40] [Render thread/WARN]: Requested creation of existing team '09-Artumpkin-false'
[18:51:40] [Render thread/WARN]: Requested creation of existing team '09-AidansGamingYT-false'
[18:51:40] [Render thread/WARN]: Requested creation of existing team '09-Mustard2YT-false'
[18:51:40] [Render thread/WARN]: Requested creation of existing team '09-JoseCPVP-false'
[18:51:40] [Render thread/WARN]: Requested creation of existing team '09-Ninjqzz-false'
[18:51:40] [Render thread/WARN]: Requested creation of existing team '09-EtlotOff-false'
[18:51:40] [Render thread/WARN]: Requested creation of existing team '09-ohcklee-false'
[18:51:40] [Render thread/WARN]: Requested creation of existing team '09-Ehxy-false'
[18:51:40] [Render thread/WARN]: Requested creation of existing team '09-HAMSTERKING_gm-false'
[18:51:40] [Render thread/WARN]: Requested creation of existing team '09-DownShot-false'
[18:51:40] [Render thread/WARN]: Requested creation of existing team '09-Mushymoshh-false'
[18:51:40] [Render thread/WARN]: Requested creation of existing team '09-CoolDudeBoodle-false'
[18:51:40] [Render thread/WARN]: Requested creation of existing team '09-Makada2020-false'
[18:51:40] [Render thread/WARN]: Requested creation of existing team '09-BLUEGODISBACK-false'
[18:51:40] [Render thread/WARN]: Requested creation of existing team '09-AquaMC-false'
[18:51:40] [Render thread/WARN]: Requested creation of existing team '09-As1atic-false'
[18:51:40] [Render thread/WARN]: Requested creation of existing team '09-PenguiW31-false'
[18:51:40] [Render thread/WARN]: Requested creation of existing team '03-W1zoX_-false'
[18:51:40] [Render thread/WARN]: Requested creation of existing team '09-JumpyGem-false'
[18:51:40] [Render thread/WARN]: Requested creation of existing team '09-HendogOfficial-false'
[18:51:40] [Render thread/WARN]: Requested creation of existing team '09-ItzGraven-false'
[18:51:40] [Render thread/WARN]: Requested creation of existing team '09-HaitchL-false'
[18:51:40] [Render thread/WARN]: Requested creation of existing team '09-AlpBey3503-false'
[18:51:40] [Render thread/WARN]: Requested creation of existing team '09-Gavin422-false'
[18:51:40] [Render thread/WARN]: Requested creation of existing team '09-KlingMC-false'
[18:51:40] [Render thread/INFO]: [DONUT PROFIT/SCREEN] Screen Opened: Title = 'Smoker' | Class = class_3874
[18:51:41] [Render thread/INFO]: [DONUT PROFIT/SCREEN] Screen Opened: Title = 'Large Chest' | Class = class_476
[18:51:41] [Render thread/INFO]: [DONUT PROFIT/SCREEN] Screen Opened: Title = 'Large Chest' | Class = class_476
[18:51:42] [Render thread/INFO]: [DONUT PROFIT/SCREEN] Screen Opened: Title = 'Large Chest' | Class = class_476
[18:51:42] [Render thread/INFO]: [DONUT PROFIT/SCREEN] Screen Opened: Title = 'Large Chest' | Class = class_476
[18:51:43] [Render thread/WARN]: Tried to configure cosmetics of poopfartgamer38/9027de56-471a-4c6d-8fe5-4626ec74da9a no matching player found!
[18:51:43] [Render thread/INFO]: [DONUT PROFIT/SCREEN] Screen Opened: Title = 'Chest' | Class = class_476
[18:51:43] [Render thread/INFO]: [DONUT PROFIT/SCREEN] Screen Opened: Title = 'Chest' | Class = class_476
[18:51:44] [Render thread/INFO]: [DONUT PROFIT/SCREEN] Screen Opened: Title = 'Large Chest' | Class = class_476
[18:51:45] [Render thread/INFO]: [DONUT PROFIT/SCREEN] Screen Opened: Title = 'Smoker' | Class = class_3874
[18:51:45] [Render thread/INFO]: [DONUT PROFIT/SCREEN] Screen Opened: Title = 'Large Chest' | Class = class_476
[18:51:46] [Render thread/INFO]: [CHAT] triddennt bought your Oak Trapdoor for $6.7K
[18:51:47] [Render thread/INFO]: [CHAT] WARNING: Servers are updating, do not teleport or you will lose your location, you will be put back shortly.!
[18:51:47] [Render thread/INFO]: [CHAT] WARNING: Servers are updating, do not teleport or you will lose your location, you will be put back shortly.!
[18:51:47] [Render thread/INFO]: [CHAT] Your server is restarting. You are waiting in proxy limbo.
[18:51:47] [Render thread/INFO]: [CHAT] Connected to proxy limbo. Run /leave to get out.
[18:51:48] [Render thread/INFO]: [DONUT PROFIT/SCREEN] Screen Opened: Title = 'Chat screen' | Class = class_408
[18:57:15] [Render thread/INFO]: Stopping worker threads
[18:57:15] [REI-ReloadPlugins/INFO]: [REI] ****************************************
[18:57:15] [REI-ReloadPlugins/INFO]: [REI] REICommonPlugin starting main-reload for START.
[18:57:15] [REI-ReloadPlugins/INFO]: [REI] Plugins (3):
[18:57:15] [REI-ReloadPlugins/INFO]: [REI]  - (-100.00) DefaultPlugin of DefaultPlugin [roughlyenoughitems]
[18:57:15] [REI-ReloadPlugins/INFO]: [REI]  - (0.00) FabricFluidAPISupportPlugin
[18:57:15] [REI-ReloadPlugins/INFO]: [REI]  - (0.00) DefaultRuntimePlugin of DefaultRuntimePlugin [roughlyenoughitems]
[18:57:15] [REI-ReloadPlugins/INFO]: [REI] ****************************************
[18:57:15] [Render thread/INFO]: Started 10 worker threads
[18:57:15] [REI-ReloadPlugins/INFO]: [REI] OOOOOOOOOOOOOOOOOOOOOOOOOOOOOOOOOOOOOOOO
[18:57:15] [REI-ReloadPlugins/INFO]: [REI] REIClientPlugin starting main-reload for START.
[18:57:15] [REI-ReloadPlugins/INFO]: [REI] Plugins (5):
[18:57:15] [REI-ReloadPlugins/INFO]: [REI]  - (-100.00) DefaultClientPlugin of DefaultClientPlugin [roughlyenoughitems]
[18:57:15] [REI-ReloadPlugins/INFO]: [REI]  - (0.00) HideIngredientsFromTagsPlugin of HideIngredientsFromTagsPlugin [roughlyenoughitems]
[18:57:15] [REI-ReloadPlugins/INFO]: [REI]  - (0.00) DefaultClientRuntimePlugin of DefaultClientRuntimePlugin [roughlyenoughitems]
[18:57:15] [REI-ReloadPlugins/INFO]: [REI]  - (0.00) OwoReiPlugin of OwoReiPlugin [owo]
[18:57:15] [REI-ReloadPlugins/INFO]: [REI]  - (0.00) REITooltipPlugin of REITooltipPlugin [appleskin]
[18:57:15] [REI-ReloadPlugins/INFO]: [REI] OOOOOOOOOOOOOOOOOOOOOOOOOOOOOOOOOOOOOOOO
[18:57:15] [Render thread/INFO]: Stopping worker threads
[18:57:15] [Render thread/INFO]: Started 10 worker threads
[18:57:15] [Render thread/INFO]: Starting [2] Placement Manager Daemon threads
[18:57:15] [Render thread/INFO]: [DONUT PROFIT/SCREEN] Screen Opened: Title = '' | Class = class_3928
[18:57:15] [Render thread/INFO]: [voicechat] Disconnecting from previous connection due to server change
[18:57:15] [Render thread/INFO]: [voicechat] Clearing audio channels
[18:57:15] [Render thread/INFO]: [voicechat] Closing audio channel 7c590c5a-b2f0-4038-8297-d6a9c883877f
[18:57:15] [AudioChannelThread-7c590c5a-b2f0-4038-8297-d6a9c883877f/INFO]: [voicechat] Closed audio channel 7c590c5a-b2f0-4038-8297-d6a9c883877f
[18:57:15] [Render thread/INFO]: [voicechat] Stopping microphone thread
[18:57:15] [Render thread/INFO]: [voicechat] Disconnecting voicechat
[18:57:15] [Render thread/INFO]: [voicechat] Sending secret request to the server
[18:57:15] [Render thread/INFO]: Starting [2] Placement Manager Daemon threads
[18:57:15] [Render thread/INFO]: Saving
[18:57:15] [Render thread/INFO]: Saved in 8 milliseconds.
[18:57:15] [Render thread/WARN]: [REI] Trying to start reload plugins of stage START but found 1 existing reload task(s)!
[18:57:15] [Render thread/WARN]: [REI] Found 1 existing reload task(s) after trying to terminate them!
[18:57:15] [REI-ReloadPlugins/INFO]: [REI] ========================================
[18:57:15] [REI-ReloadPlugins/INFO]: [REI] REICommonPlugin starting main-reload for START.
[18:57:15] [REI-ReloadPlugins/INFO]: [REI] Plugins (3):
[18:57:15] [REI-ReloadPlugins/INFO]: [REI]  - (-100.00) DefaultPlugin of DefaultPlugin [roughlyenoughitems]
[18:57:15] [REI-ReloadPlugins/INFO]: [REI]  - (0.00) FabricFluidAPISupportPlugin
[18:57:15] [REI-ReloadPlugins/INFO]: [REI]  - (0.00) DefaultRuntimePlugin of DefaultRuntimePlugin [roughlyenoughitems]
[18:57:15] [REI-ReloadPlugins/INFO]: [REI] ========================================
[18:57:15] [REI-ReloadPlugins/INFO]: [REI] ----------------------------------------
[18:57:15] [REI-ReloadPlugins/INFO]: [REI] REIClientPlugin starting main-reload for START.
[18:57:15] [Render thread/INFO]: Loaded 41 advancements
[18:57:15] [REI-ReloadPlugins/INFO]: [REI] Plugins (5):
[18:57:15] [REI-ReloadPlugins/INFO]: [REI]  - (-100.00) DefaultClientPlugin of DefaultClientPlugin [roughlyenoughitems]
[18:57:15] [REI-ReloadPlugins/INFO]: [REI]  - (0.00) HideIngredientsFromTagsPlugin of HideIngredientsFromTagsPlugin [roughlyenoughitems]
[18:57:15] [REI-ReloadPlugins/INFO]: [REI]  - (0.00) DefaultClientRuntimePlugin of DefaultClientRuntimePlugin [roughlyenoughitems]
[18:57:15] [REI-ReloadPlugins/INFO]: [REI]  - (0.00) OwoReiPlugin of OwoReiPlugin [owo]
[18:57:15] [Render thread/WARN]: Requested creation of existing team '09-DanIsNotThatCool-false'
[18:57:15] [REI-ReloadPlugins/INFO]: [REI]  - (0.00) REITooltipPlugin of REITooltipPlugin [appleskin]
[18:57:15] [REI-ReloadPlugins/INFO]: [REI] ----------------------------------------
[18:57:15] [Render thread/WARN]: Requested creation of existing team '09-JoseCPVP-false'
[18:57:15] [Render thread/WARN]: Requested creation of existing team '09-Boom_Boy_-false'
[18:57:15] [Render thread/WARN]: Requested creation of existing team '09-Lighttism-false'
[18:57:15] [Render thread/WARN]: Requested creation of existing team '09-BabyBeetroot-false'
[18:57:15] [Render thread/WARN]: Requested creation of existing team '09-donutgaspa-false'
[18:57:15] [Render thread/WARN]: Requested creation of existing team '09-Ninjqzz-false'
[18:57:15] [Render thread/WARN]: Requested creation of existing team '09-EtlotOff-false'
[18:57:15] [Render thread/WARN]: Requested creation of existing team '09-ohcklee-false'
[18:57:15] [Render thread/WARN]: Requested creation of existing team '09-Ehxy-false'
[18:57:15] [Render thread/WARN]: Requested creation of existing team '09-griperght-false'
[18:57:15] [Render thread/WARN]: Requested creation of existing team '09-Marlivv-false'
[18:57:15] [Render thread/WARN]: Requested creation of existing team '09-Fluxify_YT-false'
[18:57:15] [Render thread/WARN]: Requested creation of existing team '09-HAMSTERKING_gm-false'
[18:57:15] [Render thread/WARN]: Requested creation of existing team '09-MijoTortilla-false'
[18:57:15] [Render thread/WARN]: Requested creation of existing team '09-DownShot-false'
[18:57:15] [Render thread/WARN]: Requested creation of existing team '09-LethalLukeYT-false'
[18:57:15] [Render thread/WARN]: Requested creation of existing team '09-CoolDudeBoodle-false'
[18:57:15] [Render thread/WARN]: Requested creation of existing team '09-Cactifyy-false'
[18:57:15] [Render thread/WARN]: Requested creation of existing team '09-MinimikeCPVP-false'
[18:57:15] [Render thread/WARN]: Requested creation of existing team '09-MUSTARD1221-false'
[18:57:15] [Render thread/WARN]: Requested creation of existing team '09-ciation-false'
[18:57:15] [Render thread/WARN]: Requested creation of existing team '09-DxP1-false'
[18:57:15] [Render thread/WARN]: Requested creation of existing team '09-Kamuzinski-false'
[18:57:15] [Render thread/WARN]: Requested creation of existing team '09-Filipoke-false'
[18:57:15] [Render thread/WARN]: Requested creation of existing team '09-BluqoYT-false'
[18:57:15] [Render thread/WARN]: Requested creation of existing team '09-Makada2020-false'
[18:57:15] [Render thread/WARN]: Requested creation of existing team '09-greedzox-false'
[18:57:15] [Render thread/WARN]: Requested creation of existing team '09-BLUEGODISBACK-false'
[18:57:15] [Render thread/WARN]: Requested creation of existing team '09-Adamzhere-false'
[18:57:15] [Render thread/WARN]: Requested creation of existing team '09-mavy_mavy-false'
[18:57:15] [Render thread/WARN]: Requested creation of existing team '09-Leroxcpvp-false'
[18:57:15] [Render thread/WARN]: Requested creation of existing team '09-AquaMC-false'
[18:57:15] [Render thread/WARN]: Requested creation of existing team '09-DaytonaV8-false'
[18:57:15] [Render thread/WARN]: Requested creation of existing team '09-ibfel-false'
[18:57:15] [Render thread/WARN]: Requested creation of existing team '09-Galactic_Alien2-false'
[18:57:15] [Render thread/WARN]: Requested creation of existing team '09-au4q-false'
[18:57:15] [Render thread/WARN]: Requested creation of existing team '09-Melton56-false'
[18:57:15] [Render thread/WARN]: Requested creation of existing team '09-iditity-false'
[18:57:15] [Render thread/WARN]: Requested creation of existing team '09-okvain-false'
[18:57:15] [Render thread/WARN]: Requested creation of existing team '09-Abuodee-false'
[18:57:15] [Render thread/WARN]: Requested creation of existing team '09-AArchhh-false'
[18:57:15] [Render thread/WARN]: Requested creation of existing team '09-As1atic-false'
[18:57:15] [Render thread/WARN]: Requested creation of existing team '09-Dwomix-false'
[18:57:15] [Render thread/WARN]: Requested creation of existing team '09-GD_DIDI_YT-false'
[18:57:15] [Render thread/WARN]: Requested creation of existing team '09-itzkorbz-false'
[18:57:15] [Render thread/WARN]: Requested creation of existing team '09-jesticc-false'
[18:57:15] [Render thread/WARN]: Requested creation of existing team '09-g1uc-false'
[18:57:15] [Render thread/WARN]: Requested creation of existing team '03-W1zoX_-false'
[18:57:15] [Render thread/WARN]: Requested creation of existing team '09-MrMilaano-false'
[18:57:15] [Render thread/WARN]: Requested creation of existing team '09-Golbary-false'
[18:57:15] [Render thread/WARN]: Requested creation of existing team '09-_ihd-false'
[18:57:15] [Render thread/WARN]: Requested creation of existing team '09-Doomed001-false'
[18:57:15] [Render thread/WARN]: Requested creation of existing team '09-cutiewsp-false'
[18:57:15] [Render thread/WARN]: Requested creation of existing team '09-Daku__-false'
[18:57:15] [Render thread/WARN]: Requested creation of existing team '09-MayoTV-false'
[18:57:15] [Render thread/WARN]: Requested creation of existing team '09-JumpyGem-false'
[18:57:15] [Render thread/WARN]: Requested creation of existing team '09-2pfp-false'
[18:57:15] [Render thread/WARN]: Requested creation of existing team '09-mejro-false'
[18:57:15] [Render thread/WARN]: Requested creation of existing team '09-Mik4s_dUgiRa-false'
[18:57:15] [Render thread/WARN]: Requested creation of existing team '09-HendogOfficial-false'
[18:57:15] [Render thread/WARN]: Requested creation of existing team '09-LordToastman-false'
[18:57:15] [Render thread/WARN]: Requested creation of existing team '09-HaitchL-false'
[18:57:15] [Render thread/WARN]: Requested creation of existing team '09-KingSebMc-false'
[18:57:15] [Render thread/WARN]: Requested creation of existing team '09-LrexTTV-false'
[18:57:15] [Render thread/WARN]: Requested creation of existing team '09-AlpBey3503-false'
[18:57:15] [Render thread/WARN]: Requested creation of existing team '09-FlashAlexMP-false'
[18:57:15] [Render thread/WARN]: Requested creation of existing team '09-fubol-false'
[18:57:15] [Render thread/WARN]: Requested creation of existing team '09-Gavin422-false'
[18:57:15] [Render thread/WARN]: Requested creation of existing team '09-Artumpkin-false'
[18:57:15] [Render thread/WARN]: Requested creation of existing team '09-KlingMC-false'
[18:57:15] [Render thread/WARN]: Requested creation of existing team '09-knownVisitor-false'
[18:57:15] [Render thread/WARN]: Requested creation of existing team '09-MasM3n-false'
[18:57:15] [Render thread/WARN]: Requested creation of existing team '09-ITauI-false'
[18:57:15] [Render thread/WARN]: Requested creation of existing team '09-Ikeacpvp-false'
[18:57:15] [Render thread/WARN]: Requested creation of existing team '09-Mustard2YT-false'
[18:57:15] [Render thread/WARN]: Requested creation of existing team '09-meitsmeYT-false'
[18:57:15] [Render thread/INFO]: Loaded 43 advancements
[18:57:15] [Render thread/WARN]: Requested creation of existing team 'sidebar_line_0'
[18:57:15] [Render thread/WARN]: Requested creation of existing team 'sidebar_line_1'
[18:57:15] [Render thread/WARN]: Requested creation of existing team 'sidebar_line_2'
[18:57:15] [Render thread/WARN]: Requested creation of existing team 'sidebar_line_3'
[18:57:15] [Render thread/WARN]: Requested creation of existing team 'sidebar_line_4'
[18:57:15] [Render thread/INFO]: [CHAT] You earned $73.7K from auction
[18:57:15] [Render thread/INFO]: [voicechat] Received secret
[18:57:15] [Render thread/INFO]: [voicechat] Connecting to voice chat server: '172.65.200.198:55554'
[18:57:15] [VoiceChatAuthenticationThread/INFO]: [voicechat] Trying to authenticate voice chat connection
[18:57:15] [Render thread/INFO]: Destroying pipeline minecraft:overworld
[18:57:15] [Render thread/INFO]: Shaders are disabled because enableShaders is set to false in iris.properties
[18:57:15] [Render thread/INFO]: Creating pipeline for dimension minecraft:overworld
[18:57:15] [VoiceChatConnectionThread/INFO]: [voicechat] Server acknowledged authentication
[18:57:15] [REI-ReloadPlugins/INFO]: [REI] REICommonPlugin finished post-reload for START in 525.6 μs, totaling 3.125 ms.
[18:57:15] [REI-ReloadPlugins/INFO]: [REI] REIClientPlugin finished post-reload for START in 303.8 μs, totaling 240.9 ms.
[18:57:15] [REI-ReloadPlugins/INFO]: [REI] OOOOOOOOOOOOOOOOOOOOOOOOOOOOOOOOOOOOOOOO
[18:57:15] [REI-ReloadPlugins/INFO]: [REI] REICommonPlugin starting main-reload for END.
[18:57:15] [REI-ReloadPlugins/INFO]: [REI] Plugins (3):
[18:57:15] [REI-ReloadPlugins/INFO]: [REI]  - (-100.00) DefaultPlugin of DefaultPlugin [roughlyenoughitems]
[18:57:15] [REI-ReloadPlugins/INFO]: [REI]  - (0.00) FabricFluidAPISupportPlugin
[18:57:15] [REI-ReloadPlugins/INFO]: [REI]  - (0.00) DefaultRuntimePlugin of DefaultRuntimePlugin [roughlyenoughitems]
[18:57:15] [REI-ReloadPlugins/INFO]: [REI] OOOOOOOOOOOOOOOOOOOOOOOOOOOOOOOOOOOOOOOO
[18:57:15] [REI-ReloadPlugins/INFO]: [REI] ++++++++++++++++++++++++++++++++++++++++
[18:57:15] [REI-ReloadPlugins/INFO]: [REI] REIClientPlugin starting main-reload for END.
[18:57:15] [REI-ReloadPlugins/INFO]: [REI] Plugins (5):
[18:57:15] [REI-ReloadPlugins/INFO]: [REI]  - (-100.00) DefaultClientPlugin of DefaultClientPlugin [roughlyenoughitems]
[18:57:15] [REI-ReloadPlugins/INFO]: [REI]  - (0.00) HideIngredientsFromTagsPlugin of HideIngredientsFromTagsPlugin [roughlyenoughitems]
[18:57:15] [REI-ReloadPlugins/INFO]: [REI]  - (0.00) DefaultClientRuntimePlugin of DefaultClientRuntimePlugin [roughlyenoughitems]
[18:57:15] [REI-ReloadPlugins/INFO]: [REI]  - (0.00) OwoReiPlugin of OwoReiPlugin [owo]
[18:57:15] [REI-ReloadPlugins/INFO]: [REI]  - (0.00) REITooltipPlugin of REITooltipPlugin [appleskin]
[18:57:15] [REI-ReloadPlugins/INFO]: [REI] ++++++++++++++++++++++++++++++++++++++++
[18:57:16] [REI-ReloadPlugins/INFO]: [REI] [Local Recipes] Filled 0 local fallback displays in 1.657 ms
[18:57:16] [REI-ReloadPlugins/INFO]: [REI] [Local Recipes] Removing 0 overlapping fallback displays superseded by server recipe add
[18:57:16] [REI-ReloadPlugins/INFO]: [REI] REICommonPlugin finished post-reload for END in 308.4 μs, totaling 3.309 ms.
[18:57:16] [REI-ReloadPlugins/INFO]: [REI] REIClientPlugin finished post-reload for END in 801.7 μs, totaling 221.2 ms.
[18:57:16] [Render thread/INFO]: [DONUT PROFIT/SCREEN] Screen Opened: Title = 'Game Menu' | Class = class_433
[18:57:16] [Render thread/WARN]: Requested creation of existing team '09-DanIsNotThatCool-false'
[18:57:16] [Render thread/WARN]: Requested creation of existing team '09-Boom_Boy_-false'
[18:57:16] [Render thread/WARN]: Requested creation of existing team '09-Lighttism-false'
[18:57:16] [Render thread/WARN]: Requested creation of existing team '09-EnVarkoume-false'
[18:57:16] [Render thread/WARN]: Requested creation of existing team '09-ciation-false'
[18:57:16] [Render thread/WARN]: Requested creation of existing team '09-DxP1-false'
[18:57:16] [Render thread/WARN]: Requested creation of existing team '09-Adamzhere-false'
[18:57:16] [Render thread/WARN]: Requested creation of existing team '09-ibfel-false'
[18:57:16] [Render thread/WARN]: Requested creation of existing team '09-Abuodee-false'
[18:57:16] [Render thread/WARN]: Requested creation of existing team '09-GD_DIDI_YT-false'
[18:57:16] [Render thread/WARN]: Requested creation of existing team '09-jesticc-false'
[18:57:16] [Render thread/WARN]: Requested creation of existing team '09-g1uc-false'
[18:57:16] [Render thread/WARN]: Requested creation of existing team '09-MrMilaano-false'
[18:57:16] [Render thread/WARN]: Requested creation of existing team '09-Doomed001-false'
[18:57:16] [Render thread/WARN]: Requested creation of existing team '09-_ihd-false'
[18:57:16] [Render thread/WARN]: Requested creation of existing team '09-cutiewsp-false'
[18:57:16] [Render thread/WARN]: Requested creation of existing team '09-LordToastman-false'
[18:57:16] [Render thread/WARN]: Requested creation of existing team '09-KingSebMc-false'
[18:57:16] [Render thread/WARN]: Requested creation of existing team '09-pandoruhhh-false'
[18:57:16] [Render thread/WARN]: Requested creation of existing team '09-ITauI-false'
[18:57:16] [Render thread/WARN]: Requested creation of existing team '09-Ikeacpvp-false'
[18:57:16] [Render thread/WARN]: Requested creation of existing team '09-meitsmeYT-false'
[18:57:16] [Render thread/WARN]: Requested creation of existing team '09-Fluxify_YT-false'
[18:57:16] [Render thread/WARN]: Requested creation of existing team '09-MinimikeCPVP-false'
[18:57:16] [Render thread/WARN]: Requested creation of existing team '09-Cactifyy-false'
[18:57:16] [Render thread/WARN]: Requested creation of existing team '09-Kamuzinski-false'
[18:57:16] [Render thread/WARN]: Requested creation of existing team '09-BluqoYT-false'
[18:57:16] [Render thread/WARN]: Requested creation of existing team '09-greedzox-false'
[18:57:16] [Render thread/WARN]: Requested creation of existing team '09-mavy_mavy-false'
[18:57:16] [Render thread/WARN]: Requested creation of existing team '09-Leroxcpvp-false'
[18:57:16] [Render thread/WARN]: Requested creation of existing team '09-Melton56-false'
[18:57:16] [Render thread/WARN]: Requested creation of existing team '09-iditity-false'
[18:57:16] [Render thread/WARN]: Requested creation of existing team '09-Daku__-false'
[18:57:16] [Render thread/WARN]: Requested creation of existing team '09-MayoTV-false'
[18:57:16] [Render thread/WARN]: Requested creation of existing team '09-Cryx_cpvp-false'
[18:57:16] [Render thread/WARN]: Requested creation of existing team '09-2pfp-false'
[18:57:16] [Render thread/WARN]: Requested creation of existing team '09-mejro-false'
[18:57:16] [Render thread/WARN]: Requested creation of existing team '09-Mik4s_dUgiRa-false'
[18:57:16] [Render thread/WARN]: Requested creation of existing team '09-FlashAlexMP-false'
[18:57:16] [Render thread/WARN]: Requested creation of existing team '09-knownVisitor-false'
[18:57:16] [Render thread/WARN]: Requested creation of existing team '09-MasM3n-false'
[18:57:16] [Render thread/WARN]: Requested creation of existing team '09-3ywn-false'
[18:57:16] [Render thread/WARN]: Requested creation of existing team '09-BabyBeetroot-false'
[18:57:16] [Render thread/WARN]: Requested creation of existing team '09-griperght-false'
[18:57:16] [Render thread/WARN]: Requested creation of existing team '09-Marlivv-false'
[18:57:16] [Render thread/WARN]: Requested creation of existing team '09-MijoTortilla-false'
[18:57:16] [Render thread/WARN]: Requested creation of existing team '09-LethalLukeYT-false'
[18:57:16] [Render thread/WARN]: Requested creation of existing team '09-MUSTARD1221-false'
[18:57:16] [Render thread/WARN]: Requested creation of existing team '09-Filipoke-false'
[18:57:16] [Render thread/WARN]: Requested creation of existing team '09-DaytonaV8-false'
[18:57:16] [Render thread/WARN]: Requested creation of existing team '09-Galactic_Alien2-false'
[18:57:16] [Render thread/WARN]: Requested creation of existing team '09-au4q-false'
[18:57:16] [Render thread/WARN]: Requested creation of existing team '09-okvain-false'
[18:57:16] [Render thread/WARN]: Requested creation of existing team '09-AArchhh-false'
[18:57:16] [Render thread/WARN]: Requested creation of existing team '09-Dwomix-false'
[18:57:16] [Render thread/WARN]: Requested creation of existing team '09-itzkorbz-false'
[18:57:16] [Render thread/WARN]: Requested creation of existing team '09-Mituka_-false'
[18:57:16] [Render thread/WARN]: Requested creation of existing team '09-Golbary-false'
[18:57:16] [Render thread/WARN]: Requested creation of existing team '09-LrexTTV-false'
[18:57:16] [Render thread/WARN]: Requested creation of existing team '09-fubol-false'
[18:57:16] [Render thread/WARN]: Requested creation of existing team '09-Artumpkin-false'
[18:57:16] [Render thread/WARN]: Requested creation of existing team '09-AmethystCPVP-false'
[18:57:16] [Render thread/WARN]: Requested creation of existing team '09-Mustard2YT-false'
[18:57:16] [Render thread/WARN]: Requested creation of existing team '09-JoseCPVP-false'
[18:57:16] [Render thread/WARN]: Requested creation of existing team '09-donutgaspa-false'
[18:57:16] [Render thread/WARN]: Requested creation of existing team '09-Ninjqzz-false'
[18:57:16] [Render thread/WARN]: Requested creation of existing team '09-EtlotOff-false'
[18:57:16] [Render thread/WARN]: Requested creation of existing team '09-ohcklee-false'
[18:57:16] [Render thread/WARN]: Requested creation of existing team '09-Ehxy-false'
[18:57:16] [Render thread/WARN]: Requested creation of existing team '09-HAMSTERKING_gm-false'
[18:57:16] [Render thread/WARN]: Requested creation of existing team '09-DownShot-false'
[18:57:16] [Render thread/WARN]: Requested creation of existing team '09-CoolDudeBoodle-false'
[18:57:16] [Render thread/WARN]: Requested creation of existing team '09-Makada2020-false'
[18:57:16] [Render thread/WARN]: Requested creation of existing team '09-BLUEGODISBACK-false'
[18:57:16] [Render thread/WARN]: Requested creation of existing team '09-AquaMC-false'
[18:57:16] [Render thread/WARN]: Requested creation of existing team '09-CrypticXYT-false'
[18:57:16] [Render thread/WARN]: Requested creation of existing team '09-As1atic-false'
[18:57:16] [Render thread/WARN]: Requested creation of existing team '03-W1zoX_-false'
[18:57:16] [Render thread/WARN]: Requested creation of existing team '09-JumpyGem-false'
[18:57:16] [Render thread/WARN]: Requested creation of existing team '09-2amLuna-false'
[18:57:16] [Render thread/WARN]: Requested creation of existing team '09-HendogOfficial-false'
[18:57:16] [Render thread/WARN]: Requested creation of existing team '09-HaitchL-false'
[18:57:16] [Render thread/WARN]: Requested creation of existing team '09-AlpBey3503-false'
[18:57:16] [Render thread/WARN]: Requested creation of existing team '09-Gavin422-false'
[18:57:16] [Render thread/WARN]: Requested creation of existing team '09-KlingMC-false'
[18:57:16] [VoiceChatAuthenticationThread/INFO]: [voicechat] Trying to validate voice chat connection
[18:57:16] [VoiceChatConnectionThread/INFO]: [voicechat] Server acknowledged connection check
[18:57:16] [Render thread/INFO]: [voicechat] Clearing audio channels
[18:57:16] [Render thread/INFO]: [voicechat] Stopping microphone thread
[18:57:16] [Render thread/INFO]: [voicechat] Disconnecting voicechat
[18:57:16] [Render thread/INFO]: Saving
[18:57:16] [Render thread/INFO]: Saved in 3 milliseconds.
[18:57:16] [Render thread/INFO]: [DONUT PROFIT/SCREEN] Screen Opened: Title = '' | Class = class_435
[18:57:16] [Render thread/INFO]: Stopping worker threads
[18:57:16] [Render thread/INFO]: [DONUT PROFIT/SCREEN] Screen Opened: Title = 'Play Multiplayer' | Class = class_500
[18:57:16] [Render thread/WARN]: Skipping cosmetics update for GameProfile[id=24888c81-c4cf-487d-8676-ec8abe3ba165, name=MijoTortilla, properties={textures=[Property[name=textures, value=ewogICJ0aW1lc3RhbXAiIDogMTc4NTM0MTczNDQ4MCwKICAicHJvZmlsZUlkIiA6ICIyNDg4OGM4MWM0Y2Y0ODdkODY3NmVjOGFiZTNiYTE2NSIsCiAgInByb2ZpbGVOYW1lIiA6ICJNaWpvVG9ydGlsbGEiLAogICJzaWduYXR1cmVSZXF1aXJlZCIgOiB0cnVlLAogICJ0ZXh0dXJlcyIgOiB7CiAgICAiU0tJTiIgOiB7CiAgICAgICJ1cmwiIDogImh0dHA6Ly90ZXh0dXJlcy5taW5lY3JhZnQubmV0L3RleHR1cmUvNjU3MzYxZDVkMGVhNGIzOGIwMTU1OGNiOWExMDg0MjVhY2QzMDk3NGZlMDM5Zjk0ZWU3ZjcxNzExODYzYTk3OSIsCiAgICAgICJtZXRhZGF0YSIgOiB7CiAgICAgICAgIm1vZGVsIiA6ICJzbGltIgogICAgICB9CiAgICB9CiAgfQp9, signature=GIv65YcMTtxa0tjnXjNCoTWBkeqzksUM+N5dmVKGNNb40lp+DISucEqb+yanW90hX/7xNOUHyfKBkxqZbRI1nQjIW8aRj6L/Djy7QAmPWY2OkT+X3BhB8Z6jlawpW2JYoj34RrgY0QGSK+WSPlMZ8CJDJWh0kUK7JfCBETrI0KXTyyGRLT+eRx6LGE0ikI0oJrcJYMF91MTzR8IblbzBsCm4ZR9yXvJ150R3DZspmNHitsBOXpoKkUJ6gmupOSRNIfRNl1FzDYxz9Igw52WswMXE0UcvZDEyyefM3JWq44yqf5XRHtjaWT+z9V98g5xyMkBx/qmyp0apkrcax2lAbm6jYH4TLT2dzFQo+uiuAhzoTHFtbdbqB+v0xoE1ZJX2UiUfVw54nP9Uir63acQij7q5YueTmP6JdtV51Svb/dXTKudeMWv58GEASoz3Nfc32qAG/yhLKhIVzE+P+5MEKA6/fTSm7ElJA3mnUTkmGHBLJx5zZNzgTEe+Dbk2LeCxADN7nduqWoUHyZDrNmeSnSyFIj+X6YiVlPFLA3ExV4Z2vBqyK9tZPo8/C4GE6NgtgegcgZR2ndQ4s5/APKtg1xPFa1wEwG4Aes+0Xrt1ISyaJfyHHlIfk959GmKT02EX1/DejsjXcOm/C9BMq/JXrx2GdTA+VJ8PX9FFHMi4jyg=]]}] (no level)
[18:57:16] [Render thread/WARN]: Skipping cosmetics update for GameProfile[id=d6665505-ebf2-4ed7-abf3-8a8673fea557, name=DownShot, properties={textures=[Property[name=textures, value=ewogICJ0aW1lc3RhbXAiIDogMTc4NTM0MjEwNDYwOCwKICAicHJvZmlsZUlkIiA6ICJkNjY2NTUwNWViZjI0ZWQ3YWJmMzhhODY3M2ZlYTU1NyIsCiAgInByb2ZpbGVOYW1lIiA6ICJEb3duU2hvdCIsCiAgInNpZ25hdHVyZVJlcXVpcmVkIiA6IHRydWUsCiAgInRleHR1cmVzIiA6IHsKICAgICJTS0lOIiA6IHsKICAgICAgInVybCIgOiAiaHR0cDovL3RleHR1cmVzLm1pbmVjcmFmdC5uZXQvdGV4dHVyZS9mYjM1YTg0MGRhYWY4YmE0YTNjOGJlMDE4MjE4MmViMmY3YjUyNDVkY2UzZjc4MmM0YTNkOGUwODRjNDg0YTEzIiwKICAgICAgIm1ldGFkYXRhIiA6IHsKICAgICAgICAibW9kZWwiIDogInNsaW0iCiAgICAgIH0KICAgIH0sCiAgICAiQ0FQRSIgOiB7CiAgICAgICJ1cmwiIDogImh0dHA6Ly90ZXh0dXJlcy5taW5lY3JhZnQubmV0L3RleHR1cmUvMjM0MGMwZTAzZGQyNGExMWIxNWE4YjMzYzJhN2U5ZTMyYWJiMjA1MWIyNDgxZDBiYTdkZWZkNjM1Y2E3YTkzMyIKICAgIH0KICB9Cn0=, signature=M/s1SgflzGSRBQm5kxSFWRCf8+EAEmuw1NaUzLngHlWsMut0gNZ2mxDWyW3v0dvtIrD4YadH+d3BI79lk369NrRVSDiKakbOgycNw6sUFRDwMpXvCbQcGubX18aG/b/6s88uuGw9L/YkaeadIH8RccxwvOOxLgC7r5Lt4nNYhj+oqOQgd2pqdtfBrX0nJWe/mH3H8/cclMQf7IKrMYYqWuuPxwWzoKmbbGa9DkyuQshwkF3M6sQ4wBq8ws9blywzGSXmMw07XVygI92AhR/NuCDnA4j2raDHmdHVsuzskyVr5w9iAbJw3yArQdzP5hJrpzKHki2Rc9iy2Tq855vHDUuFstOxqlyQjgEagynW9t6Ne6+3Fr6D9HyRrE9hCa8fOgQ3jexFRp8IvoSZKWivaSAxaBof/BdxNxEEl/5/T60ks71iMxHCIuXuDoTXoRitmj6VwxUdxGBL3mA6Gc5vPhZ0VWMbv/jTl4r3ampWH6ekglw4cJ1hTsfanh2mfxFVfyo1CbSGuWTGWEKO54r+0n0jHQ4XOd7ZATMof2XWqHFVO/hDVwVIQ7/kjz03xn09RLeDEFHsZSPy0KYaCixCuHk7RTf8rxPjNlQce2JUW4c9xiiGDX9ixosgi21rnHo1wuxBMfsfcC81pBOI5VMRcToVXYQs7lldPiSIUzl+8Vk=]]}] (no level)
[18:57:16] [Render thread/WARN]: Skipping cosmetics update for GameProfile[id=c54d6ef3-0e64-4d29-8aab-b6aa15e9ee00, name=LethalLukeYT, properties={textures=[Property[name=textures, value=ewogICJ0aW1lc3RhbXAiIDogMTc4NTM0MzgxNjIyMSwKICAicHJvZmlsZUlkIiA6ICJjNTRkNmVmMzBlNjQ0ZDI5OGFhYmI2YWExNWU5ZWUwMCIsCiAgInByb2ZpbGVOYW1lIiA6ICJMZXRoYWxMdWtlWVQiLAogICJzaWduYXR1cmVSZXF1aXJlZCIgOiB0cnVlLAogICJ0ZXh0dXJlcyIgOiB7CiAgICAiU0tJTiIgOiB7CiAgICAgICJ1cmwiIDogImh0dHA6Ly90ZXh0dXJlcy5taW5lY3JhZnQubmV0L3RleHR1cmUvZjRkOWM5Zjg1MzVjNWNiNjZjMjc4MWRmYWEwN2I3OGVlZjM2NWE4N2U0YTVhYWNlOGRkMDA2NzVlMDI2MDNlZSIsCiAgICAgICJtZXRhZGF0YSIgOiB7CiAgICAgICAgIm1vZGVsIiA6ICJzbGltIgogICAgICB9CiAgICB9LAogICAgIkNBUEUiIDogewogICAgICAidXJsIiA6ICJodHRwOi8vdGV4dHVyZXMubWluZWNyYWZ0Lm5ldC90ZXh0dXJlLzI4ZGU0YTgxNjg4YWQxOGI0OWU3MzVhMjczZTA4NmMxOGYxZTM5NjY5NTYxMjNjY2I1NzQwMzRjMDZmNWQzMzYiCiAgICB9CiAgfQp9, signature=r85D09x25hUDAXlq1PFzOiKwR47C/jTOd7W4XQZ7GDObN4zprO9/zZTzZ6Lnb2P3QTAmzQ64ieKoPn5J7ng9xyXOYNUwqVFkl16WWKWPa7jfhsoAdEuThA+Swt5Er+GJEhGUEQg6/OWUI6/qvNzX1AN8i0qp2RS1npLU2zpC2Zd4ah+6HTjpwO2euHtgALqIFVwvyCNbRJA2TgBArLHzm5GwCBo5w8x/Ygy3LmW5+qfns04SuQTcJ+yFxhT3utEUtq4tPt3Cj3PgmXI1M7bZIH6ILayC2RkxHg7rqATpFiBgdsRHOnq8oX2iqai7Y7thnNEUO6U7cco1ZksHuth6rUaf/uRhWWe1R6cQ013RXSNZlORFWk5bljJdwi3XGc+z4Acq4p/SD5bh70mi92d5WNJ0tDHuNQZzJPurWP3zL2J0ePTmtdNY2Ux2T90cGkoX1tZbOVRIUz1HRiXxwQxTIhaAqPL5m3y313IsXumJowYXGrBiW/aas0ZzNwoOuNz2GiObAC4N4VYAZbT5xxKyOthQecvPOTqoX5PmTbgbnztVH/ndEuUfvN0rZNmIeA+tnGI1z6KAA5SdaQMq3M84NXpBSza12JeuXkw/2mTMkUJ9ZtaZIBBEQbuR3eK+vpBCws6SKmnJsNxG5WYossKD0eHswDKlyw5c4DECXDlN7SA=]]}] (no level)
[18:57:17] [Render thread/WARN]: Skipping cosmetics update for GameProfile[id=57412a84-b002-4c8e-bd9b-8503389791e6, name=Cactifyy, properties={textures=[Property[name=textures, value=ewogICJ0aW1lc3RhbXAiIDogMTc4NTM0MjU4NzA1NiwKICAicHJvZmlsZUlkIiA6ICI1NzQxMmE4NGIwMDI0YzhlYmQ5Yjg1MDMzODk3OTFlNiIsCiAgInByb2ZpbGVOYW1lIiA6ICJDYWN0aWZ5eSIsCiAgInNpZ25hdHVyZVJlcXVpcmVkIiA6IHRydWUsCiAgInRleHR1cmVzIiA6IHsKICAgICJTS0lOIiA6IHsKICAgICAgInVybCIgOiAiaHR0cDovL3RleHR1cmVzLm1pbmVjcmFmdC5uZXQvdGV4dHVyZS83ZmY3NjlmYzczZDlmNGIzOGZjYWE0ZmVlODkzMDgwNTk5ZjU3NmJiMDdhNjFlMDNiYTFhZDQxZDM1NjY0YzJjIiwKICAgICAgIm1ldGFkYXRhIiA6IHsKICAgICAgICAibW9kZWwiIDogInNsaW0iCiAgICAgIH0KICAgIH0sCiAgICAiQ0FQRSIgOiB7CiAgICAgICJ1cmwiIDogImh0dHA6Ly90ZXh0dXJlcy5taW5lY3JhZnQubmV0L3RleHR1cmUvMmM1Nzk5NjhjNjRjMTcxOTc0MGZkOGMyYTQ1MTQ2MTg3OWIyMzgwMDI1NzRmY2U0OGY3ZDFhN2MzNmExYzdkNCIKICAgIH0KICB9Cn0=, signature=Vnn60o3l/p5QS9TRdrj/5r5ig4fiZnFYqvKr/29AyvLCeGIfVRZ+a54k6dJEjjqKuaTUiyeX0oWHC8zU/zcAK/7SMQAltXe6lOX6WQFzXwhQ8aUjeIsJQ1/6NACcTZ3XTg3fxMALv0qEw1onATEdiM+7TjlFAmHmTudqV8IGs6TgHCplQavjeNbYPTWg4/9L2UuKcPv5QqpWOgl4lCd6tJ3Nk6NqqATtD+/9WQvUDH1TrcCnRknrSvuJJoqG+K8WrKZHoHRX4ZuX31vVpzSaGX/GTRihB5wCKevJgE71AVjfGCM7SK6KbgkC58tJVDS4sftd1W7nAqyqfEmKIfWkiVu9Aa7Ai+phFH+MEUkCedy7ggrDVvN071um7bZfBLMSwqssg/l9LVMoQX1KKNQQ9maAC0NHiRF+FkSwiN2bs4MKf73wDdV6pziOyB+HqyOl3ncHoY2lXxo0VSH68MfU96bRDeRcCQMDSBXWH5kJXWJZRueAsX2yWgoWJI6nhSaeGJJoCxMwyEbDSFPa0CcLs0wwRKJrZriB4BX703agQM4eVIAaPEaMEG9MWNy0eZ61FgR0DNj4lwmtQ3M99yrVQzCM8S3EZFxqZNxuGQWFPKFJGFHaSbJ2U4o/7FF2TpS1Ijp8+E3k02rNM4szCVqXqxb20l3461pbpxd0cZ8cizA=]]}] (no level)
[18:57:17] [Render thread/WARN]: Skipping cosmetics update for GameProfile[id=9a66e2d3-724f-49b3-a03e-827ea8afaa3b, name=CoolDudeBoodle, properties={textures=[Property[name=textures, value=ewogICJ0aW1lc3RhbXAiIDogMTc4NTM0NDIxNTE2NSwKICAicHJvZmlsZUlkIiA6ICI5YTY2ZTJkMzcyNGY0OWIzYTAzZTgyN2VhOGFmYWEzYiIsCiAgInByb2ZpbGVOYW1lIiA6ICJDb29sRHVkZUJvb2RsZSIsCiAgInNpZ25hdHVyZVJlcXVpcmVkIiA6IHRydWUsCiAgInRleHR1cmVzIiA6IHsKICAgICJTS0lOIiA6IHsKICAgICAgInVybCIgOiAiaHR0cDovL3RleHR1cmVzLm1pbmVjcmFmdC5uZXQvdGV4dHVyZS8zNWI4ODBlNTJiNGIwODk2M2I3YzUzYmEwYmJlNTc5M2M2YjNmYTFhMThmMzAyYTczZWYxY2VhYTY2MGRmYTBiIgogICAgfQogIH0KfQ==, signature=ama7zOkhgPFFgPCCqle7BqqJLlfglDG0h5rXz6YHxH3m4HQ5BvK9tBYGLflJmsPhuc4X3rv1uW2m4EWZiPbRBrnNVv/JSuj9DKqhgAlbPWTFbHRMmDbmvOW7K3oAPgWZK3GKc2EXUqhIwnOgWpGqTlG73dt4rCDmiVPUPtI+3IRKlW3rg8Z5tYQvzYqgIXN/X8JLuTmxBAtwspYLm2zXJX80EUYW03xeZJYAW+GKFIbsrupcBSTxmp0M0xdL5nvGnQw5tSeR5kzkKyyiQr6ldbef4KRO1CCsPAMvRsRFcvQ/l60Ygw2s+iTlsWEy4AymPj6YSn+N2Dr986Y5xFCLll6Nr6xIhXSjyZENUgD7gJE/cIEA/vu9tXa7Y8QEGgkpsvMk4ATCLoe1XI0fAbGqE+CVLhHsF1X386ALPBCPrfnO5lue/il3xa8xbtor+XCfKnXjn+Wmeng6xj4XxUt5Re4YzsRVeCiigTaxxRurqwmBGjqs+glCPIFMiZao7mquhthune4LOxNw5KpqPC6cNTJPm6b6vkgQWlf4t9u/kJNUhmxIingkjVpKflOrb/Opfg6Wr584sZF090L0KsXWgQSLANoBW1PVZ/X+/EQWWH+JrO9cVRTeNaRO49zdNS1oEOCw+NNkMNhV0uIdDkV8A9TBHoaY9NK8CrTyYWb9ra8=]]}] (no level)
[18:57:17] [Render thread/WARN]: Skipping cosmetics update for GameProfile[id=da1ad28c-1355-4c10-934e-849e31bc2c9f, name=MUSTARD1221, properties={textures=[Property[name=textures, value=ewogICJ0aW1lc3RhbXAiIDogMTc4NTM0NDE5MDczNywKICAicHJvZmlsZUlkIiA6ICJkYTFhZDI4YzEzNTU0YzEwOTM0ZTg0OWUzMWJjMmM5ZiIsCiAgInByb2ZpbGVOYW1lIiA6ICJNVVNUQVJEMTIyMSIsCiAgInNpZ25hdHVyZVJlcXVpcmVkIiA6IHRydWUsCiAgInRleHR1cmVzIiA6IHsKICAgICJTS0lOIiA6IHsKICAgICAgInVybCIgOiAiaHR0cDovL3RleHR1cmVzLm1pbmVjcmFmdC5uZXQvdGV4dHVyZS9hODk4MWJmOTM3NTBkOTQyYmExZmE0YjM2NTg4NTNiZWEzMTJkZDliMzUxNmFkOWFjNmUyZjM2MDNjMDE1N2RmIgogICAgfQogIH0KfQ==, signature=Z7tANz4nKKkezcizjReZBfAPI8zoGXbrOfWDXq97oMNYI7/lx7R5bnghwtK+P2rnFOZzTxOXqIJGQSpnREmd2s8GoWrcQqMoUD2x5pBsfYGN0YLCSyhl9I3Uf+WtO2bZdegH3kicobhjT6NpAuJQAh7cYaps1DpBWH5xcEDOiOpGIAFfryySu0mKeEMs5aFhE+MkY7a1VdGYqceVAb9kjOnNCmd8FB8nShuYR5zfUetmqXU4Tl63emx4FcdQkT8j+WcOjc7TJpgwyi1ciXdy/di44IzspEtDv5alTj7BMe/O7mKUaTsCmTZi1OIKVnsPPpTj9rNaoop1vVYiCmS7L6TjGFkMcN31u+88Fz1pHVpHluupTYard42Gk1D1gFeR9Nwb+KwB8wSR2+PsCCUhINSX8jaEdETAaWsDEfWKom38742Kr7NBMyrev9/e0iQOuv5NnEVV6US8TOBdZDkuiAkcGUJKhvmfaMskCJJfne49AQLhO6P0Li/WSuEdgtN9UZ+x7q4BYOALpfwrcC4jRD7bT8UI53x8UGqy/cnsJRs+1P0k0q4rUlUeX+DKYD0fX1BA7MwMI+p3ZfAROvmc+6wX4evm3j8SBdyfh+P893rWuJCt25lSQA7qjYjSzcqbpCTdzXprQlaJFqxa1xoL/ckd101hwzL0A8/p1fGAfBs=]]}] (no level)
[18:57:17] [Render thread/WARN]: Skipping cosmetics update for GameProfile[id=20f5b60c-4f0f-474d-9510-945a69c3c492, name=MinimikeCPVP, properties={textures=[Property[name=textures, value=ewogICJ0aW1lc3RhbXAiIDogMTc4NTMxOTUwMjQyOCwKICAicHJvZmlsZUlkIiA6ICIyMGY1YjYwYzRmMGY0NzRkOTUxMDk0NWE2OWMzYzQ5MiIsCiAgInByb2ZpbGVOYW1lIiA6ICJNaW5pbWlrZUNQVlAiLAogICJzaWduYXR1cmVSZXF1aXJlZCIgOiB0cnVlLAogICJ0ZXh0dXJlcyIgOiB7CiAgICAiU0tJTiIgOiB7CiAgICAgICJ1cmwiIDogImh0dHA6Ly90ZXh0dXJlcy5taW5lY3JhZnQubmV0L3RleHR1cmUvNDU4NmVmMzExZDZlYThlNzVkNGQ4YTRmNzg5NWVkZTgyZDZkMGYyYWJlYTViZDlhNTQxY2RkNWIwNzczZTRmOCIKICAgIH0KICB9Cn0=, signature=UXQbTzzfbCjRSaxPxQSOar03OMMco7G3G2bv7Qbfw8EFJ+ouQNCzyhXORSlk5mVbL7YLpVBuH4L8+yueSVMvQg/7eZDMEbRqIZwXsC4U5wI6HI8EnStw8PajFgB570PsFnF1/d+g/JKTuXdF6x+QHU6t4xKPQ3a8aMSULDGy83wDgIhRIdr8V19/dpdmsdzJSgMRJ/gY/76+wQbPr44NKcOsgJjPNGzsRW3lGG+UfzLJDBDYOKHDww2WEJ3VEoXRv2Gl2L7SmCcSz69wtojudt3O0Qj76N9eO1DDwbMbeUUMkBLHonRspHuCdis1pM8U5WmNDCsZCWK9WEYfNyB4ZHZZ1vRCUwWrg2u6sjVCVmNjKySizgih8mMxotLfguOSVsKqc812fFzrxp2XO/H0d0bOHEw1GuHpQ7mpB1nyPlVoBSTItRTk/AzuikPDSxETEEwUfWYrwTjj6SLhVCa3D5ENwqaEIRXXNYkJWFXOE8KLK1jTXV4RjS98+wk+OPAL6bmkdWADRt/x34dqg5+T6qxplNORBpluyu0jnU/aZTFpiVLmFYI57CJ9K9wJFdgbvvNuvqPz/gSdQzuIZ+uVyZSmzbGro5H8ne2/2gOF9BJp3ZZWBZg8LJzK47dvEHqr5h3mlGxRxACLmmhuiMVorUA6cHsDz7PtThPteWYLn+s=]]}] (no level)
[18:57:17] [Render thread/WARN]: Skipping cosmetics update for GameProfile[id=aa4bfe5e-3a96-49d0-91d4-f568ada9d067, name=ciation, properties={textures=[Property[name=textures, value=ewogICJ0aW1lc3RhbXAiIDogMTc4NTM0MjI4OTg1MywKICAicHJvZmlsZUlkIiA6ICJhYTRiZmU1ZTNhOTY0OWQwOTFkNGY1NjhhZGE5ZDA2NyIsCiAgInByb2ZpbGVOYW1lIiA6ICJjaWF0aW9uIiwKICAic2lnbmF0dXJlUmVxdWlyZWQiIDogdHJ1ZSwKICAidGV4dHVyZXMiIDogewogICAgIlNLSU4iIDogewogICAgICAidXJsIiA6ICJodHRwOi8vdGV4dHVyZXMubWluZWNyYWZ0Lm5ldC90ZXh0dXJlLzFlNDk5ODQyN2Y4Yzc3YzAyN2JhMGE2NDBkMjU1ODdiZjcwNGY4NDc0NGRmMDMyOWZkODdiZmIwNGI2NWYyMWQiLAogICAgICAibWV0YWRhdGEiIDogewogICAgICAgICJtb2RlbCIgOiAic2xpbSIKICAgICAgfQogICAgfQogIH0KfQ==, signature=jRq3WcAdDjPoNh8tyVAdLGwo5ij7EMrEZObv+UIIv5mfK3KOgJ5V0dAoxI2xal+Aft0m4mNwhudOu5J5vUf9GKE5QROiq0NDre/JbQKE1SuXHun9DeX7NEfPnLZyUuLq0iypMIsSDhEUxLe/J5HF2fxVgyy3on/3BaJS6pQ96NQEQIM94obDLIi5Q23t5HV9anWr/P00TQ3lH4q/KxBN3wtMcOR7r+a7wIJCv+48zB1dqiDleFjhJnHftWgYDQBaJWyjRhZkTR+ab4gY80yVwGNS/iNpOPGtGRnL2MhYVyFLqAisdRbvNp+x5E36SuapvMynZ9GAlo6kG8QTTS/I4BSAV/zUR5Mb2IrejCc9wtpW5cOuYDIELHhsLswm5tAYMrDBwc/ys12jAu+9OCg1z5Xs6MO2seR3De8POAUNOx4z0HYUVwBLCg/fzx95tqAJdZduEbIQ5fIV/xcXbsF2VTeGX5SxKbSafGW4dqXXCiT91qrnCIOqlWh+Pk2eIrjixVSqkcc3FlcQe6dfyj+LgVdGNNdP6Cc0rLrC1I7MpiDgl2Vt1PQDzDcJcLkCtUO+T8DlnwZyvNCD5v5QCoe/EBiLuQDc+c3ad7OdXqbvhZfYfXI94tdvcMAZfIcfsjvir5iMSWxx7WKN0Zwa6vtfjwsMR89KFTAdXRZfQ1DQpso=]]}] (no level)
[18:57:17] [Render thread/WARN]: Skipping cosmetics update for GameProfile[id=76e7669e-9b7d-4f6b-963d-9f79f16e1ee4, name=Kamuzinski, properties={textures=[Property[name=textures, value=ewogICJ0aW1lc3RhbXAiIDogMTc4NTM0Mzk2NDQ3NiwKICAicHJvZmlsZUlkIiA6ICI3NmU3NjY5ZTliN2Q0ZjZiOTYzZDlmNzlmMTZlMWVlNCIsCiAgInByb2ZpbGVOYW1lIiA6ICJLYW11emluc2tpIiwKICAic2lnbmF0dXJlUmVxdWlyZWQiIDogdHJ1ZSwKICAidGV4dHVyZXMiIDogewogICAgIlNLSU4iIDogewogICAgICAidXJsIiA6ICJodHRwOi8vdGV4dHVyZXMubWluZWNyYWZ0Lm5ldC90ZXh0dXJlLzE3OTBlYWNlZTY5NjkxNjA1OWU3NDY3ODA4MGIyZDBjYzJlNjE3NjI4NTlmNzZjYzU2NmU2MTg2ODRhNDYxMWYiCiAgICB9LAogICAgIkNBUEUiIDogewogICAgICAidXJsIiA6ICJodHRwOi8vdGV4dHVyZXMubWluZWNyYWZ0Lm5ldC90ZXh0dXJlLzJjNTc5OTY4YzY0YzE3MTk3NDBmZDhjMmE0NTE0NjE4NzliMjM4MDAyNTc0ZmNlNDhmN2QxYTdjMzZhMWM3ZDQiCiAgICB9CiAgfQp9, signature=q+fsvqdZJ4uN7oxyqT7bOEiLJP5pUXGSnElFzviRlUmcPAWIoi/+G+S6ZS8fdp6k/qDJefs8ZjpYBNYlFk0uSS84ZSHU088gaEMlUDu1HKGQRcqvx4g4Cjex6Y3ieCzYLqnvz+BZYEutMDJFwd29EilTtmaD+nNu0X1EvomtHcdUZ96YK22YamGz56u1wLkQtooHUf2gE6MPRtsHu8gl6IIn83mw1/g3y+FpVWK0LIDDsBZQW9goamwbi/u0hjVhyXFKgnI6Yah8XG4AO9Ism7lEwXyCt2z2LPDx3u+pHUhx/TxjCH0zymDSqDL5RAyjuC4z1D2TlwRLJFU+D7zRfBnTzQ9AwwEuPG0ia44nVT77BYs1yF0llnEzhXKZFNA95ZyRpn+7KbaqpiZyIAqgxfjH9ncAFTDIyuSDVezKChV6p0BWJ/EPkB/5PCTMwBdV/JLdZvbyZnzTIwjENOUiynxe/A/apKB59E2KfTCFFU8LhXkr2WVpaUBwW3idMXsaooyL/xhMdn3FlnOy29XOiz89N2APEo+V9Ltg/34OJdfvB9YGQ0AIsQUv4zsWpRNsOwjHUn8TzRBUk84j4FWrZzEm/ENrptGjjJUl95qhouc3rikLZvCobus+7+9u2X2WbcDXIzWbjfCGiOEfvcPMW3HwQwTVFA52M20LuPLnUlk=]]}] (no level)
[18:57:17] [Render thread/WARN]: Skipping cosmetics update for GameProfile[id=13b7bba6-a117-4a54-908d-97c2894f9373, name=DxP1, properties={textures=[Property[name=textures, value=ewogICJ0aW1lc3RhbXAiIDogMTc4NTM0MzkyNTY4OCwKICAicHJvZmlsZUlkIiA6ICIxM2I3YmJhNmExMTc0YTU0OTA4ZDk3YzI4OTRmOTM3MyIsCiAgInByb2ZpbGVOYW1lIiA6ICJEeFAxIiwKICAic2lnbmF0dXJlUmVxdWlyZWQiIDogdHJ1ZSwKICAidGV4dHVyZXMiIDogewogICAgIlNLSU4iIDogewogICAgICAidXJsIiA6ICJodHRwOi8vdGV4dHVyZXMubWluZWNyYWZ0Lm5ldC90ZXh0dXJlLzU1ODQ5ZjQ3ZmI3MTI0YWFlOWI3NzdmZTU4N2M5ODJjMTUwYTE2YjcyOWMwMzU1OWE3NGEzYjNmMmVjNjAzZWQiCiAgICB9LAogICAgIkNBUEUiIDogewogICAgICAidXJsIiA6ICJodHRwOi8vdGV4dHVyZXMubWluZWNyYWZ0Lm5ldC90ZXh0dXJlLzJjNTc5OTY4YzY0YzE3MTk3NDBmZDhjMmE0NTE0NjE4NzliMjM4MDAyNTc0ZmNlNDhmN2QxYTdjMzZhMWM3ZDQiCiAgICB9CiAgfQp9, signature=MIZF0uQMmvCQ4YCi+yWMPwsZxAVCePnSTUP/sjKKrWWIkqWLNjK0lJL0W4Xrgk0NdYp26/ZGUUrrst8txpUv6Fitf4fjmbDIlx0tFkA7jtrf4BHhvYd28qI43G1DcaW6YOCJolBm8uKodU1zY9ywwO0cYOma6JHVXPI1u4ZMRfmV+NhsYB2SxxyYCFWzzOO0XkJaOA7xA+uZoX1MtiF5k35aoZYHuJ7ixU1QkLzWdj7tfXLhK0vg1xPz4pEeG3vj9cn86de+r5Y6pidLnhHYhBGUe2XmC0tfiS5ifz6qPWVORzYgGroad9ZntyPHodVCF8G3GBi+OTlammgQhc4mL8RnHnZNeJHBNEC1N6u2lqDbLAVK5RSwTWnj+TcOQe87r4Z0TuPBGStxW7roPJbKWW0sNlLBpwzo2/BZN7KfMW8ah0ECQd1ULwImrigy9Zrw0lVmc1xDLga7op1xFq/xNaU3JJ9eYmCwbY9XO6hoykTAcLyXE3eUfuU41LgCvqMBrJVda4w6buRTAvqOGTA0JSprLwHIkxx3SwaTIxeDqjm7xBRVvZ4Zr/1KIV7R13ON5iLRDX+Yb2eug+YecINxM62zpOak8yL5kmMoyIIK7225EMgymiHyWEc7xUnlCLN0Xm6DC2ulxPFbJDgN0W1EDgGTmkq9l6xtrKrXMJ2ioXA=]]}] (no level)
[18:57:17] [Render thread/WARN]: Skipping cosmetics update for GameProfile[id=a9b31535-6e08-4c1f-9dd5-a09b099ef562, name=Filipoke, properties={textures=[Property[name=textures, value=ewogICJ0aW1lc3RhbXAiIDogMTc4NTM0Mjg4MTMyNywKICAicHJvZmlsZUlkIiA6ICJhOWIzMTUzNTZlMDg0YzFmOWRkNWEwOWIwOTllZjU2MiIsCiAgInByb2ZpbGVOYW1lIiA6ICJGaWxpcG9rZSIsCiAgInNpZ25hdHVyZVJlcXVpcmVkIiA6IHRydWUsCiAgInRleHR1cmVzIiA6IHsKICAgICJTS0lOIiA6IHsKICAgICAgInVybCIgOiAiaHR0cDovL3RleHR1cmVzLm1pbmVjcmFmdC5uZXQvdGV4dHVyZS8zYjU2MjU1YzBlMWFiOWNlNjUwZGQzYWU0YmVhZmZkNzE4MGEyMTRlNTg4NTBiMTc3MTdlZGJkNjc1NWU2ZTNkIgogICAgfQogIH0KfQ==, signature=JfZrspTAhL+gxY1uNokE/6sAl3GLLPy6TYyV12ZHichE7i2XjJ7R2poApcOEdc4oz95niqoEsV28SLWpYcGbAnahhn8XWwIAALBRwwlUMfyKqlMY0ogQyEuKs3F5jhaeq+yxiZvxyi3EDYIYIDMR4sww+bkRbqyQicgml1x1Hkch0jYG50rs1EnkrQ+x67uYNS9Q+21VsHMUSYNfUXUusX4EIw+Svw04nwir7rlk0KPEa6yd7ocNpwwm7X5rS8988DoI3AfEzDuJs3VX04P572ouzC+pYb9+Asr5ZPY4YbjBt2MuzyPhCdBapbtKVly9j2MsqktdaH4W/XfRKqGmHr9VagWj25wBKAxryVFNFzFoKMx6HfVXVh0rF8VJ82i1EPzsHbFPnkl2ULV2b3AoHRwEe0XZ/zAxHsgEQWWGtNzcg5Ihuz/oaiAxW75kAeO2b6pzAgBC0QoYF8Yv7UYQYnLq+gXBGMT4+xRYrbzerw8vqAgFcs+0KlUmhhv1CCa94m2ZCbPCc9CrrR71QuPAWnTYCU2vG1IRGrRGcPnGr8ozyQpQUepG4XOPlSoHKUNc1xFv4Z2o2FLlzrlkXBBznq6yyRUeChQ3dmTht99HicS9VrNyfXN5yDI6Vr5y8huHhVUHZM5Y6nDKA37exo+C4srHCaUldPEFZr6t0mbSRrE=]]}] (no level)
[18:57:17] [Render thread/WARN]: Skipping cosmetics update for GameProfile[id=e44e6cb9-8ad9-4f6c-852b-1bf274f1d1ce, name=BluqoYT, properties={textures=[Property[name=textures, value=ewogICJ0aW1lc3RhbXAiIDogMTc4NTM0MjI3Nzg2NywKICAicHJvZmlsZUlkIiA6ICJlNDRlNmNiOThhZDk0ZjZjODUyYjFiZjI3NGYxZDFjZSIsCiAgInByb2ZpbGVOYW1lIiA6ICJCbHVxb1lUIiwKICAic2lnbmF0dXJlUmVxdWlyZWQiIDogdHJ1ZSwKICAidGV4dHVyZXMiIDogewogICAgIlNLSU4iIDogewogICAgICAidXJsIiA6ICJodHRwOi8vdGV4dHVyZXMubWluZWNyYWZ0Lm5ldC90ZXh0dXJlLzdhZWQwZGM4ZmU0OTMwYjViN2E0OTg1Nzc5ZmEyOTE1MmJmM2E3ZTU1NWE1MGU2MWE4OGZhODg0MjQ0M2M2OWUiLAogICAgICAibWV0YWRhdGEiIDogewogICAgICAgICJtb2RlbCIgOiAic2xpbSIKICAgICAgfQogICAgfQogIH0KfQ==, signature=ZFnHRoG2S3az3CxC7QYwSvI+rVAWDpvPIWmSxPtMqjiwJo+kIV9biaE6JzTZZ0Xll+HHqNEQtuZW4bPJfgwlb8yNSP8x+hiOuh0qgGx399iclLTOEV4B55MNKLvlw82hABBdCP8461YUVQKmdAwvooT/mx/Lr6enML1K0Z2HGR1nicr24taYIqW37Gx+4wrvBnyt55iHXpoqCstbxV+j2Lc/paaiD1C9KyEXnpEprHhZbQRDfmXUeteP4CD+gr040ZWALQ950x13FjIlAtx2r9IIoR88Nz5nYSvX5oO0+N2c9ORX7Vsbc/kylxb6/VmnZ3Yds1HnZxevII0i3cPQjZJuiIHWNXrwZzSRftIsI3cLFrTxlIBpOmWkq38usrX1ll/gQTqo/aQRBHd+2lel9rmSAb9ERjOrWcEepHAHSMCnzK6PmlAQ2VjpQW+wLdsmnfu0Ao24MqfhYpl6Pg7sxEk6cjigwGx7jJcr7uyLQrsKUvWA1IUVG67N9FqlFpe5TGDvj+PkzKJWTzBUUeeK2lXZquzH4HCb4MmI2d7XO8+yNXPexPwpR9QuMVTKCpSwtCg6rlBswNPqKfZbA7g9zMxGv0Epnfo+Q+JU+nBXLeRf+JEg+yJsbKLJyqoJoo+d0cMVI7Q8f7CqIuSOPHhuAY0NZsGazKO0qe+EE4vtBEw=]]}] (no level)
[18:57:17] [Render thread/WARN]: Skipping cosmetics update for GameProfile[id=df1760f1-279e-4a06-a51c-cb3a2e3007cd, name=Makada2020, properties={textures=[Property[name=textures, value=ewogICJ0aW1lc3RhbXAiIDogMTc4NTM0NDIyNDc5OSwKICAicHJvZmlsZUlkIiA6ICJkZjE3NjBmMTI3OWU0YTA2YTUxY2NiM2EyZTMwMDdjZCIsCiAgInByb2ZpbGVOYW1lIiA6ICJNYWthZGEyMDIwIiwKICAic2lnbmF0dXJlUmVxdWlyZWQiIDogdHJ1ZSwKICAidGV4dHVyZXMiIDogewogICAgIlNLSU4iIDogewogICAgICAidXJsIiA6ICJodHRwOi8vdGV4dHVyZXMubWluZWNyYWZ0Lm5ldC90ZXh0dXJlLzFkOTM1ZGM0ZDI4ZTI4YmUxMzZjMDVjZDNlMjk3MzVlZWU2Mzk2MzAzM2MwZmRkOTY3NTFlNGQzZTQ2NWQzMDkiCiAgICB9CiAgfQp9, signature=WNrBksuPcwfKxdGh9C0EkbbBvEdnYY+e4vV60xiSsJAvs2CWx5Bx1jCAsnQwJfvoRbtht6d67M2Wz/6/Kb3c7wX9JU/HoxITDo2uZ5pBPkUBpF6F16mZaoVSJsAP1h9tjYAlqc5kku7Rx/mWHcWVefI2JKjgscH9rTB0lGOTMCThKvZOdyJ6lyg25VguHHQQGADdqzRJQsCZOzANy77q0If7AK5lE41/9IN4+m84bCU8af6HlqbQQCivrFOJ6fLjiyUlC4QQs1NgUycWBIuqXIIUEIji+4wytyRq8h86QGXYGUJjfQRYYUJf3hcjwcbjbvHAakD6F4mXkXy5kRbK/tBm8es732aZoGIgYKQfTCljuEugOt4KxVKmqBZ8zhnErwLrT6ZP4gjmtmSvrZUT1BdH5C9I2Ho5k6SAfYxbUu6DigF7JDcZ6qfeu6no7jPK5Ig3vh089mohEmuzqdjNEUnFDM5Mmk0E+x9EFUCll4ubPm8+Yml6kPrTMG1Gc3AjmDP7y1wtVlwLHor862xyusDAUNzioGoVjZevyfROW8g/HUIuXlM5XD35HD6V6Qenr+SwMl7BSX18WaEo1y4l+XYUlDO0n2aX/00JK3C/XIjlww204HHxI2T1mepUf4H/ani8MenxqKfPxFbVY24ZGO7JB/HseUk8EW6gqVR8g3w=]]}] (no level)
[18:57:18] [Render thread/WARN]: Skipping cosmetics update for GameProfile[id=bf063c53-47bf-49fb-bed8-cf8531fec01a, name=BLUEGODISBACK, properties={textures=[Property[name=textures, value=ewogICJ0aW1lc3RhbXAiIDogMTc4NTM0NDA3MzQyMSwKICAicHJvZmlsZUlkIiA6ICJiZjA2M2M1MzQ3YmY0OWZiYmVkOGNmODUzMWZlYzAxYSIsCiAgInByb2ZpbGVOYW1lIiA6ICJCTFVFR09ESVNCQUNLIiwKICAic2lnbmF0dXJlUmVxdWlyZWQiIDogdHJ1ZSwKICAidGV4dHVyZXMiIDogewogICAgIlNLSU4iIDogewogICAgICAidXJsIiA6ICJodHRwOi8vdGV4dHVyZXMubWluZWNyYWZ0Lm5ldC90ZXh0dXJlLzRjNzkwMzU4YmQ1ZTZjNjdlN2VhN2E3NWQzNjBlN2YyYWFkYWUzM2RhM2IzYWJlMzc4NzZjMTExYWI2OWE2NzIiLAogICAgICAibWV0YWRhdGEiIDogewogICAgICAgICJtb2RlbCIgOiAic2xpbSIKICAgICAgfQogICAgfSwKICAgICJDQVBFIiA6IHsKICAgICAgInVybCIgOiAiaHR0cDovL3RleHR1cmVzLm1pbmVjcmFmdC5uZXQvdGV4dHVyZS8yOGRlNGE4MTY4OGFkMThiNDllNzM1YTI3M2UwODZjMThmMWUzOTY2OTU2MTIzY2NiNTc0MDM0YzA2ZjVkMzM2IgogICAgfQogIH0KfQ==, signature=kK5vpGDo3n6AzeWLNbLCiWudYELEZUCyQOSEk3WG87mz1/+bD0dGkuEAWgSYJEaOVty8Dr966zb+hIbrkpbp60TzK1/Ofpas3n1u5wetjh6W+Pmko6ukJzbJoSZE3co4dLfKX0F2znr8QYgjpHrspXJaJCxmOb0m6OSHRmk7g7XSAibgrmITuwU3Myct1iNAK+x1lZH1bW8tbVeHdDG0HAqMe0oLKY5OVBbK7Ks5sy3eLmrHcGDSrXxLuSF8bYyrP6GXt1kaB/5Z6tIKFVQyfJ5uUyqjla2fhKtmVHRJExK4LYJPdxK86QX6M7Abb7xd9o6C1KTdiCje7YZPNR9cvvtDP99I5bNOOXkxFWEK7RYgtWKYdqjV6Z1H7BV96nH2LBkSAK8hbSPYyMGJIBQX2JTzoYnSVlFOK45bxISPgK00cV3f6N2YcuSsCsmpUssPnchowVMksSuIgZfV9gYGX4GoXmLL+2ZCmLO+b0YiSYIzI1wnu12ZP5me04YT3e1pT5nKP2I01Um6i+cNFxw7dtSU3yI2DmLVQo7IWxHUeh058OD1EZ6f1elX6IRYAlg7Ifwa6Uzj61GlI95j2y5RA0ZcqZGzU+jWtHPSnrLiDTZGvehXACxLywMllCew5MLIJdfqjrswdMM5ZNxtjeiH/2a3p96GmUW3NL1wSA97peM=]]}] (no level)
[18:57:18] [Render thread/WARN]: Skipping cosmetics update for GameProfile[id=4167c17e-2219-432c-be31-e2b2aae359ea, name=greedzox, properties={textures=[Property[name=textures, value=ewogICJ0aW1lc3RhbXAiIDogMTc4NTM0MTUwMDYwNiwKICAicHJvZmlsZUlkIiA6ICI0MTY3YzE3ZTIyMTk0MzJjYmUzMWUyYjJhYWUzNTllYSIsCiAgInByb2ZpbGVOYW1lIiA6ICJncmVlZHpveCIsCiAgInNpZ25hdHVyZVJlcXVpcmVkIiA6IHRydWUsCiAgInRleHR1cmVzIiA6IHsKICAgICJTS0lOIiA6IHsKICAgICAgInVybCIgOiAiaHR0cDovL3RleHR1cmVzLm1pbmVjcmFmdC5uZXQvdGV4dHVyZS85ZDBiZTU4MWI0YjEzNjA4ZTk1MWRkODBjMDJmMjE3Y2Q1NjY4ZTZjNTU1MjYzYWM1YTFiNDE1Mjg2YWRhMGI0IiwKICAgICAgIm1ldGFkYXRhIiA6IHsKICAgICAgICAibW9kZWwiIDogInNsaW0iCiAgICAgIH0KICAgIH0sCiAgICAiQ0FQRSIgOiB7CiAgICAgICJ1cmwiIDogImh0dHA6Ly90ZXh0dXJlcy5taW5lY3JhZnQubmV0L3RleHR1cmUvZGJjMjFlMjIyNTI4ZTMwZGM4ODQ0NTMxNGY3YmU2ZmYxMmQzYWVlYmMzYzE5MjA1NGZiYTdlM2IzZjhjNzdiMSIKICAgIH0KICB9Cn0=, signature=brMTZA6Xd5gL/0yi9U1tq1dtkxFP8V2RHvaKsjHCJJcjFSJrsM6zZCaBVmjVZzs5OxhnvHxayM9UNXZRmnJgXveKbGpuXMpVFNdcaXZ7MhnHsFjYkonU0wCWl6YLpuxyNV8TxA4B0URE1BWSnaqsR1cdrtkgtP16w1OtuXig9SAqYIHsttO2kvOGnGCL97EWkH1XUWRIvPE9mkvGVrb6JUJAowQ/xlHU27xBP+lLrCh2Xwab4ejSDeXiajg5HVnr+0anyTvyQg/0q/LF4Y69IL+3i0g7n9Z/VRvlAP7AzYRNLwzLaP2U7jDG8/oEQANfkrXBltoiqdeS76hrzJwliiCNiUVVSnQWybZFcmELCROuk77JoovGX1/Kct/UB3Avdh7b5AgSfPrj5TmFdlQ0EL6D1kjWGTc9yI9YtR+3fPAKA/atYmWM3ztMvw5rsy8A74yNPujq4DBymn/+4vq6KyE7QinKMQMR0R5VvlIBkmhosv3XZN+aDisejJbmAplhU6mhXE1f+/L3OnWjqV6u1VQJD6YiiXTilnGfHELgrvmLaKM1PY7RKg945ddCG1wTZ4luxYGG+hVIKKx0J++d/ayfPnxC/SN4I2kFGPryoJVqZIIW2w+qZp0ewwhogNcjb/t7gs74ZfgbWSsJPCHvs12LRFVv0EDWsnisj+2HA3c=]]}] (no level)
[18:57:18] [Render thread/WARN]: Skipping cosmetics update for GameProfile[id=ea5daa37-c693-42a5-8efb-31747e561f29, name=Leroxcpvp, properties={textures=[Property[name=textures, value=ewogICJ0aW1lc3RhbXAiIDogMTc4NTM0MjkxODM5MCwKICAicHJvZmlsZUlkIiA6ICJlYTVkYWEzN2M2OTM0MmE1OGVmYjMxNzQ3ZTU2MWYyOSIsCiAgInByb2ZpbGVOYW1lIiA6ICJMZXJveGNwdnAiLAogICJzaWduYXR1cmVSZXF1aXJlZCIgOiB0cnVlLAogICJ0ZXh0dXJlcyIgOiB7CiAgICAiU0tJTiIgOiB7CiAgICAgICJ1cmwiIDogImh0dHA6Ly90ZXh0dXJlcy5taW5lY3JhZnQubmV0L3RleHR1cmUvMmIzMjZjNzZhNGYxZDk4ZDg0MzIwNmY0ZTc2ZmJjOTBhMTEzMDMyNzRmMzQyM2I5MzZhZTc0MTVjMzY5NmY5YiIKICAgIH0sCiAgICAiQ0FQRSIgOiB7CiAgICAgICJ1cmwiIDogImh0dHA6Ly90ZXh0dXJlcy5taW5lY3JhZnQubmV0L3RleHR1cmUvMjhkZTRhODE2ODhhZDE4YjQ5ZTczNWEyNzNlMDg2YzE4ZjFlMzk2Njk1NjEyM2NjYjU3NDAzNGMwNmY1ZDMzNiIKICAgIH0KICB9Cn0=, signature=UYr2cF1ve2i6wEaag+aSh+nN4+480DeLWNUMTsyWzQldZ7/uzGIQvIzgdc30ua3sVoiMpQ/JIjzO1iJt1mWmvjTx7xbhRj/hw9hAnpSGG9+pOUcCciI4rExs03ZZ5WiIPFduALQwZGfoNsnYo5Uu5O/LoSC5hXoU2oKuKgPNqBhtqk1pcH1GxywQDEUBX/olXwH/NM/CWbWFkxRBjh8STdThlUriyU6xt3lYPFHEoj3oTrWt3DbY3CpZr7YNm9Bp7SXcxfqQ6Mw8kBYK9ba91eAA5GMeXc1X4/hQZ35KxVyhX19ECfDbE5WmiuSOGlPKd3AtQe12zA8uaM7NFQuwzr+C0bTIlMf6cv5htKnOzvrWnc5ya2A9V/lnp1pl6A96xg5z8+8/KxmP2/Eqy45vSPBA4K6UPpQJTbcNOcKV4czQXvQcGOpJyTK9BKAvqS1VEL15kHMXhFPb7/UpS/utCGuXZFchg0627dOiu7TInB4Mjg1e4bJXlZPV1A4wg0oYFtpeNmzoKaMhx0b/PwstdfOEVisQ11SGtQy0kga9ydW9mtpiu01+EPAoenh1hIozQ9KzoBu8MfrMtYWlGLvuqVkPxKAwoBsDHeaG+XiTmzhTIm158xiohcnaM8JUQhyCyG7UzU/idXWCgahzN9ql4trOa0YweNxrTG73wBgfBj0=]]}] (no level)
[18:57:18] [Render thread/WARN]: Skipping cosmetics update for GameProfile[id=8464bfc2-5efe-4f8e-ab28-000955641aba, name=Adamzhere, properties={textures=[Property[name=textures, value=ewogICJ0aW1lc3RhbXAiIDogMTc4NTM0MjcxNzg3NywKICAicHJvZmlsZUlkIiA6ICI4NDY0YmZjMjVlZmU0ZjhlYWIyODAwMDk1NTY0MWFiYSIsCiAgInByb2ZpbGVOYW1lIiA6ICJBZGFtemhlcmUiLAogICJzaWduYXR1cmVSZXF1aXJlZCIgOiB0cnVlLAogICJ0ZXh0dXJlcyIgOiB7CiAgICAiU0tJTiIgOiB7CiAgICAgICJ1cmwiIDogImh0dHA6Ly90ZXh0dXJlcy5taW5lY3JhZnQubmV0L3RleHR1cmUvYzYwMjViNTgwZTEyNTkwNjFjMTg3Y2QxYjNjMTNiYmYxMDMxMGZjZDM2YzYyOTQ3OTMxZDU1ZDA5MWEwNTllYyIKICAgIH0KICB9Cn0=, signature=rpv7+hHmFeMYK+nP+7yeWJvrz8LE3gUeYs1tGHKPwW8dzYEsZyTsSNc+HqeAL2wcLOWGI3AkK8x83zrD0RUVCcPrSvOhl6z8/Gju+pkDQU84+VcMusoybGFioWVc4NqAd8LhxUGjLDkf9g8LUC3fnVQ95eXtSV/OnDZ8skbMvc0HPYiskKAJMbE1F8uISL8BdeP7zPXZtWsSI6HDzdm/is/fMKLYIYc74lHY1pPh6Xz+eavHkEH/1p01fFTRUg3SK6xT0QG+2OLdOTYEuavEA2ZRvUMgOZBGX9tfPhhSvFGB27QKQbsBkaf+WVNOIrVO9k/1zYialz9njaHpp7RrafEiBGK9tv95iOe7VpRur5JbSOXs8X3YIsdrI0qCs7IMX5aBWkIVtMrn7KxH9PGQ2MtP/1jC4rlmY0AmzHZPHBnV60wfAyDMDGEE7rS5c9pBaXTy3iy8jjnO5WqhXDvEFRGiYZHq3++X8UWfbKjQzIiexYC/Jq0uVrID3gyah0Pg8+/lGvUhFJXgmH0Iu+WDP8eMRNJ/eGUHQ4dlzaB5G4oVF9Mw3xWeUVrnDE+q8rZlJjI81nobmK/hCaxRMk08odwi8DZ33oOgDtquOU1gltUOI2C1OiT3bWNoKwGCbx3qtIxFLWSQp9IcjQc6aGqECFA7hiSTii16g2qTPsZzKFw=]]}] (no level)
[18:57:18] [Render thread/WARN]: Skipping cosmetics update for GameProfile[id=df56978e-be79-4018-9059-c6c92b3c1fbe, name=mavy_mavy, properties={textures=[Property[name=textures, value=ewogICJ0aW1lc3RhbXAiIDogMTc4NTMzMDQyNTc4MiwKICAicHJvZmlsZUlkIiA6ICJkZjU2OTc4ZWJlNzk0MDE4OTA1OWM2YzkyYjNjMWZiZSIsCiAgInByb2ZpbGVOYW1lIiA6ICJtYXZ5X21hdnkiLAogICJzaWduYXR1cmVSZXF1aXJlZCIgOiB0cnVlLAogICJ0ZXh0dXJlcyIgOiB7CiAgICAiU0tJTiIgOiB7CiAgICAgICJ1cmwiIDogImh0dHA6Ly90ZXh0dXJlcy5taW5lY3JhZnQubmV0L3RleHR1cmUvZjY4NTNhOTUyODUzZWQ5NDhkM2ZlODdkNjllYmJkZWQ5YTc3OGEzOGU4YzBlM2E3MTgwZTRlNDJiZjdhMzNlZCIKICAgIH0sCiAgICAiQ0FQRSIgOiB7CiAgICAgICJ1cmwiIDogImh0dHA6Ly90ZXh0dXJlcy5taW5lY3JhZnQubmV0L3RleHR1cmUvOTlhYmEwMmVmMDVlYzZhYTRkNDJkYjhlZTQzNzk2ZDZjZDUwZTRiMjk1NGFiMjlmMGNhZWI4NWY5NmJmNTJhMSIKICAgIH0KICB9Cn0=, signature=cWLvJHBsWXYF46e0eJ6LM31a5KWL6n2eW3ZmN1dQBb2iSX2vPjSy+yFA6BZrIWiOYNrG1jEWj9RcTCUDPm27LdANvQoEvXLbIfUFFKru0bPqAXu3V1Y3eUaAQf9+pocJ0cT8M8ci/4TR0nrgAvuYllV7gg7gF9UpSowQpF+E8PN6XcvyLPkf1W0M+SDh17Zdhn7dL6ugqlVNCn+f7Mg6tGxfKcGhlKttGEbFCGe0Jez0ngqnFl1lYFt3uCxKZLqym+3aNWVNDFLCZsikFn9tuQEse0Jl7lSKGBezWUg7ac4YCLTddcmrQHvVR93wQM5KvLnNlg09MgFV4sMjKqjLePTWqUP6miaanVi4S/Axu9b5LofEdHolvmlyCFBUqNLgSx0inQW+BW4YuiOIhr4xrB/4LlVVLrngKs6Viwc3b3Q/UWPG2d/MNrugI2P/B0vr1stFbmqGEGZWDoJw5Lq7uL4f8L4t1Low6Ni7mpB+/a5E/D22PByTDIRjKIJ0TIbAIzdqDgIq7XaIXQ2r9rMIgjLZBHIPwI42/s0o4iY1wnUvvkHmkJQbJVBpV/M4e/1vD8JD2EnIL3p8LPWZK1oE06CNNm/NX9tDrezL/xp5QR9mIYOo4f0xwrX98JiJg0QXzMjuYG86It57VEV7CjXFCPV8osGiAY6im8XIbO5uxQc=]]}] (no level)
[18:57:18] [Render thread/WARN]: Skipping cosmetics update for GameProfile[id=16495fbf-990d-466a-b4ce-30e68e8d0d9b, name=AquaMC, properties={textures=[Property[name=textures, value=ewogICJ0aW1lc3RhbXAiIDogMTc4NTM0MzQ5NjM2MywKICAicHJvZmlsZUlkIiA6ICIxNjQ5NWZiZjk5MGQ0NjZhYjRjZTMwZTY4ZThkMGQ5YiIsCiAgInByb2ZpbGVOYW1lIiA6ICJBcXVhTUMiLAogICJzaWduYXR1cmVSZXF1aXJlZCIgOiB0cnVlLAogICJ0ZXh0dXJlcyIgOiB7CiAgICAiU0tJTiIgOiB7CiAgICAgICJ1cmwiIDogImh0dHA6Ly90ZXh0dXJlcy5taW5lY3JhZnQubmV0L3RleHR1cmUvOTFhNDY1ZjllYzEyNGZhNWU4YTlkNDM0MmRlNGE0NDJjYjhkOWUxODllZjIyY2UyYzIyNzcyZTM1ODBkYzM0NiIKICAgIH0KICB9Cn0=, signature=wrp53mm3cSu2AdVxGZ8O3oeD9ZQipx4NwuuvoHvedgcZgKdQgrjPmB727f4ne3lN7xYXULpsbfqnXbmyf+bCu6fTbA+qn8AJ3xA8OBQAFF9744y/lBkJHntseQfcIAUHVTvTaQAtaUFvElUdK9qm8AL8/H2HGK9dUgD4B5yVo/5ucaikXLes4g78Nj2Tf+LGHUhcweLH9pIqnqFhP5vlDKkpLvHCsB5I0NEpylA+iB1PjvMWFc/W0WGKKpUh7wzRcwCUsBD/p1LPg1f4XxcmOGAQ8nv9MCMg+QAmM7Cq9fopat18fzI5MVhstGZTrFqJ0bDIvE8ydgGJpUbUGZcQnJl54A5/jtoipAcpnPaPzii7eiLkFA1Wb96p76W4/85yBDApX17rh0o7O8phMVqcO7LpuZjJP8i4gFyV8u/FVl5y26DqMNqzsSkPj4NXuh3XSB7IlqJTRD5SkZxcu74eCi1wBN582POCUvKW2VocPiwWz+aU/OBKuh36veI/Q9EU3eMFwk9LAExbUlDa1QbUP9SCannG9vOmvrsOM1hQ+jriwmnoAu6WRIRvxXF9kSKKuWayoM+EssJhKFP+upIpKhei0o6fXrc/XwdUNkNsHDFoipX1VkwIlJZavGMU8GKQMyMP6UwTBfNKN7zPf+DSTfsaSU/eG+m/pt8QoWNmR4E=]]}] (no level)
[18:57:18] [Render thread/WARN]: Skipping cosmetics update for GameProfile[id=ddde8891-86ed-40a4-bcbd-61ac4b8eeab6, name=DaytonaV8, properties={textures=[Property[name=textures, value=ewogICJ0aW1lc3RhbXAiIDogMTc4NTI5NDU2MjcyOCwKICAicHJvZmlsZUlkIiA6ICJkZGRlODg5MTg2ZWQ0MGE0YmNiZDYxYWM0YjhlZWFiNiIsCiAgInByb2ZpbGVOYW1lIiA6ICJEYXl0b25hVjgiLAogICJzaWduYXR1cmVSZXF1aXJlZCIgOiB0cnVlLAogICJ0ZXh0dXJlcyIgOiB7CiAgICAiU0tJTiIgOiB7CiAgICAgICJ1cmwiIDogImh0dHA6Ly90ZXh0dXJlcy5taW5lY3JhZnQubmV0L3RleHR1cmUvYmEwNmM3YzE5MTMzMWIxN2ZjOTg2ZTgwZmUwZTE3Y2FiYzg5MzczZjczNzNkYjQzYWExNzU5YWZlNmUwNTFiZiIKICAgIH0KICB9Cn0=, signature=m9PQrZ/PQXYBzk9c1zfU2Gb7gmYrQw4X7NaTF8d23AJgM7uALIah3SYJofK1/veXm5KTyt/80NHxxdn5BBBfmTfJr/UsmB9URtcxU+5IffBtvBfSw++Is3xK+6LtVNBxFxzxwEBuiZCkzqWSgqoGQDUpWSGRoPU/BLWmRfvlf4gIXG2iztCwLFHRQ1Ffqw1WlKAmMpvmV5Oi15TFlJsFtS2bqbOEFh7x0EtKg1D477z3ZZ8gObdXPYDFDwLzbiFmMY4dsr8e/lIiL+eyquu84KYV+I8ktl1teGNjx8C7mvkpUEmegJ4vs9dESqO/4/B2KiyC7vPVYeJLUusvjGKYkXLzIOYs89/vSnl3WnF3dqILNtv576o8TcpKX1yHnv8TyPu14MekI/LvkctNLuqDvJtS/zIujsGsxvGSRkzqCHy46+FPp8SNiACCNQaZbGHRRvMkbdEQZt6klpE3PtoQSyTU94+8kqRf1hEAHnlclg2K9W9iR+/PjoqU6EPwt9ykTQbncKldYVaKFX7tTtyHg4vme9nWOkwSnjXfbjCF33XWbmPOBt9BK0iGH/7gzIfKIkMAkyTODsSN6vXhJ9KDr+y02jFebkthxUH8dDgJAiwRZ82oqdjH1AWXmBtqrwQtUqPZr8ozdGM2Mid2x4mWz0anNQjq79bvmKodsEDjVEw=]]}] (no level)
[18:57:18] [Render thread/WARN]: Skipping cosmetics update for GameProfile[id=a8527106-4b9f-4062-852f-19980412f023, name=ibfel, properties={textures=[Property[name=textures, value=ewogICJ0aW1lc3RhbXAiIDogMTc4NTM0Mzc4NzQ5NCwKICAicHJvZmlsZUlkIiA6ICJhODUyNzEwNjRiOWY0MDYyODUyZjE5OTgwNDEyZjAyMyIsCiAgInByb2ZpbGVOYW1lIiA6ICJpYmZlbCIsCiAgInNpZ25hdHVyZVJlcXVpcmVkIiA6IHRydWUsCiAgInRleHR1cmVzIiA6IHsKICAgICJTS0lOIiA6IHsKICAgICAgInVybCIgOiAiaHR0cDovL3RleHR1cmVzLm1pbmVjcmFmdC5uZXQvdGV4dHVyZS8yZDE5ZmQ2MDA0MGFmMWMzYWI2OTRiNTUwNGMxYTAyNmZhNjE1YTYyMWI5MzFhNTAwYzAzZmEzZWNhMDFjMTkyIiwKICAgICAgIm1ldGFkYXRhIiA6IHsKICAgICAgICAibW9kZWwiIDogInNsaW0iCiAgICAgIH0KICAgIH0sCiAgICAiQ0FQRSIgOiB7CiAgICAgICJ1cmwiIDogImh0dHA6Ly90ZXh0dXJlcy5taW5lY3JhZnQubmV0L3RleHR1cmUvMjhkZTRhODE2ODhhZDE4YjQ5ZTczNWEyNzNlMDg2YzE4ZjFlMzk2Njk1NjEyM2NjYjU3NDAzNGMwNmY1ZDMzNiIKICAgIH0KICB9Cn0=, signature=p3flIX3YScVlpUJ8wkWCA7M8gnhGq5zfL73KAQzcdpk5bW5avepbuHvNeyqP5ZMz1gPkTFKHD5KYg822gzBex2xpV2A1ZgBfpUlftLQ30UOa03ik1NNCKnEK55GoV/4R+Tq2v+2usTnIhAZy+H5ZLc2U+322TK1Ohamr4ixMtLHhT5cU0/x0ioGO3SXcnDek+s3trata1LO1uWki3+cJ/RXq7ccwGXYGoMy52YKsskl9H/ML+WKYY3o+XvCslAJ/afkTs9UyS9RocheAxEq5M9tAaczUYa5yOm3o0HNXzxo3kSPCbzxtiIW+57zCaNul+dtKqMsZsnBB6pVUGL0S3ixwt3meYBpFbmBos/meOltEIOfaoVrw5NBDQ1TraRwV3nGQw6g6BMk/ZZ/6G3lF4vepncJZzNtn5m8CKQ5Olu2+up4pXdx8oyRLR2beWDFHGtLuFZv9pZ+tbu1gvOmHxZy4A/pxqk9IgPfHy+W3svSsr0/QA07GCty4uFE7cLDyk64etc1U9PbAyk4aQQ40TsTBa+KpdYKr5Rslh1fdpmWp/tRWrgtYn0YSb4xnUHmO4z6il8UdNRHnJ/jdrWuC5ScYmCDiy1aXzj9S7Tw+OqlHkWm4caJBhh3x6LeHdm7FZCwIXJSHRWie4jUcHvZ8TkTGNKfE+bsX9/j5SjlmN+4=]]}] (no level)
[18:57:18] [Render thread/WARN]: Skipping cosmetics update for GameProfile[id=5bc87410-63d7-44c7-be0a-7699197dc417, name=Galactic_Alien2, properties={textures=[Property[name=textures, value=ewogICJ0aW1lc3RhbXAiIDogMTc4NTM0MzgxMjAwMSwKICAicHJvZmlsZUlkIiA6ICI1YmM4NzQxMDYzZDc0NGM3YmUwYTc2OTkxOTdkYzQxNyIsCiAgInByb2ZpbGVOYW1lIiA6ICJHYWxhY3RpY19BbGllbjIiLAogICJzaWduYXR1cmVSZXF1aXJlZCIgOiB0cnVlLAogICJ0ZXh0dXJlcyIgOiB7CiAgICAiU0tJTiIgOiB7CiAgICAgICJ1cmwiIDogImh0dHA6Ly90ZXh0dXJlcy5taW5lY3JhZnQubmV0L3RleHR1cmUvZGI1NTFhZDdlODcxMjkyYWFkYjI3MTYwMGI5OWZlNzIwOWVhNjVhNTY0YTI3MTVhODdkMDZiZWIyNjM5OTg5NyIKICAgIH0KICB9Cn0=, signature=vSOwKHYw+ufGjeQYD/I2UjZLuL2aBtOWCPZyQP6GAgA1QA2R1wpuvHPiloDb2rGBzv3ShNZDcPttMj8LQUOjGAVlUGBZFA6e1dqRjZVe4Kp2gs7CsQmIstpxdCHcEJD168JAxotSXZWrq5funCDXDzZpIWBut+4i7OkTR/jbLXdTuPdrYQtHFVzOetL6tK0tZbRUGlGu+SqJVz0mxAhvO6YRz0DuAcKRdEA2SGElP1CaRAIY3GwTmUFwpaOwQluc+SzBn7gmVZrYN5HJ2CBKQ1bmE/XgxLvbtLxAleYWSArj67YP8AW9NWQ1xO8qpAcxmqms6js4rAV/WfIjP4mgsCCLe2iYkzhwGI2DyWJiFzqFqI7GfGjjdhqDpqkJO7q7vCmSwqM0Nkcppqib4xRDh76ukWTQ4iO3C1Y+m4jFjiyNVDPH4SO/dImteR5qWqpv3X9qMmLJ6HeyEbkHkLUqhaxIN8+Bn6t7ykzLr/IdBZUAhUdpIxUoxuGAc+C7bFyFhqfoOCF0pcbYukqFTkyDi/MN0zOakGRcJYERrGcxkP4nHnna64X0S2phovvoO8NWkcF739FFT+Y7TUVrwSfd9qFXpLAmxEf8Ywr6npr9gsv0CvQ59lAleZuPyZLwla/ghok3aPwFKturohhha2ffKe9iEbtsyx2+a1TOYSdCdy8=]]}] (no level)
[18:57:18] [Render thread/WARN]: Skipping cosmetics update for GameProfile[id=b1d64b58-bc5a-4050-96f6-e22f3b817ee5, name=au4q, properties={textures=[Property[name=textures, value=ewogICJ0aW1lc3RhbXAiIDogMTc4NTM0MzU0MzYzOSwKICAicHJvZmlsZUlkIiA6ICJiMWQ2NGI1OGJjNWE0MDUwOTZmNmUyMmYzYjgxN2VlNSIsCiAgInByb2ZpbGVOYW1lIiA6ICJhdTRxIiwKICAic2lnbmF0dXJlUmVxdWlyZWQiIDogdHJ1ZSwKICAidGV4dHVyZXMiIDogewogICAgIlNLSU4iIDogewogICAgICAidXJsIiA6ICJodHRwOi8vdGV4dHVyZXMubWluZWNyYWZ0Lm5ldC90ZXh0dXJlLzY3MWVlZDk4Mzc0NDk1NTA0NDlmNjQzZTAyOGYyYzIxMWE1ZWJmMGY0N2I4ZmNlZTQ1ZTM5ZWI3NmJiYzEwOTYiCiAgICB9CiAgfQp9, signature=cmxobfbXm4nhyalmuVfFQP6JnG6bZrHblubzPYvuDVGDTv3xF/46Z4JZItbwUrKoqA+P4DpfNKjRJ+Pyq6C1bYTUVbocRQqcVUkGFQ1yHgv5GNpxpJ+rCv1jgAEYuARDXnymmY+vV7lVtU3vXExuNwgPqBoPPcy7Z4fFf2RQW32UNAY7UjHe8qiSIL/eao6RklkRceLC/QGLOeu+TJIenIfn/KvdFXA3k/TNrRAEhF1Iu0RWfgfoFItjM8zoK0FM4AiDTkHpSAOZRJIlXvEHWL5qCOFoR3o95BEMzb7Jo/y3iqMlPtVSe10OFVNnoPma8qCJDvii+d+DvUAfbVmpzz9fkCOUZgDtmQx3MhmaCo9aWvHmHbb4Aa0rRyELYykbPnNHsTJ9Qg8qziQ2+2qcyFL3EYUWXWbeUlgG5mhJmdxKNpswA4AbhFYncnJc6Zv81MmBCbJX6wpJ9Y3m63vH/yJpjLp9XCzrOmeV2R6KkuJ/HRpbSOneQisJPQLxE5bkLv6yR4Z5VtX1lK/x9/yrF0PY/g/SOYkDmYlSk9JDTc4JaOroUh4q7dhgxqREscrbLmU3ZCmQh8l6aZ+jYoV0/ZtrAEhOu4zO8Jk89RWvhu5Xf7QcevrmT8aB6eGKYF6NMNM1yGr1ahETcOZx5JkNN0eJ2DyHaJmvZKVWrxehyTs=]]}] (no level)
[18:57:18] [Render thread/WARN]: Skipping cosmetics update for GameProfile[id=737bfc5b-6155-4c91-90c5-0e46b9a7077e, name=Melton56, properties={textures=[Property[name=textures, value=ewogICJ0aW1lc3RhbXAiIDogMTc4NTMzMTY5OTY2NSwKICAicHJvZmlsZUlkIiA6ICI3MzdiZmM1YjYxNTU0YzkxOTBjNTBlNDZiOWE3MDc3ZSIsCiAgInByb2ZpbGVOYW1lIiA6ICJNZWx0b241NiIsCiAgInNpZ25hdHVyZVJlcXVpcmVkIiA6IHRydWUsCiAgInRleHR1cmVzIiA6IHsKICAgICJTS0lOIiA6IHsKICAgICAgInVybCIgOiAiaHR0cDovL3RleHR1cmVzLm1pbmVjcmFmdC5uZXQvdGV4dHVyZS9iZDg3ZTYxYjgyZTllZTI1YmUwZDc3MTNlOWE2ZTQ5ZTgwYjNiYTkzNWM0ZWJlMTRhN2JlMzczYWMxYTk2NGRjIiwKICAgICAgIm1ldGFkYXRhIiA6IHsKICAgICAgICAibW9kZWwiIDogInNsaW0iCiAgICAgIH0KICAgIH0KICB9Cn0=, signature=FFiM6tnFZaRW/iTNeGW6xQcB/IWkXGAFRnEmoH4fd8JSqGR65AzcvcP2f++/ov8lVKhDdikGGS410Cbdyh2Eyyk3q+y//s+jclDIrSGWPxhn8BYn28PNdGYie73KlSM7UXvuGihk4+gwgjpzgfft37oRYK9edO64mWc7TwDzIQnlzAaBtAgZI6nLiWA1foFVScGh96aP2qH+CqY0Ogli2aKWeSNhCM8ZC9yiZwiD8N329XcMsX1vY4+5rUOSQrlTIxXehv0FxBLgSI9PtLZaxNBJCf8AcUd44V/9hTLOqFZ46LPr/VbtuKT14yiZK88tq+hjDtuiPTTXd2NpOsLyWajmqYzAmeuXK6xoxDWlFSPhUycRtdlBUEDESezhcnK6rlOZzCzTOzphqRXHiUlvXd/gs/HVti0lcTcIDFObSNKk8lfq+XXYoIJgMGqsQFtxTbykeJLaroiYJdXnsZB8JuXVemZAGE0Unrv9pQKI4g/1DWcIJ+X4WV2Ej1Eps4Eb2kBOURtYi1l3GH2BYPY4PbVb9Xmc6ZAIIaJxlZ42lrlALZ2KcFXr8tzbIvZmrEsouVCww1joilt0eAxxsJkePsltZ/5tZWqDoME+0PldQFNhYDzNII3TraO/vC/kmWSvjSZnFLd62vavuuWDKkhG69MKv0oZk9H2JQ5OFFP9esg=]]}] (no level)
[18:57:18] [Render thread/WARN]: Skipping cosmetics update for GameProfile[id=32dff429-5e03-4c03-9c54-2b5c440b2534, name=iditity, properties={textures=[Property[name=textures, value=ewogICJ0aW1lc3RhbXAiIDogMTc4NTM0MzQ5NzQyMCwKICAicHJvZmlsZUlkIiA6ICIzMmRmZjQyOTVlMDM0YzAzOWM1NDJiNWM0NDBiMjUzNCIsCiAgInByb2ZpbGVOYW1lIiA6ICJpZGl0aXR5IiwKICAic2lnbmF0dXJlUmVxdWlyZWQiIDogdHJ1ZSwKICAidGV4dHVyZXMiIDogewogICAgIlNLSU4iIDogewogICAgICAidXJsIiA6ICJodHRwOi8vdGV4dHVyZXMubWluZWNyYWZ0Lm5ldC90ZXh0dXJlLzM4YmE0ZmU3NjRlOTc0MzM3NTQ1ZjExZjAzZGM1MTMzYmU4NDcyNGI3ZWI0MmNlZjVmNmYwOWU3YzU3OTJkYTEiCiAgICB9LAogICAgIkNBUEUiIDogewogICAgICAidXJsIiA6ICJodHRwOi8vdGV4dHVyZXMubWluZWNyYWZ0Lm5ldC90ZXh0dXJlLzQ3OWVhY2VmYTNjZGQ3YWNhOTQyMDdmMzZjMGRkNDQ5NjUzZGRmMjU5ZGFmNDA1NDRhNTg2NmJhZjA1ZWVlMjIiCiAgICB9CiAgfQp9, signature=Vbfko4DREK/1GCqMwZC70BDNPDmjn1IaPyQOSsWA1hSbCsWjo7FEU/CBBdnRtOyAZGV4RCBae1q3eoQambI+xJze0uXmQ+pK+/eBHFDJI5JfEaF3aMBxvm73HOyfBzvKybK5VpqsHECqHvZ7FiTBsTA586MhdAdlyblMmKca1wVmkb90xbIA45Y+0bJ87HRFsWZbJRXoQxdJBedy0R5FWx1hLkB/iQ0g8cknKmoB9BVjKCMKDmGsfdNO2RB9lsv0yJb3N++eIH830xYVVL4JjW85Yuq8BM+NTRfpadFFPvnZoF4YAUdHvYZkaMHOCmAJyeZ3NXJI9sFZMYMyt/i3bdXCrSrliCDW9hrdXB+qUMIRPRHqwSnPhbKeehjQyCCr7jH1qVeTbveG/TAqbV3XL5i5EVi6ZLAioegqd3LGdZ99Ej9cDFlLzjygXtpf4jk0C0ZjxWHzaUqPMucmp9deUfaSkdUckpUzN1lH7sytKBA0k58p/X4Rl6w56vAjngrV5rWb33o8gfkL9Fd3UW5tkZGpE71c/qXB65bJmR0lUIQ2oadTHmNvRZXI1Rp9CIfNFOPrNGwV7+fFaL+pNfPQRf3cHNsZLgXcqzD0wmT+wauoQnNoW8MZkVIIzTza2qKa4R5oaw0uuH7omy6uIeZJk7ykxwCTiKmgGJn9JU6CtqU=]]}] (no level)
[18:57:18] [Render thread/WARN]: Skipping cosmetics update for GameProfile[id=24806cd9-a2e8-42f2-9006-0bda80ea5634, name=okvain, properties={textures=[Property[name=textures, value=ewogICJ0aW1lc3RhbXAiIDogMTc4NTM0MjU4NDY0OCwKICAicHJvZmlsZUlkIiA6ICIyNDgwNmNkOWEyZTg0MmYyOTAwNjBiZGE4MGVhNTYzNCIsCiAgInByb2ZpbGVOYW1lIiA6ICJva3ZhaW4iLAogICJzaWduYXR1cmVSZXF1aXJlZCIgOiB0cnVlLAogICJ0ZXh0dXJlcyIgOiB7CiAgICAiU0tJTiIgOiB7CiAgICAgICJ1cmwiIDogImh0dHA6Ly90ZXh0dXJlcy5taW5lY3JhZnQubmV0L3RleHR1cmUvYTEzN2VlZTFkNmQ0NDA1NTM5OWExZWUwNWUyNzViMDkyNGE2ODE4ZTk4OGU0NThkODRkMGM5MWE0NjFkNTczYyIKICAgIH0KICB9Cn0=, signature=PI6UQLrwf2/4rGasRSQh3sf7Rae/9SR0MTPVyNnswcZCIU8rWvV18P4HRUHGCVH6h2RbMgIGnYvzm/J0CMOo7vAoARtUvLSbfiEFCKWrnCNYom84wUkyASMChZJQzB5r1XOANLTX4fjd1rIXr/inPj+z+5Q223YZj7tfvNTrWJWWR8g2s4jwzG9a7EPUd8r7abHUJFn5zLXY4dvMUojllpIZLAnxIooIHe554T30ZZyGL4FgtMwz4Ep1GI9WnV6aYlQR+cWDdN8b07PTEwGM7iCy0FUDDTz7l2CdmhtL37HXl6R+Jff9UxR8KNU0vo1FieYHzR9VoanCC4k0IwI0mpUtmtXgloK4AwOL1cyOl2Sa7ipL8Nso7rCqvvkhfXp+Ll949pM1LwRbcVWUytGwvMceX8A6k9jnY2Bq/jWGDQtNv81bvQlKWl8EckrAvpPtKFWdDj+sjxxY6nVHSB6sOy/kFtDHSxmW6pIRZKHNWI0pinhYuVNVhfS9Wqf+tk1s4qzIekFPwMZ9M38Hqye7eC+g5BrBUoYraIlIWyvstp/i49wxlItcWkrhst1mrtQO/ZPtakf0ShfybsyCzhGbzQUi2u1zgPajaSIuaR+XZK9gcetV/LGdc/CzZipPLMGK2oNAK793bE39CF//NyUJbyAZ9z8M42bSFcSML+5c0m4=]]}] (no level)
[18:57:18] [Render thread/WARN]: Skipping cosmetics update for GameProfile[id=e9cbdbda-bc07-4cb5-8ad5-793a20b33dbd, name=Abuodee, properties={textures=[Property[name=textures, value=ewogICJ0aW1lc3RhbXAiIDogMTc4NTM0MjAxNDc5OSwKICAicHJvZmlsZUlkIiA6ICJlOWNiZGJkYWJjMDc0Y2I1OGFkNTc5M2EyMGIzM2RiZCIsCiAgInByb2ZpbGVOYW1lIiA6ICJBYnVvZGVlIiwKICAic2lnbmF0dXJlUmVxdWlyZWQiIDogdHJ1ZSwKICAidGV4dHVyZXMiIDogewogICAgIlNLSU4iIDogewogICAgICAidXJsIiA6ICJodHRwOi8vdGV4dHVyZXMubWluZWNyYWZ0Lm5ldC90ZXh0dXJlL2I3ZTQ0MDc1NTdmODI5MTI2MWY0NWFkNWU3NmJkY2Q0NWIzNmMxYjExOWQxODkzZTQ2YWYwMTFjMjI5ZGI5YzYiCiAgICB9LAogICAgIkNBUEUiIDogewogICAgICAidXJsIiA6ICJodHRwOi8vdGV4dHVyZXMubWluZWNyYWZ0Lm5ldC90ZXh0dXJlLzVlYzkzMGNkZDI2MjljODc3MTY1NWM2MGVlYmViODY3YjRiNjU1OWIwZTZkM2JjNzFjNDBjOTYzNDdmYTAzZjAiCiAgICB9CiAgfQp9, signature=jOEqoJ5afbYYPDeltQb0NTVvDQYupjNwER+VjJaA4OGNDP2spnkIJ+L5TiBx14liRGMxGC5QK6CSmXMh8sRxCd3H8SOO6dZ7T4beBXNfehY5E2WQAxjtU2lQ0bgt11m+XaMP66dzp09/tLMEjngnIQfuOTYIXvMC6Ws1FZC3Nc9fR+MLh42zYPL3n1x+TnAia7boKTippTr+R6QPvv3IyKrRDW/e4GXd4sUvtokj3Renan9GViZfNJOllQfRabWYabJRAfLTdkBq1u4c56KOgdBOFzYohm+ylzrbJd4f7/dnlik3hKpxt00tUcRaCr+YXbmcFLfPgdwAeLSrAYNqRT5vcnyMveEnGDs8JTs6PV97i5hT8QBH8Div1XPP498ulnnAxrNSz1MS+lLv7qyoTDqyHZY5yfoMEjHkB37b45zi8MMKNBN7X90ngeOl0mRQeRhzYEIPl/XJCthyLFt3SadPiY+y/TLiU8FMQ9/eM2la3Bqnq2yfcETB/4ucTEWFAe19bIrQKlD8KKb4LnmzeUOHkwb3ZvtyZTYbC2w17u54LQ4YSpE6HxyjW+tPyeU7Gd2ooRthdNxMbdCW9MzGi4h1ZPs1t+25H65gXqxv8xcmE+5rKESVLJpeU1bVEfSKEemXNtnTEVlTo8a/Pxa9qYvLbU/hfCMgJ+x1UaDnEE4=]]}] (no level)
[18:57:18] [Render thread/WARN]: Skipping cosmetics update for GameProfile[id=913d12f8-214a-48c2-8d1d-cabb00755a5d, name=CrypticXYT, properties={textures=[Property[name=textures, value=ewogICJ0aW1lc3RhbXAiIDogMTc4NTM0NDEwMzEwMiwKICAicHJvZmlsZUlkIiA6ICI5MTNkMTJmODIxNGE0OGMyOGQxZGNhYmIwMDc1NWE1ZCIsCiAgInByb2ZpbGVOYW1lIiA6ICJDcnlwdGljWFlUIiwKICAic2lnbmF0dXJlUmVxdWlyZWQiIDogdHJ1ZSwKICAidGV4dHVyZXMiIDogewogICAgIlNLSU4iIDogewogICAgICAidXJsIiA6ICJodHRwOi8vdGV4dHVyZXMubWluZWNyYWZ0Lm5ldC90ZXh0dXJlL2Q2OTc0OGEwYWQ1M2U4MmFiMGQyNGM2YjQ5YjkyMjBjYTM0ZmE0YTNjOTIzMDk1NWYyODkzZmI1ZmJlY2M5MjEiCiAgICB9CiAgfQp9, signature=QFzr1SwMrIezMAG4vZUdGw6Ohj0r6ZnsnsYDFwxCdjQQn1H9s16i1UmnrWeAIbr4E5qqDB637AfyubH48p+7kSfFX+FtSagZSVfnrYYq/3dWcQjvGmJnAwYS+s+NnrJsCkUioRjByIroQSGjfAmbxw7vmldQuVdEM9BTgviax05Rfg7ZEK6GxD6u9xeW8Q5Q6XWFpN3NIiLVOLfoA+djBVXviTXEfojhTw7HVNaHt8b02I0SwyQPum+pB9WoA52VkJS7fMQOFqAHVepr4to9KVnsA0j72475flsi9z/09w3rPOHWeUTQuqhKuH7CO9CpCdQ/JxH45kE5AcDkvY2qre15dKI0KpjhBaJQ1hjH40auh4SNSUy65eb09F8dA3sc1e8+7Thaf/aGo2EtEHBz8bHvxkaVWPqY9n/JaTADtKmJgG4ObKE1Hkj+Wo2+UILehPOnCRF95Z7rB0CbL/l1pQHglIW+FHdfkW6PpWFow6v1V3lkqK5ZFgNhMyDNtac5Gp0XKO1jBEOfdRrP2cApphlvw+aVTYz2BPKMZL9TaJmovW0ctlTGVYUTRJBbtQsAizHjsz52NgSGytwZWRV9O0t5YcyfY+IRra/sX6hGLrUX1bDSGNgvlbGamwbIc+Zmr2Rovp6eVEJVsJ88OgNPMIbultPGTkhg8XhNNM/qsZI=]]}] (no level)
[18:57:19] [Render thread/WARN]: Skipping cosmetics update for GameProfile[id=336d968d-1d66-46a1-85ff-2956a7685821, name=As1atic, properties={textures=[Property[name=textures, value=ewogICJ0aW1lc3RhbXAiIDogMTc4NTM0MTUyNjY5NywKICAicHJvZmlsZUlkIiA6ICIzMzZkOTY4ZDFkNjY0NmExODVmZjI5NTZhNzY4NTgyMSIsCiAgInByb2ZpbGVOYW1lIiA6ICJBczFhdGljIiwKICAic2lnbmF0dXJlUmVxdWlyZWQiIDogdHJ1ZSwKICAidGV4dHVyZXMiIDogewogICAgIlNLSU4iIDogewogICAgICAidXJsIiA6ICJodHRwOi8vdGV4dHVyZXMubWluZWNyYWZ0Lm5ldC90ZXh0dXJlLzk1YmIyMTA3MmM3MjdiNTliYTU2YjQ2MjdjM2NkMThkNzEyOGYyMmRjZWY3OWJlNTc0N2EzNDVlMmFlNmY1OTAiLAogICAgICAibWV0YWRhdGEiIDogewogICAgICAgICJtb2RlbCIgOiAic2xpbSIKICAgICAgfQogICAgfQogIH0KfQ==, signature=X+JPiVTdu0+tQS7RImFGERoy1Yly8rZqY5iaTwPqkzJCUGdnIAyBlZuwfYouSap5ko/nzrYjyGKKjjLTJUgbPnk5QVXPXRw8GdoQ2YqReBgFowC2mJxwS/jpIjZRpBNOZs15r+Mm66HBoruEiltoOmo1jWSpYg7hxmjchsKkVlIZLA5VXdeEfRn9xWdfQLO+cTsD3hP51KWUOT6l66dzhNtE7nImaiQ607+bsPDuZQtpXq8TCiq/W0YEe7ApX8oCGF1Hlk79IhMMM8+T2VEeCzH5vg1L2NrvhoFhRh+EnfqkFW4Os3iW6LhP1sulpisZOOsC+43WBUmTnICbMrQ+ZoJan3H2PRTZnJMVSztzurbLbMrhzaAgRbaLJgjlNXrpUKfqWOqsFY1LysXBWF6nOtOu95JYq9hC6QKOJJ309Xw3Y+HxH6XfQ5kHwf1ocpLPovh1FbfFMNdTGeCO2FqRpAzs9Gxb2Vl5rA8weH2NAYsp/iYp3f/pxNi60+eNEamHW2DnbZoq0LXNURuELb0/ijKC49j1nnbxu8k2XFKT9TfWNaUQw52rzXkRe9IsAuxlYs7QeoT8sYjKXPQb0/WQWyZ7q7exjltowj+HDGXdX8a/hejwWaAJQSOdNLYi1iC0qLRG+4lSMH+hJk4lGLOv/XCwLEwpnlmd7+cHHUE7/OQ=]]}] (no level)
[18:57:19] [Render thread/WARN]: Skipping cosmetics update for GameProfile[id=724b1899-efe8-4802-817f-ee3550b71782, name=AArchhh, properties={textures=[Property[name=textures, value=ewogICJ0aW1lc3RhbXAiIDogMTc4NTM0MjI4NzE2MCwKICAicHJvZmlsZUlkIiA6ICI3MjRiMTg5OWVmZTg0ODAyODE3ZmVlMzU1MGI3MTc4MiIsCiAgInByb2ZpbGVOYW1lIiA6ICJBQXJjaGhoIiwKICAic2lnbmF0dXJlUmVxdWlyZWQiIDogdHJ1ZSwKICAidGV4dHVyZXMiIDogewogICAgIlNLSU4iIDogewogICAgICAidXJsIiA6ICJodHRwOi8vdGV4dHVyZXMubWluZWNyYWZ0Lm5ldC90ZXh0dXJlLzE2MjhkYWM2YTM0YjEzOWYyMjA3Y2NhNzVkNWQ4MTAxMzE3MTNiZjUwNzBhOGNhZmMyYTgyYmYzY2UwMTNmMGYiLAogICAgICAibWV0YWRhdGEiIDogewogICAgICAgICJtb2RlbCIgOiAic2xpbSIKICAgICAgfQogICAgfQogIH0KfQ==, signature=yZjYDO/dNYS+jeTSPl9cC215wvbutlCdLVqjnuFjlF66Moje/n1o3SoDxOBmP1cfhnbFoMYaZ8pkEjoTYc3uAOtmnbsxadn13O/sFeo1DWnKxHdIZYTEZTzWlRcQjgq/10QNQWUAldNv/p3oNcf6hPSoD7+5fXJ73oNXykTHwgKlJQ7ip9Wa9TxeNPDfgGNKpcFk+u8X+7Q3d5luhTYO9M46LzsnbQmt9FxcDAD0p7MN0Mbz++9dIJ25Y9jcdi/xneQ+9P9F0r122LMrb7aP2NWecMzfaKiUx6Nu8sgFhH6NqR1W60mr8MQhz8Gl6ytuHWrSkcD28uOBTTKWTsWnqV1R3j3WDv/K3z0X1YaEN9GC/T4BfSrPebUum9+wTm4TU0ZktMwZyheyelrGA4ZlxXM05gQWw/JRxjQLiFcdlpPngCfL6kdHqVGJZQxl7jN6sVXsIgiq2linDwmJVHjxnxFztnSKL4138NMdx3poeEUMWOMhAysieXQZXBcWVk5b6aOvklQ7iMC8or5A9yn1rI+eb2y7LAxHHSDxhwhH/z1Y199wY9VodH920FBLhEcXUgNsZ+PkceBpI1YQpIRZQoCKZkENsoZ8cFk+AtLEK/nCZmYqJSA10nmRy96SjqSB3PvY66cEz7ljbznZiBHWF2bnnXocHGzH0ho5dCPJ7NE=]]}] (no level)
[18:57:19] [Render thread/WARN]: Skipping cosmetics update for GameProfile[id=980943fb-826f-416b-b87f-e49579e754bc, name=Dwomix, properties={textures=[Property[name=textures, value=ewogICJ0aW1lc3RhbXAiIDogMTc4NTM0NDEyMzI1NSwKICAicHJvZmlsZUlkIiA6ICI5ODA5NDNmYjgyNmY0MTZiYjg3ZmU0OTU3OWU3NTRiYyIsCiAgInByb2ZpbGVOYW1lIiA6ICJEd29taXgiLAogICJzaWduYXR1cmVSZXF1aXJlZCIgOiB0cnVlLAogICJ0ZXh0dXJlcyIgOiB7CiAgICAiU0tJTiIgOiB7CiAgICAgICJ1cmwiIDogImh0dHA6Ly90ZXh0dXJlcy5taW5lY3JhZnQubmV0L3RleHR1cmUvNjc0NDgwOTY0OTUzOGMxYmExZDU5MDFiODdkMGYzZDkxNjBiYmViYWUxMzhlNjExYTEyZTM1MDM1MWM3MTY3MCIsCiAgICAgICJtZXRhZGF0YSIgOiB7CiAgICAgICAgIm1vZGVsIiA6ICJzbGltIgogICAgICB9CiAgICB9CiAgfQp9, signature=BYDHNMj/L2nYctXBuVK6sS3J/GPTYLzVXYBOO4JVkfGQcj8sjLpbjBMvqOV73a/WcXoye5AIkEAMhBRu0ZxdFBFLovNiZFEYhHh3BM/w9239FD2v8bL9aDEcuQZh82DA9PBrY4A9sclpnNrAWC4oK5IxHnQpuJiinKurW3HNhbQZgGHRNElzQQj1hNnO/1zF5m//fUi8XJ9bovOcUA/Hh//8NHPhzSzA7j+PhxVW+1fRhVFcEel+x7/e4DDftQRCsDSdlwYUHUvwqJ+ew+OfeIHtNMH0QksBjv+mVHcoMxXu/bOaPy8Hix3xT9mYZDGyewkerUv6LCHiTuzqCYwFflb4SxgCMSq1zoHjY+abRqsEbsN6PCq0WyPpwzkYRcDpX6PD5ZYKmI1lmJeGgKGg8MgpmoJ2nl0ynoSO+sRkWzbbe7gxJDb9DJ1XCVrGGjqbYJvNXUW23KRvLth6gw8tpI3JVyBAtTsD6rcd/S3DEZN6aS4WxjyRl+BIGM29oUmhM68HnDqVBga623ByO77z1VCDrHzCQY96w47YuL3WUk6sHKSIsz/5dY27STZSAqbKF7wdDBKqJ0l446gqLVAA+R2pTKUksZFNA9HT/ETjgoptHFprzeS2dMNAcofk0FKJRqo5OnKZ0KSJYQ6S6ysxKMYG9IelG/bn41HAlXpqE7o=]]}] (no level)
[18:57:19] [Render thread/WARN]: Skipping cosmetics update for GameProfile[id=f4cc5f0d-6480-461b-b2b4-0ba145e461ec, name=GD_DIDI_YT, properties={textures=[Property[name=textures, value=ewogICJ0aW1lc3RhbXAiIDogMTc4NTM0MzcwOTEzMywKICAicHJvZmlsZUlkIiA6ICJmNGNjNWYwZDY0ODA0NjFiYjJiNDBiYTE0NWU0NjFlYyIsCiAgInByb2ZpbGVOYW1lIiA6ICJHRF9ESURJX1lUIiwKICAic2lnbmF0dXJlUmVxdWlyZWQiIDogdHJ1ZSwKICAidGV4dHVyZXMiIDogewogICAgIlNLSU4iIDogewogICAgICAidXJsIiA6ICJodHRwOi8vdGV4dHVyZXMubWluZWNyYWZ0Lm5ldC90ZXh0dXJlLzE2NmZiYzE4Yjg0ZmZiMmI2ZTYyYjQzODIyNGI2MmY2ZDhhYzMyZTQ2YjY4NmRjOWFmODhiZjU1MWQ4OGQxZTYiLAogICAgICAibWV0YWRhdGEiIDogewogICAgICAgICJtb2RlbCIgOiAic2xpbSIKICAgICAgfQogICAgfQogIH0KfQ==, signature=kh55ep2pgFMFlAoX/me02R6j/8fjIQlA3cWE9Cz0UGAv3H5L/DQTCAB1pPxCVCQhhMQU+4pP2s1hQuJ8mwNNevqC5KaQ4LYlrzcKgzG2aQdZjOk69YIwm6OzGI4SI+zy9XsDitxI69277nEc6Eg67oZP+jCSD+Le9Q6iibeQt/y87adgtVJLMw7/io2NHAPXZmaCzERivtJ2Ko/9pfPiJbjVjvHAbRJtN3mOF04Q3Z7TulTxBHS71WkHsRKVu0QQXRg/OAiiNy/mI9nyGflbhJZz7fQaE56e0Jc5BnjNLDURWITpUgqZi24SPDW6S26m5FVVOk+4RV133sWMLW9yh2E31FbbQqUGeHKmQ92U2VXPLy41SyYJ6cYAfDmE7dCqWHeIWGLzYcwCT21mWp7OFFBRQI+FANjlpZ58MohDUL1d4S1JXMbSA+EKWhofrel8zBa6TtylLHHOehH+Q1VF49CU4+CdByQltu48XOPINSaW+JVMWcHzVRRSIKmloyzyXXRegXhwUfg3pVM70Pua5BZBpQeDiME+fAzrd6m8UFWYC1vNNsN596uTlUfzGLag7SOETFUvotwv7KzMbe7zVNeneEZDWRbU5tIsruf8AmoUYqkFHAGyZ6T/8NlJVtcXg02fdi2OSsFfHvXewK6ZATRtXYfuBsYf5Dtgd0WK/4k=]]}] (no level)
[18:57:19] [Render thread/WARN]: Skipping cosmetics update for GameProfile[id=b6187a2c-cfc8-4f31-b347-9f33ea4077b2, name=itzkorbz, properties={textures=[Property[name=textures, value=ewogICJ0aW1lc3RhbXAiIDogMTc4NTM0MzkxNzI1NywKICAicHJvZmlsZUlkIiA6ICJiNjE4N2EyY2NmYzg0ZjMxYjM0NzlmMzNlYTQwNzdiMiIsCiAgInByb2ZpbGVOYW1lIiA6ICJpdHprb3JieiIsCiAgInNpZ25hdHVyZVJlcXVpcmVkIiA6IHRydWUsCiAgInRleHR1cmVzIiA6IHsKICAgICJTS0lOIiA6IHsKICAgICAgInVybCIgOiAiaHR0cDovL3RleHR1cmVzLm1pbmVjcmFmdC5uZXQvdGV4dHVyZS8yMmE1ZDk4Y2I3NjkzYWQ5ZTI4M2I0YmIxY2RkM2E0NzFlZDU4YTY2ODhlOTk3OTYxNjJjNTc1N2MyODdiZjAxIiwKICAgICAgIm1ldGFkYXRhIiA6IHsKICAgICAgICAibW9kZWwiIDogInNsaW0iCiAgICAgIH0KICAgIH0sCiAgICAiQ0FQRSIgOiB7CiAgICAgICJ1cmwiIDogImh0dHA6Ly90ZXh0dXJlcy5taW5lY3JhZnQubmV0L3RleHR1cmUvYTNmNmU0ZjE0ODAxZjNlYTU1ZTNkOTViOWI0ZWYzYjVlODgwMmQ5NDdmNjY5ZGU5M2Q2ZWM0YjkzNTRhNDM2YiIKICAgIH0KICB9Cn0=, signature=PI75U1SlSKmqhpKZL6N05ogYAsKWpveMljWPBRD1YNxO1MRSQ783OSlr3JaZbmYZ91uZtHqOAJJStH2aUuHsK2fitIxdAMuO2pDuHIY8oe7KSn/ksfLgBbXuYL4+cRPg4ZaUIZDepYxFOLOx77/5Iv7drvzZ0Ponbn/PWFCqhr0vkrAHoN5+OihP4UBx1tLrUWHAvtB1y35Re7M2TRSecyXwpf4VnRoORmdTiJCw3nqqe/T9Q6n8zDNWr0GOnJWrXJk5NyR+IuDveEJ8fjG5zhpc7zs23MiVgUgQL3bQ9TQM8X8ELgO/I2NnHUzkP5VHDJk8mhp3BWlCS4LjxSwtJ8r80R5BXEnswb7fNKqzCohm70abYzibH9OXKuvGYNigJ2UEl67UHq/bj97EVGdLu4OnSbB9YfTPFEsmeSjq+kRfkFR00XFcnq1NdkVSYJTAf0o7e2AvmRxNafu4v9yOzoKmAm7rRA2e1p0eeYWnU7jTtgFgEatn+WlKqmVeCeDGlBipHqEgJrofBYAOqLqfLNPDfjvGgDJLc9Da5i2IB3r00EQIoJYuYOYxe9jKbQl7uUndhb8bifuiAlhBRzkCelBxK/gyxfnqhbXod4HFzFeU/kUV/ftyGXaJal+lXemNkd8mAW2HC18TIG666MspwfxSA09uILcpb4IImywD9+Q=]]}] (no level)
[18:57:19] [Render thread/WARN]: Skipping cosmetics update for GameProfile[id=432faeec-c985-4795-9971-50a888170f52, name=Mituka_, properties={textures=[Property[name=textures, value=ewogICJ0aW1lc3RhbXAiIDogMTc4NTM0MzkyOTczNSwKICAicHJvZmlsZUlkIiA6ICI0MzJmYWVlY2M5ODU0Nzk1OTk3MTUwYTg4ODE3MGY1MiIsCiAgInByb2ZpbGVOYW1lIiA6ICJNaXR1a2FfIiwKICAic2lnbmF0dXJlUmVxdWlyZWQiIDogdHJ1ZSwKICAidGV4dHVyZXMiIDogewogICAgIlNLSU4iIDogewogICAgICAidXJsIiA6ICJodHRwOi8vdGV4dHVyZXMubWluZWNyYWZ0Lm5ldC90ZXh0dXJlL2Q5NDUzZjQ0YzFiZjU5YzVmOWRiM2I2ODAzNjgwYTIyM2UzNTUyNTVlNmZjN2Y5YTUwY2ZjZGFmZGJjNWQwOTQiLAogICAgICAibWV0YWRhdGEiIDogewogICAgICAgICJtb2RlbCIgOiAic2xpbSIKICAgICAgfQogICAgfSwKICAgICJDQVBFIiA6IHsKICAgICAgInVybCIgOiAiaHR0cDovL3RleHR1cmVzLm1pbmVjcmFmdC5uZXQvdGV4dHVyZS8xZGUyMTQxOTAwOWRiNDgzOTAwZGE2Mjk4YTFlNmNiZjlmMWJjMTUyM2EwZGNkYzE2MjYzZmFiMTUwNjkzZWRkIgogICAgfQogIH0KfQ==, signature=rM5ZDcML6uKSvRMsxTGsI2gha6Syzqnybqw8h7KVsGhItJOOSyXuSIsabYfMcHfgsErFnupyJb+rV+2Dmfl668yJaty6csWJwSdriA27PBO0Bjt/u6dkFHVNJH5SqO8UpVRCqwmEu/O9rC62E8HU8TylsTSVytSYLoiRfVaCNFVFYFDTyxbi53pWPWBq/NWuLTpxeslskxd/yXG6SL8GIcnXVjv4gepfmHetlrw2jSLCZr1beqj2/izMKoyrMK9l0N/aMcicBdFMomeWGLQVK+b+lSqmpaIyT29U9Eky42BECwmnXwE33KyyidlPiVoZs/PUfolUXyz7Gey97Qq44wtjwjPBBEwnuHiIkelThj+tphLPNTnFVeuppze+DfGSucg4EZLD5jeZJh4Xd8v069vGJISvT+qSa4/XhYbjXV7z3KEZa0T5wFW9Iix33aCPIDZ3vqgxL7AMhHC+/sRNCCkaEB8xkmyEP+XX9Ft993rDf4a7RgYu4wUQkbOYww7P9LIexzkrniY+udWEwT2wTiSkcI6/d+4y5cnte3qWQqp2ThIBkvt7lJFGsdm81pZa/4nnsZDfEHHyIp6f1262LSImL8Xm+z7eo34mlFtD9vXw8NcgWCqPMmU+XMIgCEEjP1x9sqHv+FZmk+paK2En0459rW1OtFARXALoRaFuzDI=]]}] (no level)
[18:57:19] [Render thread/WARN]: Skipping cosmetics update for GameProfile[id=710b92b7-60ce-43a4-b162-8317ebb6e55e, name=jesticc, properties={textures=[Property[name=textures, value=ewogICJ0aW1lc3RhbXAiIDogMTc4NTM0MzM1MzcxOCwKICAicHJvZmlsZUlkIiA6ICI3MTBiOTJiNzYwY2U0M2E0YjE2MjgzMTdlYmI2ZTU1ZSIsCiAgInByb2ZpbGVOYW1lIiA6ICJqZXN0aWNjIiwKICAic2lnbmF0dXJlUmVxdWlyZWQiIDogdHJ1ZSwKICAidGV4dHVyZXMiIDogewogICAgIlNLSU4iIDogewogICAgICAidXJsIiA6ICJodHRwOi8vdGV4dHVyZXMubWluZWNyYWZ0Lm5ldC90ZXh0dXJlLzI3ZWJkMWY1OGEzMTgxMDA4OTc4ZmM0ODViZjM4MmJmYWFiNWU4ZTNlYTVhOGQ2YjNiMDY0ZTZlNzAzNzYxNmUiCiAgICB9LAogICAgIkNBUEUiIDogewogICAgICAidXJsIiA6ICJodHRwOi8vdGV4dHVyZXMubWluZWNyYWZ0Lm5ldC90ZXh0dXJlL2FmZDU1M2IzOTM1OGEyNGVkZmUzYjhhOWE5MzlmYTVmYTRmYWE0ZDlhOWMzZDZhZjhlYWZiMzc3ZmEwNWMyYmIiCiAgICB9CiAgfQp9, signature=TrMHarHP3Z6Khex6DvbGlb5WcOY9Y6pil4WESP121eRzcjVeXA2gKpD9YIS1EqsdfPq2aP2Xn5AZHJmH5W5wk9ZwfcqjGe68gDCM7iKH89omWAEy/mOLUfEY2QU+8KUmf6eoFXek9gVWmOhv91RzfluPzcDvjSIcqihdnZl//FuJviWN9zagHHKwb7HmdziPUdtuxMnqxgW9uxKwqssPc8vxAvZ35anKrZXV/W3DK571ww+PMyFwUwr7wH02nHNy+Ec5FyHUUz+wWt/qE9smP/TyeiTlwnMzrsX7wZASxJMMXrSCLJ7U5LQo9uMZTEuEjylBHzo8fMzs/ZYWaafTz/DQnV31kHE+bDw4mFbnhSDO5vx6tUOHTKEtc8G7tVTYjoDlvnBychg0o9ttAmmMMOeqdY7MphQy19CUMlBvXduw5k67nv4Q5g8t36iL9FCxAXi6yohK+svqmFl3FrPheLzrPbmrmxDyIJffJt3qDUquBRQWcLeqRmCYMN5JearFYZ5YSBtxsE8HEO6pC9Kw4IF1vm9Ot5DrKQsOE7SLJy1i5nu0QYx5MG/qcI7CxFzMcA9yHd3CHDWvSceAQSCURgsuv8kr5bSoy7kxo5NUUk6+vivhAGvRPpwvbo6e/Ac/7J8hOLmE+IGuQbAh8XN9+nfUNwisHP6z+GSHubpn8NA=]]}] (no level)
[18:57:19] [Render thread/WARN]: Skipping cosmetics update for GameProfile[id=49b8173f-29e5-4b86-bbd8-31603c2f4823, name=g1uc, properties={textures=[Property[name=textures, value=ewogICJ0aW1lc3RhbXAiIDogMTc4NTMxMDk0Mzc2NSwKICAicHJvZmlsZUlkIiA6ICI0OWI4MTczZjI5ZTU0Yjg2YmJkODMxNjAzYzJmNDgyMyIsCiAgInByb2ZpbGVOYW1lIiA6ICJnMXVjIiwKICAic2lnbmF0dXJlUmVxdWlyZWQiIDogdHJ1ZSwKICAidGV4dHVyZXMiIDogewogICAgIlNLSU4iIDogewogICAgICAidXJsIiA6ICJodHRwOi8vdGV4dHVyZXMubWluZWNyYWZ0Lm5ldC90ZXh0dXJlL2ZkYTUxOTc3N2ZmNTQ3NDIwZDA0MmUyOTZkOGFlN2I1ODcxNmU0MTc4ZjIzZGE5YWUwYjZlODM2MmNhNjQ4NGQiCiAgICB9LAogICAgIkNBUEUiIDogewogICAgICAidXJsIiA6ICJodHRwOi8vdGV4dHVyZXMubWluZWNyYWZ0Lm5ldC90ZXh0dXJlLzVlYzkzMGNkZDI2MjljODc3MTY1NWM2MGVlYmViODY3YjRiNjU1OWIwZTZkM2JjNzFjNDBjOTYzNDdmYTAzZjAiCiAgICB9CiAgfQp9, signature=koJ7qp0MMU+4yur1Lf5uJvpIRAgxSiffjqFzLuv1GIfCDyFbGIZUJG69iLSCUmSXD3qo1Q2A2p2iyt8RAAMTO05TjdCWlzrMJnVs0v+6M793fV/mjmZEzsiz94tvAHjTE1rgXNuMUqyQWNZiBQ3Ad09/kpW5+EMkgt1gzeXAyg7VP5BF5k0AqULZjbRUKTux5jE+pHvadYQcy9zhW0rtsd3/69omQbSgqRXfbCam1db9fwhsGyd+OZVxuJZnWJ8KAWQYXjUDf35bBOo48k0vUODiTSxWx/K7Ej59Wl0K+ghDJK76gxTmbaljaJhQpkfAeOnoffgZmFUPEghsKsWAWT14NmMW15wQs6gY6gjLKddHcdfE+90501dGhD+5CtbWMNojop9dBvfJjz9AACjYBTMSh45zjEfcYNLF/PuQh8MsUGDJFcJjEXPohnMvATNW16Izclai6tqlhTi64vYgKs186YuQLn1UhSDrwDnI3YCtq0YAJtjBGeMEeVJ+p1m/mvepJFpsCOakmKRSbNwP/DxuZZqu3PV+W0ucgkLmleGaNm+rhZyp9dCxA8Z9FyuSxEkYFHAinsCm532LJSofiZy/89ZcR4c9FkQx8CeX4CkSj9M+/vgsMwCDhtxoy96VYEjEZqXS5WHQ2uvFWv/bjkbzk/83U3JfBadmsGwPcbA=]]}] (no level)
[18:57:19] [Render thread/WARN]: Skipping cosmetics update for GameProfile[id=9b60ab8d-4c76-4695-a98a-dfbfac2c71c0, name=W1zoX_, properties={textures=[Property[name=textures, value=ewogICJ0aW1lc3RhbXAiIDogMTc4NTM0MzczMDgyMywKICAicHJvZmlsZUlkIiA6ICI5YjYwYWI4ZDRjNzY0Njk1YTk4YWRmYmZhYzJjNzFjMCIsCiAgInByb2ZpbGVOYW1lIiA6ICJXMXpvWF8iLAogICJzaWduYXR1cmVSZXF1aXJlZCIgOiB0cnVlLAogICJ0ZXh0dXJlcyIgOiB7CiAgICAiU0tJTiIgOiB7CiAgICAgICJ1cmwiIDogImh0dHA6Ly90ZXh0dXJlcy5taW5lY3JhZnQubmV0L3RleHR1cmUvOWM1YjZmNmEzNzc4MTQ5MzVjNjRiZjQwMDQwYTc5NzRhNDFiMTM5Njg2YzI3NzcyOTEwNjI3ZGE0MWFjMjlmNiIKICAgIH0KICB9Cn0=, signature=Eterfb7xRw3Niw33n0tLbnFv/ZaK2B1cbNZb8PDPp4OArB/9C9ove1u6Hj0pbbCceTrpTiOq3JMqDke7mlQ4i+mGodBmYXr0FAk9LL1+T2UweDVIQtNMYF0Vi+OHBDosny+FppkZmAwZlQC5lQ0LYrePjtiHQKSl17fbo8IgsqtM8ROj2fck+M08U8WdSobdFpp0Z+ixr8VYijT2T8owDeJKNlfOPLie4Sqj0xs05jpWIhUuPwMRiR1zl9+hAyVqNa09Gtksw0+Ux493CdJpWkL00f4zW9S9joM1VrXt7uIRQs8k/NPIQ2HquAMBv+UMxYBx5+2z/Grc+KUCWmcBPDSTSvJFkN1MnkPeWj4/IG3hYgraJg66p8ITBn8+SmbaXJ0pYSFwksWNAtmD0Uu7V5/8mp3fNSA3olJBAvYzWzJ/CbT1tuTk9wui1nmq+euZH0b6FkBzm3wCI5DyXxHO6kFUUCMawpzGxLPjrVdCnNbvEkhLPO6q6m9RWYMUDHK2k8xDzhRqTvxa2frK0+MeesPlH7gocWQYzeWOiELcTdgxPhAoe4s4zGoSiq6chCtqmCuyMQicucQV8SE+qkY0szZprm52l6c0BV2WmJgN76AIq8NYsWYXTLnK4UPOB+u2M2marHSDC4e8SF9ZpY77kISaMydL2gItmLmM0mmkxB0=]]}] (no level)
[18:57:19] [Render thread/WARN]: Skipping cosmetics update for GameProfile[id=e28eefd9-5d56-4afe-a2a2-b6943f5105cf, name=MrMilaano, properties={textures=[Property[name=textures, value=ewogICJ0aW1lc3RhbXAiIDogMTc4NTM0MzkwODU1MCwKICAicHJvZmlsZUlkIiA6ICJlMjhlZWZkOTVkNTY0YWZlYTJhMmI2OTQzZjUxMDVjZiIsCiAgInByb2ZpbGVOYW1lIiA6ICJNck1pbGFhbm8iLAogICJzaWduYXR1cmVSZXF1aXJlZCIgOiB0cnVlLAogICJ0ZXh0dXJlcyIgOiB7CiAgICAiU0tJTiIgOiB7CiAgICAgICJ1cmwiIDogImh0dHA6Ly90ZXh0dXJlcy5taW5lY3JhZnQubmV0L3RleHR1cmUvMWY5OTkyM2MzNTdkNzM5MDE3Y2FiNDlkNjkxZTA1MmVjZTMzMjhmMGU4ZmQwNzIxYzJmMTdlNjEyNDk4YWQ4IiwKICAgICAgIm1ldGFkYXRhIiA6IHsKICAgICAgICAibW9kZWwiIDogInNsaW0iCiAgICAgIH0KICAgIH0KICB9Cn0=, signature=FoTiYhJTT/6pmR0K8ZjYncVAIIbdBihRRQHEIWqB2daQmqj6ydQoI6FV569VqxE1GEtt6XMLHS42BKriGJszxgUg75p3OZt1+cZ+kwAlUnhL6ZCcqAfxClnjxOVdqsTa9QkI26hsHa/CdhGRu/zYGU486RzovY3J40KqNTj3qsrSKzLsozfIQByPflCMKTeVImsz2qpdsQEKCAYQ76S6wwhrqxxdP5UWJrw74Dk8wK6kpZ4HOMH6qg1y4FavTB9uEV+msmeQ7o/4cKfrdRh27OSMmZRUhBZTS1YwcsgvP4kRvFqto/Un3pWGgywrXmIs5/grvZk0GHEQe+JsdDRlGekRSY7ViLD2d8mnIZH5ocZn64vqvAgywLbTj2z8l8wmY586nralmC7df7Qf9J3azF9AHNzD9TpZ5uj1U7GctTP2m1rhQ7qhf6y7L8wUoFyoMF1Ttsh7IRL+KveMWuLR3gId1Dcxwp1vmO8/Z09TxgnBSA/XB8IDJAxzxODfQY7V9ybr3zXFf5dbStIW/gSgIPVsW47pWGIukWvmU7mT5AnEJv/uilyQLqUdmnzGdJfW2Em1b8Ui4uZKn0huG5VXYJvR/WDZRtCffOYSd8WXd/2ZDnxHM0hM41ccQeJMnmFZwcIGUqDG2LYTyxxbn7lA86FaK2s/iIYhRZKa+YxeFq4=]]}] (no level)
[18:57:20] [Render thread/WARN]: Skipping cosmetics update for GameProfile[id=c8d1a6c0-ae14-4731-aecc-3d4711d51b31, name=_ihd, properties={textures=[Property[name=textures, value=ewogICJ0aW1lc3RhbXAiIDogMTc4NTM0Mzg0NjY5MywKICAicHJvZmlsZUlkIiA6ICJjOGQxYTZjMGFlMTQ0NzMxYWVjYzNkNDcxMWQ1MWIzMSIsCiAgInByb2ZpbGVOYW1lIiA6ICJfaWhkIiwKICAic2lnbmF0dXJlUmVxdWlyZWQiIDogdHJ1ZSwKICAidGV4dHVyZXMiIDogewogICAgIlNLSU4iIDogewogICAgICAidXJsIiA6ICJodHRwOi8vdGV4dHVyZXMubWluZWNyYWZ0Lm5ldC90ZXh0dXJlLzUwMTlmZGQxOGQ2ZjBiZjgzZmVkNWM0NTdlMDkwNzU4NWMzOGU0ZTAxNGIwZWZhOGViYTYxZTU5ZWQ4NTdiMzYiCiAgICB9LAogICAgIkNBUEUiIDogewogICAgICAidXJsIiA6ICJodHRwOi8vdGV4dHVyZXMubWluZWNyYWZ0Lm5ldC90ZXh0dXJlLzFkZTIxNDE5MDA5ZGI0ODM5MDBkYTYyOThhMWU2Y2JmOWYxYmMxNTIzYTBkY2RjMTYyNjNmYWIxNTA2OTNlZGQiCiAgICB9CiAgfQp9, signature=aUVdLZ1fdRR8kSHaeOf3eRtxebHNgS9gRed1iyeqCKJMRQzSEuNj+HLtuL85II2a0yCdaJOWDdpg8qSCnGXeiZRBCzNcgIkDwm3tFRgJV1uTgJXI6VFOtpDCc+S4LkM2mRgwEBvcvOuWoOPo/G0q43oKiapzH8OoUu7JZVw5UIG+jjeaUOLkzj9/VbGZFnOGidqEsEMsfTNPkHWYWnWq/GAuc7QdQDOjSqhKs/EPzE/o+C2wiIe6EyhgSBvrHLXIOdoSnMWA/SrRHrIbCjHEQ3EoMsrdZfEp6Ud1hARZoZQWtpKy0fOtDk/JFdrVliuwxe5zHLycxjRd9mfCWM0+gYzAya7VG62Q6Ae/07oMowxRIqhVnng78zJpiXSqUsYZFrP5+baoEUBOAc18BsQ6Fq20licoYuwQ6LFAWlD1PPRjFv3Qz67+17iHl3RBKqwDiGg168yaRLXE6l1y3qU1aXY6kzH5R2Wmxx7vDAVY7l4SNuk8l+cohm2BSO2sDx1xBs4SDKxVIxt8NHML97dAJfbtwuz+DcKe62QJLHJ65tz6vdIIpD7m58LsJo3YAXh+04KpndupvzYWOKPhp/ootGJdcdFv9Pt65YEWJVxpDCcsC3lfBia03WTGyWpYt7rwWumxylIudKQZ1FeReNvpMKqdOlDSeVSy6IcI7OHtmh0=]]}] (no level)
[18:57:20] [Render thread/WARN]: Skipping cosmetics update for GameProfile[id=b057d7cb-3d60-48fb-8340-92593e9281d0, name=cutiewsp, properties={textures=[Property[name=textures, value=ewogICJ0aW1lc3RhbXAiIDogMTc4NTM0MzI1NDIxNCwKICAicHJvZmlsZUlkIiA6ICJiMDU3ZDdjYjNkNjA0OGZiODM0MDkyNTkzZTkyODFkMCIsCiAgInByb2ZpbGVOYW1lIiA6ICJjdXRpZXdzcCIsCiAgInNpZ25hdHVyZVJlcXVpcmVkIiA6IHRydWUsCiAgInRleHR1cmVzIiA6IHsKICAgICJTS0lOIiA6IHsKICAgICAgInVybCIgOiAiaHR0cDovL3RleHR1cmVzLm1pbmVjcmFmdC5uZXQvdGV4dHVyZS9jZjY4ZTRiZDI5ZjZhZTlmZGEzODU0Mjg4M2VmMzYwZTNmMmZmYzU5NmIxNzA2Y2I5NWExMmQzMWYzMWQzMzM0IgogICAgfSwKICAgICJDQVBFIiA6IHsKICAgICAgInVybCIgOiAiaHR0cDovL3RleHR1cmVzLm1pbmVjcmFmdC5uZXQvdGV4dHVyZS85OWFiYTAyZWYwNWVjNmFhNGQ0MmRiOGVlNDM3OTZkNmNkNTBlNGIyOTU0YWIyOWYwY2FlYjg1Zjk2YmY1MmExIgogICAgfQogIH0KfQ==, signature=sTVypWdO5+VXGa8XecIvGK2UFh/NP5vrYjyHVJu2Zd+2qy6LaTfgySMIxgrEvh+8nViKPd1P6BEj/QK3DyC4hEskykKQlFnwmiVlN4yuuli3HhK4tI5Py608gRzDXJpB001EotNii9t6mB7WkiPKTJmh/hq4YX/+MLcusCEGo1S88UcOVsvOS8BeQkvOiap+aUj7kCmv447eBXyEb51fr0f2w7ea5l4E1jgJwolXTSRi2wteH8F42fGkRivETr5lQmrfIdhrKbM478w0yVn2MKW5eK1qojF5CZLnXtrtbhPc2k5QEyby6ONm0tk3yhBnthh6Fn59OEflUaITnLpKEXLkPkzOB8N5BM7PRTOO1trqLRwbomIe1peoudeKsVAr2lf/M8bokG+P9BYP8bjfGTgONyYQawqcHny5u+cF3V4jQdItSecrjB+sbg332kVlyPw+Dbm4x3e67hYkiXtvv1wpkcZ0HeQ3RIAnMWwW4XbKHshS+SoPXXTddc7YbbDxQACpZr2OZot9GhTkSHS8DxGx+42j7ZpgkHlaaJRg1FfpLFQ0gdhkuCwHMekB+Ed0aKy7g/k7bC7YKtdqX7NG3K3l7+AAwVzpaFaPBKwyjClRyCxIbaSrcaThmWjwVYAkVl3CAATuPpp3tykvtiK4SadKep7dACm+E1HdUSZbNY4=]]}] (no level)
[18:57:20] [Render thread/WARN]: Skipping cosmetics update for GameProfile[id=b9797775-5c10-4f7a-85c5-81961b0924e0, name=Daku__, properties={textures=[Property[name=textures, value=ewogICJ0aW1lc3RhbXAiIDogMTc4NTM0Mjk1MzcxNSwKICAicHJvZmlsZUlkIiA6ICJiOTc5Nzc3NTVjMTA0ZjdhODVjNTgxOTYxYjA5MjRlMCIsCiAgInByb2ZpbGVOYW1lIiA6ICJEYWt1X18iLAogICJzaWduYXR1cmVSZXF1aXJlZCIgOiB0cnVlLAogICJ0ZXh0dXJlcyIgOiB7CiAgICAiU0tJTiIgOiB7CiAgICAgICJ1cmwiIDogImh0dHA6Ly90ZXh0dXJlcy5taW5lY3JhZnQubmV0L3RleHR1cmUvMzFhNDUxYTZmNzU2MjYwMTIxYTU0NjU3MDViZmI0NTU0MTlhMmUwODg4YjFjN2NkYzE0ODY2OTIxZGFjNTRmNyIKICAgIH0KICB9Cn0=, signature=LK+X21dkSu/2McE8vBjN8cKqsPRDO8FWCPVV/HIuLosNXyRHxwEJR4r9oX5eLBc/WXjyTFBC6vXbbp6V3tnUjhM4iyzcMAMyWGElA0uR7ESzIyTeLP5icCnxNKN/YzuiiSpZ4Rx0CqCou+gIErMyXCpK67BU6c8Hxkvgh9TgwbtCioCS+W4+zUU9Ce+bsEu91fXCza3/GTnEjqCsE+TeiejfhUB9jo3s9axqtgbHTAsGqInRp+8WsLXVF3ZMlA4HGOyP23lvQLj0SJzlGaOEak0kUAFhbHe5gpHKsl2vs/oe34V+08StbwAF8mGOHrfM5HwhpmkZuQ0iCaVwYD9+70A2U7IiV4MQje5vqpPswvex+yJvo707BVDBF7hJeIWfRvDaaQ7EfPWKsJqDHjMl6cO6tuP1OQDds19rH38WELKZkjrbsRY77G9B3jA/1Zinmd6U3rNAjeLSxebqunGVCU8LMxvU+Ogq85pnerxrr+ZM4x3yNhSSds28FHGzLcxWPKlx6be7dgken+aZedImiIWQ0LiefbT9AJUBAhj6ZvqecClrTt5u2SiliIiCryNY58Lgza2Sry+Q1ueYe1YeXAHwTIh57zv7UsLdlSdciAotPqjcqXBFTkUa0ExJfzL6N0Kunq1utWM5roVYgoBSeFV+8p4pwCEvc5xAKYf1QNQ=]]}] (no level)
[18:57:20] [Render thread/WARN]: Skipping cosmetics update for GameProfile[id=de3506fb-34bd-4c9f-bbbb-47b4b6f02749, name=Golbary, properties={textures=[Property[name=textures, value=ewogICJ0aW1lc3RhbXAiIDogMTc4NTMzNjA5MDc4NywKICAicHJvZmlsZUlkIiA6ICJkZTM1MDZmYjM0YmQ0YzlmYmJiYjQ3YjRiNmYwMjc0OSIsCiAgInByb2ZpbGVOYW1lIiA6ICJHb2xiYXJ5IiwKICAic2lnbmF0dXJlUmVxdWlyZWQiIDogdHJ1ZSwKICAidGV4dHVyZXMiIDogewogICAgIlNLSU4iIDogewogICAgICAidXJsIiA6ICJodHRwOi8vdGV4dHVyZXMubWluZWNyYWZ0Lm5ldC90ZXh0dXJlL2E1MDAyMTU0N2M2MDAxYTcyNzVhZWYwNGNlZGI1ODg4NmE4MGFkYTRhYTYwOWUxMDViNGE3YWMwZjEyZDgzOGYiCiAgICB9LAogICAgIkNBUEUiIDogewogICAgICAidXJsIiA6ICJodHRwOi8vdGV4dHVyZXMubWluZWNyYWZ0Lm5ldC90ZXh0dXJlLzc2NThjNTAyNWM3N2NmYWM3NTc0YWFiM2FmOTRhNDZhODg4NmUzYjc3MjJhODk1MjU1ZmJmMjJhYjg2NTI0MzQiCiAgICB9CiAgfQp9, signature=RT8J4V3PEHGFg2m6B1km71m6pTKTDI2SpfYvrqHm7UOlLZ0U7kfGz3VSWmXegf6kNmBWrqU9Fgoc8yx7e3zRiWlwrjwCYuZ0pNZsHNKptXyE6/oGmZNqCm/4uqWykSk9Y9KieaMcZGwPprnmtDzatjY/ZG+qeZ9EC5cepjjOnI5OWkFWV6dLfteUYbUtv9fkgMevL/gp5Y55ryIObY/H72NXc5rwQNo43rk1d6pLTqfbY7tCq5dxvHMsSWUJZeTyg9qNjsca+sXNX+7ayxTTlgHGEQWB8vpCAWiJ04Ws/qlMqrqdDl5nkjjy9sDOXkNvHdmaFmDAotwa8eCXTpyq41ChPBA2uUkcqJup4d3zERzR6ipDUeXKRqws1fBQYd5MPvxDLr5s7fBe/Hj+0BtXUOMVdzQOeWdqJH4S2mxVLKUy1nsqX8yihdVHV7znrwdXEgJN2O0k+wW//j9dAaEk5pTOYuQhx5IAOVbX1tp4Ckr3QuMRcXy4h4hMl2WI+75cSU0AC6+7AdMu14dOigYtv+nkthB9ZaCSwsR9Auw7r4y7y7ZeEtcTkkWTHcJSN/mbzk9OVrbD1zPb8qZHVcYGlONQmn9sftS1C7Hr6X6jKtit2tpnf3yMXEKTy4y4KO2Vo4ZVYqaxY8CCU44QK8n98Vtod6ogIxmEPdE6Z/4i3ug=]]}] (no level)
[18:57:20] [Render thread/WARN]: Skipping cosmetics update for GameProfile[id=1577b2bf-4b23-41fc-9e1a-b047f70e4c99, name=MayoTV, properties={textures=[Property[name=textures, value=ewogICJ0aW1lc3RhbXAiIDogMTc4NTMzODEyNTU4MSwKICAicHJvZmlsZUlkIiA6ICIxNTc3YjJiZjRiMjM0MWZjOWUxYWIwNDdmNzBlNGM5OSIsCiAgInByb2ZpbGVOYW1lIiA6ICJNYXlvVFYiLAogICJzaWduYXR1cmVSZXF1aXJlZCIgOiB0cnVlLAogICJ0ZXh0dXJlcyIgOiB7CiAgICAiU0tJTiIgOiB7CiAgICAgICJ1cmwiIDogImh0dHA6Ly90ZXh0dXJlcy5taW5lY3JhZnQubmV0L3RleHR1cmUvM2VkZDk3YjBiMzQxZDZjNjIxODA2YTllNWMxN2ZkNGYyODI0MTE1YTUwMmE4OTQyM2NhOGU1ZjE2N2ZlZGQyYiIsCiAgICAgICJtZXRhZGF0YSIgOiB7CiAgICAgICAgIm1vZGVsIiA6ICJzbGltIgogICAgICB9CiAgICB9CiAgfQp9, signature=MGCWVRNTbCdM+bfo88ZKnVTI/pC1xct/U+fRuOePqbkgb1EaokD867AU10xs5edi156sVkujqC+u78LSlckL0Q0cwZASSocVI5KpQyjjumi+De1Zsw2y4tG/09JtZySX3JYY1S0aXTaPYjarK1hY2cSUHdRM3dzlj6TFzBxI8OvvhvqRSXEj0E+mn3u0rJwFSq1SlMVoaaFmF+e8l/2z9N1hF8NRsdNHBXJWiSozB4yqdkHOmEfDALD3ME83pIZGgRzcQYdy9WxyKeeuZ84wBBvvEoyX0x8ZvxcDqjq67d63ADZeK5JNOCLLNAEd1rrRptFT7b+Jrnf51WwSPb9RKEz1xztj7wcM1ibOzhqs/PDlX6ugJu19ATv+SseSoD+4NMuqcISySz7Zu924SkY+5uTMYQ395jw2oUuoGz1Gaonn7gV6Sr9tjZtdtDqVs+LfwEw3T6wfoepQ5IH3LoDLvoPH96h08sswBIlhic+kdlRtcvEjO33WPsCyhQeUdGmguA3mYuSV6uLBIlN+pDdyWLbD7yi6hEEUPDlHVHKidwPtNjmgeRU0hx+PuCLk9Man+EP75fWyF7q4O1OuFToIUqjWJysnkIiJQZ7TAGzZkMHFvKWuOMIdSLeSvHm/MttaFZqUdmUAsCr482V9EddCTxUF+2YTiwZ15Z0a1gGf+HA=]]}] (no level)
[18:57:20] [Render thread/WARN]: Skipping cosmetics update for GameProfile[id=10662eb9-fd04-4373-bb06-4dd0db7d8158, name=Doomed001, properties={textures=[Property[name=textures, value=ewogICJ0aW1lc3RhbXAiIDogMTc4NTM0Mjg1OTQwNiwKICAicHJvZmlsZUlkIiA6ICIxMDY2MmViOWZkMDQ0MzczYmIwNjRkZDBkYjdkODE1OCIsCiAgInByb2ZpbGVOYW1lIiA6ICJEb29tZWQwMDEiLAogICJzaWduYXR1cmVSZXF1aXJlZCIgOiB0cnVlLAogICJ0ZXh0dXJlcyIgOiB7CiAgICAiU0tJTiIgOiB7CiAgICAgICJ1cmwiIDogImh0dHA6Ly90ZXh0dXJlcy5taW5lY3JhZnQubmV0L3RleHR1cmUvNjU4MTViNWI2NWFmNTcxYzcxODQ3MTY1N2E1MjNiMDhhMzA4ZTQ4Y2ZkNTZhMjJmZTQzZjc4OTBkNmJkN2UwMCIsCiAgICAgICJtZXRhZGF0YSIgOiB7CiAgICAgICAgIm1vZGVsIiA6ICJzbGltIgogICAgICB9CiAgICB9LAogICAgIkNBUEUiIDogewogICAgICAidXJsIiA6ICJodHRwOi8vdGV4dHVyZXMubWluZWNyYWZ0Lm5ldC90ZXh0dXJlLzI4ZGU0YTgxNjg4YWQxOGI0OWU3MzVhMjczZTA4NmMxOGYxZTM5NjY5NTYxMjNjY2I1NzQwMzRjMDZmNWQzMzYiCiAgICB9CiAgfQp9, signature=pcndppZn/4BEjuk7mlu8CedIAXydTrI6Qx2Szwa/9/4Lwl6KmTPj84EtWl5YeDT8Z+G7Kb/qt6fTGj/V5nhgtN9HGJAW7fOPn9TJKF82+wfj0zGJoUPXKt6lL1py6qdMRth27f+OxpldAOQ8GcAYdiVhkx0Lgo5kqHfMKJW6/Tp3Hj9LV8nAUqVH/vvik08nDrTiZLd//QZ5ySc2WrK3YHy+QqdWyLvLFg8prH6gEKgIVtKpXUEWC/c/cGSBmvB2Hf+8oDpQF5knrcMw5O/PY/bQuyiyklF6zuaFUTELHR8vc1nkFS2tJKFG4aVIx3RMpnp6ToOXsq8PZ6vSUWLqbV/ZUv59Jo6cjsStam9+gvrM52/Zb9IKZFeYs0rjRhcikfrONPDQnEx5LtNdRSNQ0SLse6TL1u5rPu0j0Zi67oLBZXOweEUipi9v4O4yM/vZcSYHk3lDlwsFKT3eh1QUschnw+OzFgS2tjgFPiUkTb9xWiIbRtJmaQgR9C6Ciqn0okShwvaHFOwkRhGkTbCW5aCTI+3kTrvVpEqhb9294fZoIPiLakwy1ZO496f3omLglG90nAxmUPolZ2mB7qSc+sRlyXqrvODJl02E5jWwDTkfhChJiEKxlibi9UECDa6SW8WiRgaDbIK6Slw+ZrwixHLktQSed2MeAm9QYqSq3VI=]]}] (no level)
[18:57:20] [Render thread/WARN]: Skipping cosmetics update for GameProfile[id=9ef81fd5-12ee-4f5a-b83a-7e0ee4367f45, name=JumpyGem, properties={textures=[Property[name=textures, value=ewogICJ0aW1lc3RhbXAiIDogMTc4NTM0MjE0NTMwNCwKICAicHJvZmlsZUlkIiA6ICI5ZWY4MWZkNTEyZWU0ZjVhYjgzYTdlMGVlNDM2N2Y0NSIsCiAgInByb2ZpbGVOYW1lIiA6ICJKdW1weUdlbSIsCiAgInNpZ25hdHVyZVJlcXVpcmVkIiA6IHRydWUsCiAgInRleHR1cmVzIiA6IHsKICAgICJTS0lOIiA6IHsKICAgICAgInVybCIgOiAiaHR0cDovL3RleHR1cmVzLm1pbmVjcmFmdC5uZXQvdGV4dHVyZS83ZWRhMzAwOTU1ZjA4YTJhZTEyZDkxMTNjYjZiMWY1OTMwMjM1Y2FlNTY4ZmFlYjQ4Yzc5NjVhOGJmZDE0YTAyIgogICAgfQogIH0KfQ==, signature=kbI8j1O1BRk5uYuHh8U/z3M6xr1VfzekQ8/t2H62Qx/JnHbbCzHmGBWKwah7REVOF1uH7QNDZ6SOJ8kOwR5Dc9oQqeZL7ei1V1fGlExuopPtxLzkGxbhVBcNW9XInOdPI83rmc1P29Z2KtBw/TOlOyaw0ka8xqnx+SZYAXkzCBINr4HwmNkHG1iSGPZ0unMa0eivCoGuRB80Gh9/sZl4tftVN1v2eFtlGnH8J2yMRWBuwtEmtLKy5eC3OifR3eaGo34FiIwL04HeCirjPYZjAfut7SG8AE8PuughDEAzI3SoxW3SNKFjPnWn/BReZSkq0OfKtNxtpVqtSbBEyw77r4pBp7vqhsSLSzj2uara1BEl2+B108AYMFKjYyUdBWuQ+NtstzFVkNygE0lvsV6d3T9mwUDD+e4zXaB1h7JHs0pvi1frVB2ZnIRKVJZgYVHnajGyo5lJaUt9OvjwL4SYqBiuMHl3HIXGcGkCQf9sFUcQo8Y25DBjLdX3tboiGkHIQUWewyXpZGyTBmzl6924JfEhmPxzvZRIHcrN+Il6k9Ikc+tRBmmujCc4r2pGdBWE6pAhdFMKE8ubuavBb9BomtfG/WtLF30bNY2vSv7ecmyl1t7VXzaDK2YA0nseaskfSh7XnIS3BtKQ+QSM0NMfa8ti3C/EGGR2c710IhYnVoo=]]}] (no level)
[18:57:20] [Render thread/WARN]: Skipping cosmetics update for GameProfile[id=43aa1990-e7b6-4153-910b-3bfbd0a1e751, name=2amLuna, properties={textures=[Property[name=textures, value=ewogICJ0aW1lc3RhbXAiIDogMTc4NTM0NDAzMDc4NiwKICAicHJvZmlsZUlkIiA6ICI0M2FhMTk5MGU3YjY0MTUzOTEwYjNiZmJkMGExZTc1MSIsCiAgInByb2ZpbGVOYW1lIiA6ICIyYW1MdW5hIiwKICAic2lnbmF0dXJlUmVxdWlyZWQiIDogdHJ1ZSwKICAidGV4dHVyZXMiIDogewogICAgIlNLSU4iIDogewogICAgICAidXJsIiA6ICJodHRwOi8vdGV4dHVyZXMubWluZWNyYWZ0Lm5ldC90ZXh0dXJlLzExZGI5ZTRhYmMwZWY2NmU4MzZiMTdjM2EzODgwZDk3NzA1ZTdhY2FkZjZjOWI0MTVlNjBiMGM0OGZlNTc3YmUiLAogICAgICAibWV0YWRhdGEiIDogewogICAgICAgICJtb2RlbCIgOiAic2xpbSIKICAgICAgfQogICAgfQogIH0KfQ==, signature=aMb52HpHL6udoBDuoocpsRdQfpE8OHezDwSfPEJX+Fj3VxDApPppjeFOpxNLOay0nIubJWR1JJulWorSN+z8CTxqKHhI8PavBXlcc6cnff/nRjesCkKs+YXjYY9pks10ehX7tstaUID3xMtHQAGMGq+BmmteifLxaeQcUwH4OfrSZXnKk1JIaMzTsjuJ7Sx3BN+IrwRrDCRkrXLEV+vZ2Tpp9zc3R+r8fmnjejzYf93FL+uvemFmfYti0E2R6Zw1aPI6LHif5hrTkwGAUQcRuk6E8Kfr7HwRWBTFCqhaIOxI83IQ+4l6oy3rQX+7wzxUHm7M9ulp82/hBjiNIHrxCNHuSjVpqSEu3eqk/LmdUxD930t1FeF+QYehBLTScS6xHBF/cfHvI+k1MQggopleMTKN7LMfEKkBEP3uwsKjSHDCNxOna753Vsyq8m51Dc548jwcITzbhs7ufqvjjXWVQC9BVddD0XwK/70h37YK+jYuyFYauf2rMmPWOA+fzeDGJGpX6YWPVs/Kqk+gFRxjSBuxSIuAuvqhkmrtAOER3lzClvjiBrTwcx8L2wlwioEISrwhPJ6St8ZM2UCGwwphObEQS5sEHIRIsQkXLg20kBQSDSI8PtAmwJSYvIUge6NfQO3SAC/254IK+IPHI6ieSlN75Mc2y4mROwKdYQtPwbU=]]}] (no level)
[18:57:20] [Render thread/WARN]: Skipping cosmetics update for GameProfile[id=ae41aa6c-a128-42d2-8a1f-9058e8b90bc8, name=Cryx_cpvp, properties={textures=[Property[name=textures, value=ewogICJ0aW1lc3RhbXAiIDogMTc4NTM0NDE5NTMzMiwKICAicHJvZmlsZUlkIiA6ICJhZTQxYWE2Y2ExMjg0MmQyOGExZjkwNThlOGI5MGJjOCIsCiAgInByb2ZpbGVOYW1lIiA6ICJDcnl4X2NwdnAiLAogICJzaWduYXR1cmVSZXF1aXJlZCIgOiB0cnVlLAogICJ0ZXh0dXJlcyIgOiB7CiAgICAiU0tJTiIgOiB7CiAgICAgICJ1cmwiIDogImh0dHA6Ly90ZXh0dXJlcy5taW5lY3JhZnQubmV0L3RleHR1cmUvOWY2MTFlMDI5ODkwYWQ3YjQ0MzI1OWZjNzFiYmQ5NjIyM2VlZjA2NWNlNDA0YWU3YmQ3OTJlMmU5MTI0YmNmMyIKICAgIH0KICB9Cn0=, signature=nL8qSEtUTja0FWI3HbXMA4gqUandW9K5TZy6ovJDKn7bbss5bXmt5rPDe2OC9SSwAh4swtJ1q0YXDVMSoNNXeQz+sFqQCrqNu5bfMG3lIeoJ/4DX4ZSAtQBa5x+HpheSAjT3gOizkSasbkf8EUJHuTtjigvNH+VlW+27xuGOi5vzF3lE8m23qr+78GU0+YfQTuaUjy9GV9NM1DM1EjhD7AkH6BE6CFCu+gq3X72/cn9gjay33y9IZbUEm0iaNCzmFvvsceCd0/iBZvy2TCzxCNm3hwxUc0/7dCEtq/P1/7mvDkkXAgjIgOHgM4Qwnb/PJkhoWHQ/J9SYGQ96N/olv2jIgW9WOH4GcTOMTdLlJcpy/phKxHglNqygo3CDVhFtmm/pEBdHpC9je1L5GBp6TRBY0uHA/wJ22CoW3n6B0wAPHmhqw9iAb+PkySR8MGSoix2rEMKcCvDdiYdzCLK40lBEqfab5eoKBefUdse9nhOiouQv5B15YpScB/IFphmGQGpHuT1tT8niwISctnhC5BIbgF3oHfHs2wdVybucCMX9pbqOoCEyBTU6Gaxzv5qI3Xn83LmbXScDYyynIIxMWOxN0txQ6fDM6WyyprsnnHF7QvCbD9Kbh3mcBOfpzAL+y/gj08B1PSCNwEbudwOpsavntouGLxGc47fTCanWvBU=]]}] (no level)
[18:57:20] [Render thread/WARN]: Skipping cosmetics update for GameProfile[id=ac20cce9-9ccd-4cfd-9dcb-ec2db44a97b0, name=2pfp, properties={textures=[Property[name=textures, value=ewogICJ0aW1lc3RhbXAiIDogMTc4NTM0MjcyMzA5MSwKICAicHJvZmlsZUlkIiA6ICJhYzIwY2NlOTljY2Q0Y2ZkOWRjYmVjMmRiNDRhOTdiMCIsCiAgInByb2ZpbGVOYW1lIiA6ICIycGZwIiwKICAic2lnbmF0dXJlUmVxdWlyZWQiIDogdHJ1ZSwKICAidGV4dHVyZXMiIDogewogICAgIlNLSU4iIDogewogICAgICAidXJsIiA6ICJodHRwOi8vdGV4dHVyZXMubWluZWNyYWZ0Lm5ldC90ZXh0dXJlLzQ2YWNkMDZlODQ4M2IxNzZlOGVhMzlmYzEyZmUxMDVlYjNhMmE0OTcwZjUxMDAwNTdlOWQ4NGQ0YjYwYmRmYTciLAogICAgICAibWV0YWRhdGEiIDogewogICAgICAgICJtb2RlbCIgOiAic2xpbSIKICAgICAgfQogICAgfSwKICAgICJDQVBFIiA6IHsKICAgICAgInVybCIgOiAiaHR0cDovL3RleHR1cmVzLm1pbmVjcmFmdC5uZXQvdGV4dHVyZS8yOGRlNGE4MTY4OGFkMThiNDllNzM1YTI3M2UwODZjMThmMWUzOTY2OTU2MTIzY2NiNTc0MDM0YzA2ZjVkMzM2IgogICAgfQogIH0KfQ==, signature=PeicR4fsbsbvZqDEJ84Lj7zUQdZLQ46umU7FGpRJqDikuX2SQVylQlqgRbUlcFwInxjA69zRcUBAOiUQOgLgBbcX4KMzX3z3KCE3iiuZm6556aS1Q+oWEhp45WGQZsUYJeP6khNaf6p51rlw0bc0b3ba03eSYeegsZWMgJqZNCh9+ZPCIKRqTJ/ercH3P2NC0LO1W4zDB8zw5o08irW01cIvrRdkj3ngX5EtlCQ9DLvTtJCTgPZeLrUXiLz8tM8WmcM9KSKYV/lgfWHYgWSze7FDaGwST0n1WMnM2DE34ky9PcdlnDng9p7Y4X39E31zIQfXU3Vljzx5kkUAfoSa0I+6hWhoJ/9+ikrMtehsW2OvLBR8w7Fpf6vX6IwjjY/y7o+mopaSwICJtzh2D6JYW3/3zotkGc0DNqoryL8vSbrPLj0mmPhB6ng/r/pgYheGJtuUhQqUXWdLOxCpmBdcVnEcIMRYTvdrJcjdmqrdbZr39cdhFY3rnYmEnUp+20aslxz8iLqpxmqH5EtiYYLYFd4X04Igy8J36YwRrb9JnRPcnlCXdhQlepLVan+kRg3ArlTuooAa9cll7aDZ05t3wlYkvSQm4/hqRjQw/QN4Ng64cxPMPbHXWDcP3Zwp3/jnLWtimWPfwHHEjT352CFnqG91p+CBVlMU/hhfDyw/o0o=]]}] (no level)
[18:57:20] [Render thread/WARN]: Skipping cosmetics update for GameProfile[id=f4e4c40f-b185-4835-9303-8e0819ab771c, name=Mik4s_dUgiRa, properties={textures=[Property[name=textures, value=ewogICJ0aW1lc3RhbXAiIDogMTc4NTMzOTM5MzUyMywKICAicHJvZmlsZUlkIiA6ICJmNGU0YzQwZmIxODU0ODM1OTMwMzhlMDgxOWFiNzcxYyIsCiAgInByb2ZpbGVOYW1lIiA6ICJNaWs0c19kVWdpUmEiLAogICJzaWduYXR1cmVSZXF1aXJlZCIgOiB0cnVlLAogICJ0ZXh0dXJlcyIgOiB7CiAgICAiU0tJTiIgOiB7CiAgICAgICJ1cmwiIDogImh0dHA6Ly90ZXh0dXJlcy5taW5lY3JhZnQubmV0L3RleHR1cmUvMWU3MTRiYzk2Mjk4NDhhMDcyNjIwOGM5OTEzZDE0MmIzZjM4MjQ1NDg2YWZmNzgyODY0NDZjYzBmZmNhMTNiOSIKICAgIH0sCiAgICAiQ0FQRSIgOiB7CiAgICAgICJ1cmwiIDogImh0dHA6Ly90ZXh0dXJlcy5taW5lY3JhZnQubmV0L3RleHR1cmUvNDc5ZWFjZWZhM2NkZDdhY2E5NDIwN2YzNmMwZGQ0NDk2NTNkZGYyNTlkYWY0MDU0NGE1ODY2YmFmMDVlZWUyMiIKICAgIH0KICB9Cn0=, signature=kj5NtciFClA/Yw7M4+8s8vcLZQmrfeRq6Ol9cSGctbXGrfh2gOjwxrH+BLUXurLwWNhU0KKJlpxG/IUZmRwp+y0wjRTYfb8+z82FOoT64+w1FenJ+VYQaSwT1mloK47yVdj7JH3WyJUN5BgmjfyWJHaibWvcZhjLO7Y8sSaLRREEJGbdVPvWNF0UPqaDWqPRQaEumcX68iwrg6tdGJV03acnHQEMzeH1a/Zrv01iCNwEnQFxffh8QH/w3FmrE56+1GByUzY+6Kfp1DPdMzyjDRMAIKLaE/bg1a1WvmRkRDh9P7PABCkYvNh9xML0CLVBxBMlJ1+Vv45o9eOVc9QHFpfCiIffv+yNcfODbVdpZApb5qYZAbnD5s9p/AXAWFuOsX/UDD+sFI3k7F+cwSfpnv76ujoEHLet2hu/MUpHeeV7BPVIPs4fXjEfHEQeIuvv4x6By/CT/0MheiFLnd/pj0svZeR1CWzQz8K1sr6URlHgp2iEThKGEuX42uLYZJnZSRFpWkvnb4gXTvGppw9zIjh+rkvOPHwqWWpctMv0CkZ2SmzkmtZUKBqTu7xN3wWeiJOsfa7SPbgx0Ce0528W7d0oS/07nV4ZDu4zo07CEQXDN2r3sYU8NAywiZaoFnYWnWbHSd3SIo+AqqnkXwImEhtBMLdoI0roqQ8mtQ6IrIs=]]}] (no level)
[18:57:21] [Render thread/WARN]: Skipping cosmetics update for GameProfile[id=3b7e2fa5-c174-47bd-83c2-afcad910dfec, name=mejro, properties={textures=[Property[name=textures, value=ewogICJ0aW1lc3RhbXAiIDogMTc4NTM0MjkxOTQxMiwKICAicHJvZmlsZUlkIiA6ICIzYjdlMmZhNWMxNzQ0N2JkODNjMmFmY2FkOTEwZGZlYyIsCiAgInByb2ZpbGVOYW1lIiA6ICJtZWpybyIsCiAgInNpZ25hdHVyZVJlcXVpcmVkIiA6IHRydWUsCiAgInRleHR1cmVzIiA6IHsKICAgICJTS0lOIiA6IHsKICAgICAgInVybCIgOiAiaHR0cDovL3RleHR1cmVzLm1pbmVjcmFmdC5uZXQvdGV4dHVyZS83MmJkMGZiOWM4YTk5MzFjMTExNzY0OWEwYzNhMGU5ODYxMGQ0MjgwNDQ1Mzg1OTcxNDAxOThiMWRlMDc0Y2YwIiwKICAgICAgIm1ldGFkYXRhIiA6IHsKICAgICAgICAibW9kZWwiIDogInNsaW0iCiAgICAgIH0KICAgIH0sCiAgICAiQ0FQRSIgOiB7CiAgICAgICJ1cmwiIDogImh0dHA6Ly90ZXh0dXJlcy5taW5lY3JhZnQubmV0L3RleHR1cmUvMjM0MGMwZTAzZGQyNGExMWIxNWE4YjMzYzJhN2U5ZTMyYWJiMjA1MWIyNDgxZDBiYTdkZWZkNjM1Y2E3YTkzMyIKICAgIH0KICB9Cn0=, signature=wrtWibCKMeZEXn5DHmmbC6FMcOY99Ckv6beL5egd7f0ygDeFW/8vIl9Y8Mdw4ZAGasd3WzbqA0FP6dePjbnNTKr1nRJMo3Vx9wDbTMIEfnF0qOyzXVeVDCfT8o0oJJfcwcnQIn3f2oKyOdukFF4rj9x1N6e8O1a+2KRiBhInvK6kmooEPlrN8LCbdBOnHW8l/+eA8O5ysLlXT9nCjGqjdJYtnWL8bY3cbedDNaaJnXaEp2YZayDVB16gaohN25fihsXiJVG7Z78x7RfpNwjLz3oexA+NBFx5rGPWtgqbgr6KnGj0YJWf7D2gtIZsITX0CLYFoaSyvlEJAZOlDnR/dyFxRs2wv9aRU4tgtDQxXUL/crVSG4jKZAtjAzL2I6B1xpcxLpYShVe/MC5L4v/ipY7jZIITEIAihumWwWy8swJXTwXSJoXJRYoMp8WVQrxL2zEKhLNhQGKKdkhJ/mL/t3YD4vA7Dhqd6jJZEUvrVScO4e/nMJdHwhPREau1JOUL8KIZ9Uj3S92U3Nwd7MGKEHcOSqi3eKhkXpuNRQKJpGtvbR4ts7IcD6boT1TlPBfIuXwx4rUH3+K9Uow+lqoKDGDObZYEtxktXDa/jLH5gvAvEy3T5UfGXx66AhlWtaUz8cq9m2RxC0rYRDTKuT0K0lXsxK4sXKcNxEy3pyxVuh0=]]}] (no level)
[18:57:21] [Render thread/WARN]: Skipping cosmetics update for GameProfile[id=d82002d5-4dc9-4e86-82b7-ffa452eeb22d, name=LordToastman, properties={textures=[Property[name=textures, value=ewogICJ0aW1lc3RhbXAiIDogMTc4NTM0MzY3NzIyNiwKICAicHJvZmlsZUlkIiA6ICJkODIwMDJkNTRkYzk0ZTg2ODJiN2ZmYTQ1MmVlYjIyZCIsCiAgInByb2ZpbGVOYW1lIiA6ICJMb3JkVG9hc3RtYW4iLAogICJzaWduYXR1cmVSZXF1aXJlZCIgOiB0cnVlLAogICJ0ZXh0dXJlcyIgOiB7CiAgICAiU0tJTiIgOiB7CiAgICAgICJ1cmwiIDogImh0dHA6Ly90ZXh0dXJlcy5taW5lY3JhZnQubmV0L3RleHR1cmUvOTllODVlODUzZGZjODgxOWEyNTNlOWY4NzBiMzkxZjIzMjQ4NDE5ZDE0ODQ1YjhmMjZiNGZmM2VkZGRhOGMyYiIKICAgIH0sCiAgICAiQ0FQRSIgOiB7CiAgICAgICJ1cmwiIDogImh0dHA6Ly90ZXh0dXJlcy5taW5lY3JhZnQubmV0L3RleHR1cmUvNzY1OGM1MDI1Yzc3Y2ZhYzc1NzRhYWIzYWY5NGE0NmE4ODg2ZTNiNzcyMmE4OTUyNTVmYmYyMmFiODY1MjQzNCIKICAgIH0KICB9Cn0=, signature=Q4cn2Rm71WKD6uVsQUff40d4lfPdijS1rcEbjmyEN33YMF025hoEK48fzJDvQhl1zjPy4KVUzjMfoucH6jRkpaxpIzEvF9/WW1j/qAVh2MrWwAGvW2Tp11Vm4EJCYArcb00IGfey+4JIlJjPCwRKnx1FU0mx0R1gmxUUCLeeeK1Rdn4F6vKhr1yfy3TpOyYThor0Ctu6/owmlbzdGHrkE3AE4/c6R5FMdMBL1H5nkxBxwO+bPtF3jnIMCijl6r94vbn+0Uh2ufyDLGTcWedWPf1kCEyoB+s4XjQD0OAF7Td0TPVWa+toM5ynweKAuTusgyPpz6OK7EfQLrD/ymw8OzPf6Ah/Iz9IPUFN8bKCgx8Ny7lo1ca1HSUe8CdxsrDn36Mzu0mV+5aMQBrJB7qWZ/JFroRK0zFSB/AQG2fT5uwJWf51SKaBGViFkq+zv5Hm+Rr/gGjQInc3PCWtUfD7dvdp9HU9J9rcprESIZoU2KMZ/SaZBHj7swec5+/fcsKE0dQ5BOMxAmHw5x1eMSGZDTEE/hefz/7RUl81BodBapw0s+8kk3edxN89vPD/BurfLybUAn/Vp5Nsjl72FCeW4PeqfKJXOsZA89BNqnRAUO43WrYS0oDBRUPFFDvmPPvTOdSrgH55TEIAcvoU5+3pVa8/hurL25cjY3HyciMyEgE=]]}] (no level)
[18:57:21] [Render thread/WARN]: Skipping cosmetics update for GameProfile[id=5dd16d4f-734d-425c-aed7-985d5884286d, name=HaitchL, properties={textures=[Property[name=textures, value=ewogICJ0aW1lc3RhbXAiIDogMTc4NTM0Mjg5NDk2MywKICAicHJvZmlsZUlkIiA6ICI1ZGQxNmQ0ZjczNGQ0MjVjYWVkNzk4NWQ1ODg0Mjg2ZCIsCiAgInByb2ZpbGVOYW1lIiA6ICJIYWl0Y2hMIiwKICAic2lnbmF0dXJlUmVxdWlyZWQiIDogdHJ1ZSwKICAidGV4dHVyZXMiIDogewogICAgIlNLSU4iIDogewogICAgICAidXJsIiA6ICJodHRwOi8vdGV4dHVyZXMubWluZWNyYWZ0Lm5ldC90ZXh0dXJlL2YwNjZiZGRkM2VmZGQ2MmE4MTRmMGRiMDk5NWFlYjQ1NjYxMjAxZjM2ZDRhNzYxZDNiMGI3N2VhYTEzZWY2ODUiCiAgICB9CiAgfQp9, signature=iW3FqEaWTcpmIPZyHejI1X8aX2oqI4K2BwFWaykUZlOprsjtLG/ctkmogo517nWjZeCzoTml3dsp2Vpby+9OWSu1m813watvb3twAR8wX407eRyZTt/d3pYVj4m2G5lI9iIIj7CsiZNSXnLjZZgXgmhotq7XuDNRBq8e7Tirok27PDzq9yHSaYBSyiq8RKqwwlLYLlnnV5RMJeWh+nN4+QSG7E3y3LaraIRgq0CV6cerJtoLyjIXCnjzfp22L9Dv7Sy3H+5htwq3O+LPhKLh5xuq+cXNtsPOvtEhNJfID0RIgLxlEz1YTgmwGnGBQyOCDrC9WkU7x0j+5iw4SdJmV41mGUzhznhFlU0kNLEBX6Cng6M+mgXdMNlLJE4XmQMfg9z8tK7lXHMJdox5qQLryyYmfcgwUKNL8MgrO5gmEtzBa7+NEJmsw4cg6eJboEvyVRgZhYYoT/tYJAqCCETIWeGu4/Kw9qR6vIWv30xrtFDdgEhC4ubdP6VOup8rqYuh7z1qoNwL3eAhFtfiL1lJXzbONE2vO6i5a/NXIxk/24EYAL804AMuxmaNcy2dbd/KaS06HrJ/9LeD9Wk4TuFY5G+EebcrCt/0/epb75bkSn2oPMIMPT4NC5eGjvetvwng2XBeoQCL7pGSwqB1ql4+m2rktDIGzng2MTW69yrf4T4=]]}] (no level)
[18:57:21] [Render thread/WARN]: Skipping cosmetics update for GameProfile[id=441d4af1-643f-45cf-848f-4cec06cb40d9, name=LrexTTV, properties={textures=[Property[name=textures, value=ewogICJ0aW1lc3RhbXAiIDogMTc4NTM0MjkwNzk1NiwKICAicHJvZmlsZUlkIiA6ICI0NDFkNGFmMTY0M2Y0NWNmODQ4ZjRjZWMwNmNiNDBkOSIsCiAgInByb2ZpbGVOYW1lIiA6ICJMcmV4VFRWIiwKICAic2lnbmF0dXJlUmVxdWlyZWQiIDogdHJ1ZSwKICAidGV4dHVyZXMiIDogewogICAgIlNLSU4iIDogewogICAgICAidXJsIiA6ICJodHRwOi8vdGV4dHVyZXMubWluZWNyYWZ0Lm5ldC90ZXh0dXJlLzZhZmVlNGY1Njg4MDExN2EwYmFiYmVlZjc3MjcwMTdlZWVkOTM4MGQzNTdhYTJkZTlhZGJiYmQ1MTUxNmYyNGMiCiAgICB9CiAgfQp9, signature=psKxH5PYaJiCaTk4cbtKVwzKYjnZUy9BoeBM2X/Ui+vCPc//f4h5cAhI88DQkcs2kyVZzcvPnaS8oPmvoAIdluNvzR/hrP2OjDpZZ3WmQl+ACZ4yAkT67SyC121OxZr+17fGWeXDBpCFv1DSwIfgtRyXaLBieUBomardVd1ZSx1gn0j6GnVMjNvVVWMfHqutlcOpmCHgo695McZ7KCJzsRDFUkQxGonM5PnqlK36KGj/fLDwP2RM94LE62dvIXXV+Q2GYfkFO9eZbITAPpUieD0wEUXkEwTbMsHnC8uJah71UPZIRZm77+Jpe2b7/6vg5vZXnVpSQ8dyeEhcRdN2titOiAHTAJ5fx8VL8QP0hzom4O/vhIwc8WWIKE97O/jbvxb2xfP7dZ+RA9ZOyX8wX05qu5ZEH/LWQnzDvKjVn5eIvxCx5wb4ANrnvutdb/XcYLC3k7DZCEXD+IbGKMi6wsUJVZCTnw7BXLiAxWuJhuGNPAcKmd5YhsI6/8ar88Fo7jH7RRlvVh0vzVAraDS1H5sxx9T7fRBKDQhAchzbyrhxQn6PWmen0tW1lwQe/UNvp7j5kMQnsL5X4GxlvHJORqTo8bO0WiwmAf5yWJ8TphDdORYFkIqHkpsEsHK/KdeqoJLBMAQTsGSAx9H8bPJOV1ybfpWqJX7wPVU0uRRzGRs=]]}] (no level)
[18:57:21] [Render thread/WARN]: Skipping cosmetics update for GameProfile[id=70d3404c-2181-4db6-adcc-f9f7bd2cfbd3, name=KingSebMc, properties={textures=[Property[name=textures, value=ewogICJ0aW1lc3RhbXAiIDogMTc4NTM0MTQyMDc1OCwKICAicHJvZmlsZUlkIiA6ICI3MGQzNDA0YzIxODE0ZGI2YWRjY2Y5ZjdiZDJjZmJkMyIsCiAgInByb2ZpbGVOYW1lIiA6ICJLaW5nU2ViTWMiLAogICJzaWduYXR1cmVSZXF1aXJlZCIgOiB0cnVlLAogICJ0ZXh0dXJlcyIgOiB7CiAgICAiU0tJTiIgOiB7CiAgICAgICJ1cmwiIDogImh0dHA6Ly90ZXh0dXJlcy5taW5lY3JhZnQubmV0L3RleHR1cmUvMjQzMmVlYTk1YmNhZTg4MTRhNTg5NjUxZDU5ZmUxYmFhNzI0N2JlZWYyYTliMTQ5ZDJhMDA5OTU3MjEwNzg3NiIKICAgIH0KICB9Cn0=, signature=dcQIroB35NoqDcdE+OyQhpM0uStkxpN7lUCIJ07T+CCbOB8Alm+/dTmg6lzGdvMyN8Y3lhC1oW1MyCpMs4AQRT/AP90+yMqQh4ECGq+ZB8LRKUKaSa4pDBfSXB5QS7vJhug+49Ko+hmIZuN+UG4cagZZpc+B1cgKAMebyX/8Abu5zYJypbIm6y97UEnBLa+mh4yQ2estc0e8JG8e1KSBcjQbnfDTLVHDG8JxPzEgoSn/+1ri3M6n6KAXC52Oq6f19Hxytk+kFDwGX5Xm7c7k/u4zmtuFUJyBa7zcsfKjiK7gAlWizkY6H/aWjFjvuUWCFju8hRjzzDjstoU5sWncpPFZAWdjMCFAU3gyvPYjQ9hfG8QXIuktR9TXVZ2RDfPJrrzptYClahV5Lv+uxKwUVJpEeLJ74uayD3ODEvECaDr5Ckbmqqb9P1KiEc5z01jpmAlTCNokdD4Mfl36s0TDLJ8jcfgCgTsvbvI40AhO0G22uOxTaBjzfdsXgGcaE8swY4dxkwsT/0vTnqlUdfS+wuOnnUc5B//nV9/cYoyDZpYnGvo2VzWha3y9or/6wkv103IiKFv871EZfaRIFWfiRtyZ+ltAdl/3+/RfQQITl7iaHbWAAX2poUV5u3V8w3U9GZ8YxRtaVyZZYZ33mwm6jB8A0sJ1sMmuja8L5HCqP9I=]]}] (no level)
[18:57:21] [Render thread/WARN]: Skipping cosmetics update for GameProfile[id=a8082c32-b812-403f-bba4-e1f90a318394, name=AlpBey3503, properties={textures=[Property[name=textures, value=ewogICJ0aW1lc3RhbXAiIDogMTc4NTM0MTg5MDgxOSwKICAicHJvZmlsZUlkIiA6ICJhODA4MmMzMmI4MTI0MDNmYmJhNGUxZjkwYTMxODM5NCIsCiAgInByb2ZpbGVOYW1lIiA6ICJBbHBCZXkzNTAzIiwKICAic2lnbmF0dXJlUmVxdWlyZWQiIDogdHJ1ZSwKICAidGV4dHVyZXMiIDogewogICAgIlNLSU4iIDogewogICAgICAidXJsIiA6ICJodHRwOi8vdGV4dHVyZXMubWluZWNyYWZ0Lm5ldC90ZXh0dXJlL2FkMjVkZTZiMzFiNDQ0YjJhNWU5ZTg0MzMyZmQ5ZDhhZTBhNjk3NDg0Zjc3ZTQwMjUyNmM2N2U4NjE1NWMzZTAiCiAgICB9CiAgfQp9, signature=g68KLBwxAW43ggJzn7R1mIZUUdwitcV/COo/uERK/86pL6Y1+G6KatespwYltPgH2ZLkmYWAN41mi/o9z6HOcRXE3p8FkZH/YoUdQ1oB8PVgSeIw+0f2cBeGbmGt6oK/4IE+R6izfKd4mbV4uqnnODvr65Q+LJr3eY32sveLvJxEIcn/P4IyQ3t014g/r1WZGrxYuDVcL6xE7JczLpVfNwW6jPfCM+BsZn/kMTKMfaIpAAZLHQhO+HkLdWTDndul4RXuDYPCnUvqPMyof9zr6R7WTJ6RG33pXI1Dlp76v3MO9J+DhhN8huweOL01X4AdCke2oaJB7kGYkCmhwj+jRgSaU3ynqzjLyQ5w1vXwata11RR8ZLrud/PrXD0K4Eo3KJDHpEfkqtYkQyPTPa7Ekbeaf/S1ss+oRKcNtL9w5pFEfSl9PQyD8xT25vXzoE7dyC1XVKJ4UAfThXrzC9oh+7nLCkGt8XuERbzv9UgcE3yZ2k8lHPkp2pvqM9ODm9DqCgU4iX1my/exWkuTi3d3qyxuqxqjUGKIXrlYtXdbbFcAx2oWlCrLCd/ZUd+cgPWGpWGPdopc+doOTUFOTKor54J82l8VAoC56tyii++dxyj/WV+k7Fgrqd68hzAbni6Nu5vrOqLGcYwRoBXiOEjk7qwNfsxL7/8aCbXPBXn59zM=]]}] (no level)
[18:57:21] [Render thread/WARN]: Skipping cosmetics update for GameProfile[id=9d2b3b1e-0150-4f0d-8d1e-a4747886856b, name=FlashAlexMP, properties={textures=[Property[name=textures, value=ewogICJ0aW1lc3RhbXAiIDogMTc4NTM0MTgzNzc3MCwKICAicHJvZmlsZUlkIiA6ICI5ZDJiM2IxZTAxNTA0ZjBkOGQxZWE0NzQ3ODg2ODU2YiIsCiAgInByb2ZpbGVOYW1lIiA6ICJGbGFzaEFsZXhNUCIsCiAgInNpZ25hdHVyZVJlcXVpcmVkIiA6IHRydWUsCiAgInRleHR1cmVzIiA6IHsKICAgICJTS0lOIiA6IHsKICAgICAgInVybCIgOiAiaHR0cDovL3RleHR1cmVzLm1pbmVjcmFmdC5uZXQvdGV4dHVyZS81ZDAwOGVlZTRiNjMyNzcyNWUyODdjMGY2ODc0MGQyMzU1YTk5YTlhODU1YjAwYzNhZjk0YmU3YmIwYWVlNjUyIgogICAgfQogIH0KfQ==, signature=g9UUMfis7vcCVNuJfEZ/vKRAbgqrPRwhbe5uLwLHx7x+ZJUVNOvKi16AEevVVHNianEGOud2rnAidXvgI7SNTQG7ViAk4fxEkNwf0iPraI4/zLX53Ef44prmGM673K0kCN+RIxlxcq8uJJHGPgCHzLz4dGbHpTZkV1LoKkqgrT+9gVmwLKcsXw8a5v9wj3DKstuH9N0fL1y4MiH8lr3M1wvfPkc8JDlw+K1DRJKK+LvWYlzkVYRLoYNBDBbJBQLbmEVkqFwdddiLPSpy99fry5TVID73HcNGubSz1A9zZISNpE4L0NGm7vI2sY84Wi5Wqpx6sRBaNJVI/5Z/sVNgbSsUaXQu6nqjr5rYprK+XDC+0tjFD8ZM/vTe9yLnR1F2MxqmE60rh+xkv3R8Zep5O+RS2EpfbsMnIqJfmJySjnHwuNFaSdz4E3N2IWZzGTcKyuttgc3Egbxrgyo1aXqpRg7AdITpZpjGUkV94phKxmPyI7ztdqyJUfi91egASBuqghAeJCeSov7ztKLE3keLXa8Z+XuIEbJs1e3KUtg/cdeuuZ/NYt+DfaaPWcNq1wNbygGPwI3HCwaHGPB7U4LHm+sVOvUZcwU4bHXuOCwg5fV09iRsj+bxkQF/RhO3lk5Ul7BGACbQo+FxgpZprXyJWLIDGQQMLfteyKpehZ6sU/w=]]}] (no level)
[18:57:21] [Render thread/WARN]: Skipping cosmetics update for GameProfile[id=bdfd7f76-dc2e-44c5-a131-347d7ec9ca8a, name=fubol, properties={textures=[Property[name=textures, value=ewogICJ0aW1lc3RhbXAiIDogMTc4NTMyNzA3NzgyMCwKICAicHJvZmlsZUlkIiA6ICJiZGZkN2Y3NmRjMmU0NGM1YTEzMTM0N2Q3ZWM5Y2E4YSIsCiAgInByb2ZpbGVOYW1lIiA6ICJmdWJvbCIsCiAgInNpZ25hdHVyZVJlcXVpcmVkIiA6IHRydWUsCiAgInRleHR1cmVzIiA6IHsKICAgICJTS0lOIiA6IHsKICAgICAgInVybCIgOiAiaHR0cDovL3RleHR1cmVzLm1pbmVjcmFmdC5uZXQvdGV4dHVyZS9mYzU4M2NmMGFiYTc1NjgxNTUwMzlmNDZlNjg2NzAzYzE2ZjQ0YTI5MzQ3M2QzMjlhM2I2YjZjYjRiMTMxYjk0IiwKICAgICAgIm1ldGFkYXRhIiA6IHsKICAgICAgICAibW9kZWwiIDogInNsaW0iCiAgICAgIH0KICAgIH0sCiAgICAiQ0FQRSIgOiB7CiAgICAgICJ1cmwiIDogImh0dHA6Ly90ZXh0dXJlcy5taW5lY3JhZnQubmV0L3RleHR1cmUvNWU2ZjMxOTNlNzRjZDE2Y2RkNjYzN2Q5YmFlNTQ4NGUzYTM3ZmYyYTE0YzJkMTU3YzY1OWEwNzgxMGIxYmRjYSIKICAgIH0KICB9Cn0=, signature=qzWVymnnkDyiiqZCk/sHoI4wkRfs52ZUTLa90cYnkeI829RuYphAbyDdLE6NU2p3hhcFX30zcHBH9cco/tLCC8GaOocnaWvpVZtMl/JoaUmNyA2LFjv+qACbAgWbm0BQ5pVsIH6SMKAShzJE6CTTnF4JnhankxtmHuErF5KYAbsnFzS5Ff7FHhubguBeXxu7qK+D6x2zUfhR/Q3Kvsp6qvuoe6VdO9qQjDa74SH05Y+317517tZIB3GcAbBDdrIYvAU7y97rAUbGwrKlt/8cZrHBN4apRVNTtqvkQHzZaR+lymYtVfniNp3k+ELfY6GXCJk7mzRXBsPGg/Vp8fVDTKvA+VEehJ3+5iwDUCKj6cbttF9sWbBewgwVj9AmwpESTF1de8vV11XtM1okAOnorbbqonmE2hhbrJbPpCxhvSy1AtGLd0/0BW8/ZZxz1e+j3RKR35TM2ELz1vWIJIACmV4YtXGvKxXp6xAs5u3RIhriMpfL5/aNlqlHO7SfAi+mzvpC6VgH45Jj9mIXwrp+UCDuR8mD/CrmOKGt5LqECZBPOws1le9/QmR54h/asP7euGzSqLoVLh43kzIos/lePOnApx/xaC68h9uPLQsKHvVy/A2ZMCS61k18+6ZtNj0CXNaQV3Tucombqhm9tk8uNCsuC+NVOR7b6yBodlnEmQU=]]}] (no level)
[18:57:22] [Render thread/WARN]: Skipping cosmetics update for GameProfile[id=89ed9031-f864-41ef-9e0e-c09f8c275b09, name=HendogOfficial, properties={textures=[Property[name=textures, value=ewogICJ0aW1lc3RhbXAiIDogMTc4NTM0MzM0NDY4MiwKICAicHJvZmlsZUlkIiA6ICI4OWVkOTAzMWY4NjQ0MWVmOWUwZWMwOWY4YzI3NWIwOSIsCiAgInByb2ZpbGVOYW1lIiA6ICJIZW5kb2dPZmZpY2lhbCIsCiAgInNpZ25hdHVyZVJlcXVpcmVkIiA6IHRydWUsCiAgInRleHR1cmVzIiA6IHsKICAgICJTS0lOIiA6IHsKICAgICAgInVybCIgOiAiaHR0cDovL3RleHR1cmVzLm1pbmVjcmFmdC5uZXQvdGV4dHVyZS81N2ExNzMwNDU1OTMwY2NhNGY0N2ViYjBhM2MxZGI5YTYxNjUwNDZmM2Y2YmY3ZmY4ZGI2NmE4NmQwNGI0OWQxIgogICAgfQogIH0KfQ==, signature=Ny+FllpMn3MTgRMtmipUA8GSOs36vvEWXCNXgTDptB5ffYwnq4vTyWzzjyu43VxuI1G9eYRW3N34EwmSKRM3iH+FsMjLT60Yr7ypv0wjHXykUjP+TTp8eFfdHDeHn9zmJsacMVVgL5oK4/8C3tsvsbuV13wA96R5imggSmToTU0CMdrBmvE3JheGHyc8e2kG0pplsrd+biBbftzFGmlcx2SFOUfG/Za8UwFTWXllMHhncVsAgb6gpnxKnQnC+W+Z1jFpvAmdkPKNBJd4/9xw1bff1Z6bZ9DfgtitvOepfLemCsv677zWFRI5gDTfUpMS7YGFudFe/6OIIySYBrnNtDJO+Dn25f3gM29eo1UqYa+nSvQV8R6uhqRGx+NHPKVMNBdaKSNUPQcnVZxKYxfm28YlDYw+q6jPXwiKZLcIvuU3Qus97z1ULP48VDtkZp4ztfg2f+JargdjB7LWR34GpDENl/Hh0ZWAp+C+XBaNGjjtP78HGoY3rQF8zCPe24/VutRauM6fsHgLyDBVAVH3ja9pKT4e/kqjv1qkBWw5DXQPKEiN4ne3uoH+GwBS+IZzRgxM2vmbK8xlhIuScXf+UiOvPweedeYD66EyZvHey6qeFCDlQNHyjKqIdFHJydX4ZECvg1J1yJTUmdz+x5E6sz6lWmCiWyqjiOWGv2SATVo=]]}] (no level)
[18:57:22] [Render thread/WARN]: Skipping cosmetics update for GameProfile[id=14a99cf8-9f09-4369-ac5c-aa102e789df5, name=Gavin422, properties={textures=[Property[name=textures, value=ewogICJ0aW1lc3RhbXAiIDogMTc4NTM0NDE5ODYyMywKICAicHJvZmlsZUlkIiA6ICIxNGE5OWNmODlmMDk0MzY5YWM1Y2FhMTAyZTc4OWRmNSIsCiAgInByb2ZpbGVOYW1lIiA6ICJHYXZpbjQyMiIsCiAgInNpZ25hdHVyZVJlcXVpcmVkIiA6IHRydWUsCiAgInRleHR1cmVzIiA6IHsKICAgICJTS0lOIiA6IHsKICAgICAgInVybCIgOiAiaHR0cDovL3RleHR1cmVzLm1pbmVjcmFmdC5uZXQvdGV4dHVyZS9iY2U4MzcyYzk2ZWFkMDhjZDNjZTgwMDYwNmJlNDJjNGNhYTA2OTQ0M2RmZDEyNDY1MjkxYTlmOGE5MWQxZDUxIgogICAgfSwKICAgICJDQVBFIiA6IHsKICAgICAgInVybCIgOiAiaHR0cDovL3RleHR1cmVzLm1pbmVjcmFmdC5uZXQvdGV4dHVyZS9jZDlkODJhYjE3ZmQ5MjAyMmRiZDRhODZjZGU0YzM4MmE3NTQwZTExN2ZhZTdiOWEyODUzNjU4NTA1YTgwNjI1IgogICAgfQogIH0KfQ==, signature=iZuxPom4f28XwsYbb1yY3dKjrX/mSey2iRcq5OGjeP4Nx/m7mg7CPByBVvFiXuUvbujTrO2iBhEGTPEDOu32yAoZbgOZMAEEyxZy8qOpqUHqzfBgHETS1BvaBKfBUUd1fjpQVCArnzdlWi0uEkGR0ngwcgiz1ujWOlUr1/cGJNcUEX83+Hi8bewH533CDOX7CPL7mpWDSdwy1v5jTX88q4MT+SmyU2JIwlZWYSahQmWnSGTUiGzafKYNxoZH+XQi/T/kmmEweMG2mNO/my51NF4lbSXdDklaAuxugi/aI+sNSdnf3OhjatSlGOyK809i+ZYqCpeU7z1L7YYzegokyJ3OIioV8HobUw1rzTiGr3TEN7y9fY/7SEV4wOBtmqmnRkEmC9c3Jv+biM6oNTu6Sv6sC50a0QsQTmjwkqJr80xiZBHv+tB0vRB0QVTzl7DsjEVpeg5nePYVUApRQtlcktsMG0oBhD+zM4tLYIfDFbpahjdYMzKnOiEBoOzmy8icwc9lOgCMgiZ++6knAwrmVtw4T1EUu8Kp0En7cTHk0VPtJuhKoHcdDgTPIe/JYrKsSfu7kXZSllTU+Zs/sPqU2b5t/u8lcS3rXBDAnzburL0cvMI2GuX7JYt6OF+WRuOpusGDlhy2WQXKVjAm/g4x3AKiEbA1ROPLZ1Pc//paoaQ=]]}] (no level)
[18:57:22] [Render thread/WARN]: Skipping cosmetics update for GameProfile[id=9a306f0d-31a0-4ac9-9832-5cdff38b8c46, name=Artumpkin, properties={textures=[Property[name=textures, value=ewogICJ0aW1lc3RhbXAiIDogMTc4NTM0MzczNjIwNiwKICAicHJvZmlsZUlkIiA6ICI5YTMwNmYwZDMxYTA0YWM5OTgzMjVjZGZmMzhiOGM0NiIsCiAgInByb2ZpbGVOYW1lIiA6ICJBcnR1bXBraW4iLAogICJzaWduYXR1cmVSZXF1aXJlZCIgOiB0cnVlLAogICJ0ZXh0dXJlcyIgOiB7CiAgICAiU0tJTiIgOiB7CiAgICAgICJ1cmwiIDogImh0dHA6Ly90ZXh0dXJlcy5taW5lY3JhZnQubmV0L3RleHR1cmUvYzdiMmFmZTAyYzliY2I2YTZmOGEzODYxYTFkZGRhYWU2ZmQ1MzE4YzdlNGIxNWEyNWI2ZmU3Mzg3ZGZlYTU0YSIKICAgIH0sCiAgICAiQ0FQRSIgOiB7CiAgICAgICJ1cmwiIDogImh0dHA6Ly90ZXh0dXJlcy5taW5lY3JhZnQubmV0L3RleHR1cmUvMjhkZTRhODE2ODhhZDE4YjQ5ZTczNWEyNzNlMDg2YzE4ZjFlMzk2Njk1NjEyM2NjYjU3NDAzNGMwNmY1ZDMzNiIKICAgIH0KICB9Cn0=, signature=m4bkRGwtl0LZ54MbXtKzOEcJKavIqz08+XGCVOrcghjYlPbvpSOL0xHuFlNovtIT2TZy5gIZEdeU+du47CsT971J1tov60fLGURgQQVTk03jxg1Q459PNL8lCjboDDpMpqlTxKVOYHGgmVIOUjioIkqgLId+YRQEcmIBIYu0ksrYVH4pWbgeDma2sViq1rOkn/LdlclDIOddiNgbwJxu9ldM57BEYi8iYeoLvOtpZeW9yBMi5WXuECy0gy6niX/OXYbd07XKFQr2mRXef9K/PoqeG5AvxoDCoOKX3CbuWHg1+2cFESwOYA+f3CU64NmUcE0MDreWJcsgUQp0UCQnQXn1lVnze+kJCah/HEkdABWVfK+klrRkGiGcESjFM9iLIxPhibaW5vJME2IaeRfOWwVss7+CnalEe8+bJ37MuX3k4vtZbpw5x3dUNSvto9WolrOP8X9OPcd+YtUzCtYCIvhDCrXHpCiLdBSxA4V59ZirTw0WADZJTgCOEqkA5+kC91Tz1aTru/SyR1VnddYXDwgMN3vx+3h1YagNBz70al0xyVE079Ti/lkaDtqTTYrsGFcRep3xfMWtP6ZcK3ZiMDSB4+Kzw3e1r1OEwNmxiYBO/ayi0VVrzMlJCY2wFRu8M5l2knGPAQZpM/biiAdq5d6aV5wHSaQxd6YrNeL9d3Q=]]}] (no level)
[18:57:22] [Render thread/WARN]: Skipping cosmetics update for GameProfile[id=91193419-1a44-40bd-bf7a-bf53b45cc8f9, name=AmethystCPVP, properties={textures=[Property[name=textures, value=ewogICJ0aW1lc3RhbXAiIDogMTc4NTM0MzkzNzE3MywKICAicHJvZmlsZUlkIiA6ICI5MTE5MzQxOTFhNDQ0MGJkYmY3YWJmNTNiNDVjYzhmOSIsCiAgInByb2ZpbGVOYW1lIiA6ICJBbWV0aHlzdENQVlAiLAogICJzaWduYXR1cmVSZXF1aXJlZCIgOiB0cnVlLAogICJ0ZXh0dXJlcyIgOiB7CiAgICAiU0tJTiIgOiB7CiAgICAgICJ1cmwiIDogImh0dHA6Ly90ZXh0dXJlcy5taW5lY3JhZnQubmV0L3RleHR1cmUvZTE3NzkyN2RmNzJmNjZjNWEyYTkyZTQwY2IwYzFiNTA5NmNjMjg3Y2NjYjFhNzg2Y2RhMTkxMzIwZmYzZDY2OSIsCiAgICAgICJtZXRhZGF0YSIgOiB7CiAgICAgICAgIm1vZGVsIiA6ICJzbGltIgogICAgICB9CiAgICB9LAogICAgIkNBUEUiIDogewogICAgICAidXJsIiA6ICJodHRwOi8vdGV4dHVyZXMubWluZWNyYWZ0Lm5ldC90ZXh0dXJlLzc2NThjNTAyNWM3N2NmYWM3NTc0YWFiM2FmOTRhNDZhODg4NmUzYjc3MjJhODk1MjU1ZmJmMjJhYjg2NTI0MzQiCiAgICB9CiAgfQp9, signature=ImlaNLK9Guqfsluemp2wVq+Wlx4H+5RErMj5O8LQentdSIv/2Uk/n5A0o34lGMePaJSR9owp4bu+ngmV6q0AmzDxoHwN+RPuKt0nJCFcg8U2g1gtE+rqA8SO0ybAKJlTiphR1ne8GnmjODCMuhsj2GuwTgt6Hx0mnESlfpy9AzjH035nDTn0h8dbMmG3oxThiUpByEXiNx6/tR3/HwUgciT22tK+1kDW+Kwd9Tvs/57cRhtXz5Rgwg+8HosZD45olFInOIGYfXdcUgCuG+3XHefBcfYjZ+fPu++Pq2dHzNH8o1ZMh4DHP9BR47/x+XcdAUYcU6xRj+7QW1BjsQmgLpApQkYfW9gI7qCAjZPLH875MUGcvZG5KTmNUF7bdBIOpAQUjM+tykaxQcHHjtOvJxHNS3ux0q8IuOPD5c1SD2zn/5t9SUUNhgOqSj+F6M8LMCv0Akn8n4ALJxp42fzzHK4AbGcqeneUZeeL4m6+ZQnkRdOMBKS6vEwyDgIiqVHlHXkuhs51/3XlOE1a4k9Jtwd6g5lfFRdaTB8KAHXlqtLcW1doWWeuF4gPaLH92FAeXZH/FAjIpJEbUwZVDEN1wkEEb2IgZGZuxDFPc7h4ZHWB/r2xDUBbQOlJNhiFyQZbVF63oy+80MzaTFeODGYOtwzyrKKtRJnJ2a4pBnAsQ+M=]]}] (no level)
[18:57:22] [Render thread/WARN]: Skipping cosmetics update for GameProfile[id=bf54077e-e817-4e38-8fe0-8d7534f48391, name=KlingMC, properties={textures=[Property[name=textures, value=ewogICJ0aW1lc3RhbXAiIDogMTc4NTM0MTMwMzQxOCwKICAicHJvZmlsZUlkIiA6ICJiZjU0MDc3ZWU4MTc0ZTM4OGZlMDhkNzUzNGY0ODM5MSIsCiAgInByb2ZpbGVOYW1lIiA6ICJLbGluZ01DIiwKICAic2lnbmF0dXJlUmVxdWlyZWQiIDogdHJ1ZSwKICAidGV4dHVyZXMiIDogewogICAgIlNLSU4iIDogewogICAgICAidXJsIiA6ICJodHRwOi8vdGV4dHVyZXMubWluZWNyYWZ0Lm5ldC90ZXh0dXJlLzFmZWJhZGI1MmFkNWEyZDU1MTJhYTI3Y2M2YTQ5ZWVhZmZhNTM2ZDAxYzA4Y2E1MmM1NGIyNWRlOGQ4NTY3ODAiLAogICAgICAibWV0YWRhdGEiIDogewogICAgICAgICJtb2RlbCIgOiAic2xpbSIKICAgICAgfQogICAgfSwKICAgICJDQVBFIiA6IHsKICAgICAgInVybCIgOiAiaHR0cDovL3RleHR1cmVzLm1pbmVjcmFmdC5uZXQvdGV4dHVyZS8yMzQwYzBlMDNkZDI0YTExYjE1YThiMzNjMmE3ZTllMzJhYmIyMDUxYjI0ODFkMGJhN2RlZmQ2MzVjYTdhOTMzIgogICAgfQogIH0KfQ==, signature=ozU57y91ipegEZ/wIIAuAcBRGLO44N7vXGZbnzuWqSzPnkfpOcpDTQkXKov++ADkopUXuR0JoDI57ee8P4o94/8yuiMZa8ltf30tHhMXteYbFNwuiEFSxHJEM0ylBLmoDM7VY5NzKJK3vSflaS/GSwViR4E7PHunjGbsMV7abqOJNNyxW09RW/c0dJeQr3u6VVizUby/Tfkus+4KxbyGSswCD3EE1Tqyfg8fn78W0Y0XcQHaJiA2FIF8jdKFvO3ueyY2LjF0QKLy112y4x0hiCmhCSYH4jTClQjHVA6bkIU53K/3E0w29EgmNQZRCDQqKalec+EN+xi6Kq212UHocV6p+4cLtTfyUNnYym+LgVL8K2IVKBMejLJ0m9oPpm9LXQVSgRma5u7vSdE/HZZKr+An+HLzfSAQIYHCJLs0SYtQfTxqCixAjXXzduK7gm4LG1h0GXy6QcZgl3xV9y/u269ehPzZ4Vs6R+8b1jt4iBLsBurJmBKrXxbd8YQ85DGtTFo71ZxlSd2NPDO6nP+N39n+1CmkmrWaveoBm1OE7oRFrI0J32SOFkN7hhLVKMTyBdo1U0Pkc5/UcNORPP+V+5yJ8wA3W+xXUzMu3nab0UthKD0c+SaSavz+rq8941MiKUNTlfXD8ybi+bBervboAEMEf9gTwiAPkBLZLY28XZo=]]}] (no level)
[18:57:22] [Render thread/WARN]: Skipping cosmetics update for GameProfile[id=1c0e2245-ffc4-4ccd-99ee-597d187e71d8, name=pandoruhhh, properties={textures=[Property[name=textures, value=ewogICJ0aW1lc3RhbXAiIDogMTc4NTM0NDE2MTI4OCwKICAicHJvZmlsZUlkIiA6ICIxYzBlMjI0NWZmYzQ0Y2NkOTllZTU5N2QxODdlNzFkOCIsCiAgInByb2ZpbGVOYW1lIiA6ICJwYW5kb3J1aGhoIiwKICAic2lnbmF0dXJlUmVxdWlyZWQiIDogdHJ1ZSwKICAidGV4dHVyZXMiIDogewogICAgIlNLSU4iIDogewogICAgICAidXJsIiA6ICJodHRwOi8vdGV4dHVyZXMubWluZWNyYWZ0Lm5ldC90ZXh0dXJlLzMzNGE5OWM0YmNjZDlmNWVmYjhmNGVlZGU3NDc0OTg1N2U0MTBjMTM4MTc4NzFmODU4Y2Y5OWQ0MmZhZDY5NWIiLAogICAgICAibWV0YWRhdGEiIDogewogICAgICAgICJtb2RlbCIgOiAic2xpbSIKICAgICAgfQogICAgfSwKICAgICJDQVBFIiA6IHsKICAgICAgInVybCIgOiAiaHR0cDovL3RleHR1cmVzLm1pbmVjcmFmdC5uZXQvdGV4dHVyZS8yMzQwYzBlMDNkZDI0YTExYjE1YThiMzNjMmE3ZTllMzJhYmIyMDUxYjI0ODFkMGJhN2RlZmQ2MzVjYTdhOTMzIgogICAgfQogIH0KfQ==, signature=cRz+qgxh9TdRndt7DxsLs7WZ2PftgbFy4/3f4MeyzUCrPF6rqGIHHioYLRBqMQjpWBJ2Gm+AQwbSjI/YNrh1ygvD2m8hJKo3jCzuYESYRHf38STTXyXibYWotl9K9bs7ReW6b8+PezmLwUDtR3GTUe3FSGLGczH5J+pulsELdSI9LXcJDJeLyHE/ZOfqnj/DPFAt1ggBqxB9rdG2vxqxZjEmnOQAcw8seUrzugTeTYJQuWtJnRU88wWBw36TSZFt5AOJY02JHbTJaJ6NI0Gtwt+5hGxUKvLhN2nAo+LUpwpssazSEYZPYG4V2YQtY1/bLe0YjN78rrL27u3izhJfM9kUYAmE/KMFse/xgdFvS3DQ/6dQ+cksTk9mSsg2QnskoudG4ZD7Q8nG2nHiCkAxly1qQw1rUML6jLxiUK3g8PEnT6zt8K4+JCY1nYdqlBU+jMBY0n9/kIkBWl5CWJXANgxRtKIifuwYjLncrOidF23+QOKsPpzyRCo/ucCLnZ675NYMD/NFLr7/31Z8K/5XRZjygQGNJK09TdKrQs0ClNJUgMIfjHlzz6nK9kShRuz0bZN1rU9/qbHayCGu4qqlrPgOEMMyPMy1ax73bjoY6F8LPsGumbTwwNq21/l4FPDQJHiCjyFFZMTF4Ickw2qI1Ji5q0kaGA1s0/RxnAFjvXw=]]}] (no level)
[18:57:22] [Render thread/WARN]: Skipping cosmetics update for GameProfile[id=af51ef0a-9898-4115-b0bd-ac2d7adf9360, name=knownVisitor, properties={textures=[Property[name=textures, value=ewogICJ0aW1lc3RhbXAiIDogMTc4NTMzMDAxNjM0MSwKICAicHJvZmlsZUlkIiA6ICJhZjUxZWYwYTk4OTg0MTE1YjBiZGFjMmQ3YWRmOTM2MCIsCiAgInByb2ZpbGVOYW1lIiA6ICJrbm93blZpc2l0b3IiLAogICJzaWduYXR1cmVSZXF1aXJlZCIgOiB0cnVlLAogICJ0ZXh0dXJlcyIgOiB7CiAgICAiU0tJTiIgOiB7CiAgICAgICJ1cmwiIDogImh0dHA6Ly90ZXh0dXJlcy5taW5lY3JhZnQubmV0L3RleHR1cmUvZjU3Y2I4NDRlOTNkMjU0N2NkMjNmNDJiOWE5MDNkM2I4MWRkYzMzMGI1YTUzZjMwM2Y2YmJjZGE5NTQ2NWMwYSIKICAgIH0sCiAgICAiQ0FQRSIgOiB7CiAgICAgICJ1cmwiIDogImh0dHA6Ly90ZXh0dXJlcy5taW5lY3JhZnQubmV0L3RleHR1cmUvNzY1OGM1MDI1Yzc3Y2ZhYzc1NzRhYWIzYWY5NGE0NmE4ODg2ZTNiNzcyMmE4OTUyNTVmYmYyMmFiODY1MjQzNCIKICAgIH0KICB9Cn0=, signature=Lc+7iLp9t57qLVJyhjcPgiueG07TnXALxZTnWCgTyn6T8Ue0Gnp+728R0gsd6kYiaQJGu7L6JxWjCG7DsdZUqSjo3bBRzaHNrXJISoxCFGsnb50nKtaPEDXcPtkcT8YGx9y4vAAvsN18wXawS1hgS/V9RmKTzxC7fP+z4T6cziKYWYV7OvaSNlQId8RZRj+387VOH0aEZUWimltQiLNZ5ivp94xd1f3VnXDDpUUNH0wNCKTHA6PHSBqmerGeS+eKA0Ky0hm2nfYrmy3nV/+PM1JLxMOOurFKvX7niqGcUvIwodPvYDzchJWjHqI1ZopuGJFbHljnvprSXtkjnqnikg3FH6DMVIz3EdUMpm2b8bvoMziTYZtJnV8uc1NEYc44TSlZ+OJ42K7XROfTR7gsMy1s+aCxhv3qc5IsiD76DncKOTjOGtM6g85j+Gj0xhreAMO5U5JBne6NoXFQDqAGYnpXjhG0HHeH5/atyDc6akdjl3iC+U6YnDa8YFuQY5lTk9eCQDfvcYGNi0HlyxNn62HQM2ajwHuUQcxhSW87471vqpxt/f2tvD8VAsK0j4uZ5/G2Zhrv7W+th6AsImDFDXL4MHmk8fs+2y4zWyFOIkBaWJ+rsPa/pX6b4lHHPs1X51H8iXnrz6AD8Q2RF7jAifqBknNvd1pXqlNXgbQbsO4=]]}] (no level)
[18:57:22] [Render thread/WARN]: Skipping cosmetics update for GameProfile[id=7308fd37-476e-426d-9962-26011025f283, name=MasM3n, properties={textures=[Property[name=textures, value=ewogICJ0aW1lc3RhbXAiIDogMTc4NTM0MjIwNTY4OCwKICAicHJvZmlsZUlkIiA6ICI3MzA4ZmQzNzQ3NmU0MjZkOTk2MjI2MDExMDI1ZjI4MyIsCiAgInByb2ZpbGVOYW1lIiA6ICJNYXNNM24iLAogICJzaWduYXR1cmVSZXF1aXJlZCIgOiB0cnVlLAogICJ0ZXh0dXJlcyIgOiB7CiAgICAiU0tJTiIgOiB7CiAgICAgICJ1cmwiIDogImh0dHA6Ly90ZXh0dXJlcy5taW5lY3JhZnQubmV0L3RleHR1cmUvNzNlZDUzNGFkYTViYTY3YmZjYTAxOTgwMjYxZTBkM2MzOTY3ZjJlNWI5YjkzZTRhNzc4ODEwMWU4OWIxNzEzMyIKICAgIH0KICB9Cn0=, signature=sIkkxSirLtJ9k9WKLZBsUiolT5zGwV8mGD9oDtanPwsKMkYUgUG4eQ1NeHhsVqhyrMdXdMENglQu1Ff/11Tfh3VjXewmf/ZyK/OqOcXJsw1WzfzIB+7zV9kUlFHWxX9vGACRpHBpL6UjX8QBX2hKpPdiYJPLusSdz96JK2hCIfo3eKnr2FjOA56x3ATFLWrSWi6Iq12B4okIZZQRZ3Xps3ugi1WG5046sbNrm9cPj9D5DoVuWZ4yJE856ps/CUFsx8yEVih7GiFW49Ng0VuFrTkONNEGg33keB4b5BKVIkzC5Rqm7v7vLAOJj0m+VAeeXDRLtKLY49+K5ULbE+2eCDMXbOK2BsGw431Mr1m9v9j0W1ZTL6pzDBXlNpAhf5XNb/nQE9DilsZypEoLYT3vQX3yKqLLelureh8+QudaSzVB436Hsqe16UN3YdZBXOrrYWFLjWMCbwKIvN1VWcymJQeT8d4ne1mCtjuOKccRo+b8toGs2hK9EmM0YzSh1kSBI2uyq9a+D381wbzOhKuR8AzLWmqI/xbYgOmXHEVtKdudSpSyNII88dnjSWlCjDaFL9L8pqNowcqj29vyPgO+23IXhO29uH0nxfY9laxmx01OXN1/Dj6790tgVo37w20tFQgg7AINU98Elob0ClBUBndpZVtKWbLe9h34LFUEYPk=]]}] (no level)
[18:57:22] [Render thread/WARN]: Skipping cosmetics update for GameProfile[id=0865476e-3a76-49a6-a3c1-5e19a5ab42d2, name=ITauI, properties={textures=[Property[name=textures, value=ewogICJ0aW1lc3RhbXAiIDogMTc4NTM0MjQ1NjAxNiwKICAicHJvZmlsZUlkIiA6ICIwODY1NDc2ZTNhNzY0OWE2YTNjMTVlMTlhNWFiNDJkMiIsCiAgInByb2ZpbGVOYW1lIiA6ICJJVGF1SSIsCiAgInNpZ25hdHVyZVJlcXVpcmVkIiA6IHRydWUsCiAgInRleHR1cmVzIiA6IHsKICAgICJTS0lOIiA6IHsKICAgICAgInVybCIgOiAiaHR0cDovL3RleHR1cmVzLm1pbmVjcmFmdC5uZXQvdGV4dHVyZS9lZjM1MjQwYmQ5YjZjOTc3ZjBmYTBiYjM1MjhlOTk4NzAzNDU3YzlhOGY4YjU3Y2FkZWZiYjVlYmQ3ODVlODk1IgogICAgfSwKICAgICJDQVBFIiA6IHsKICAgICAgInVybCIgOiAiaHR0cDovL3RleHR1cmVzLm1pbmVjcmFmdC5uZXQvdGV4dHVyZS9hM2Y2ZTRmMTQ4MDFmM2VhNTVlM2Q5NWI5YjRlZjNiNWU4ODAyZDk0N2Y2NjlkZTkzZDZlYzRiOTM1NGE0MzZiIgogICAgfQogIH0KfQ==, signature=tfRH2rvfyEqbQdGtP/oAZRXo7p86P5AiuO+olmweb/YKfatWO2XNtnkienobrWCaDcF59gFujPOwWyApf47vQ72xbKGUTSvDtJX3Yg6/oRRyizR94tqeIP8ygnHEii1ZoSLwy8Kr+W095mNE95nbxvyEZGyg7wv4Ll4TLhRGcOMfUjyi4/6gEBblMUjOTaHHpCLs2W0zYkQI7KAN7HWhJeQkQVfTSI5GOIbdNh/Q4U5jhZkfhcfFsBmmUpKnWxL8bvrXcYwqKBGLjrJJr8w2jn2xbNLZLHPkpzdaUEIYJHrDyJ2Lwdekve7HIBcDEpWvm1ul6rLkLgR+rFadRxyztYc1u25qH6vl5cqjUScToyx3NLt+LJMNpHu1jBCWA+tkdnfA65yz5S7jVvSqpAtkJ77vzi1BiNUWVNJCj2kAjtIxqni64ViETWGzyEY4hIuA5FIaUyPgKGZcAiQpZR14vqI8BK7f/KRRped7/Ha+EhB/U4LN2yCrzIFVn2itjGpQ6cdjcU1eghdsxYPX2+NkRdoUuCngn9zoW86A/0J24ONN55dVqCw+vmuSDHO+INm2lWfc0WJbcLK1dbdZh2Esyb6mS2Wy8IXUJEpCvj0z6Vhfu7dJRhWQL5brFs6/A7tePrJm9NnbK1O3IG8C9F1FTDZnHBVeKYsTcWTmDJ06+FY=]]}] (no level)
[18:57:22] [Render thread/WARN]: Skipping cosmetics update for GameProfile[id=b150c0fa-41bc-4f65-bc40-c2a907054e62, name=3ywn, properties={textures=[Property[name=textures, value=ewogICJ0aW1lc3RhbXAiIDogMTc4NTM0NDIyODM2OSwKICAicHJvZmlsZUlkIiA6ICJiMTUwYzBmYTQxYmM0ZjY1YmM0MGMyYTkwNzA1NGU2MiIsCiAgInByb2ZpbGVOYW1lIiA6ICIzeXduIiwKICAic2lnbmF0dXJlUmVxdWlyZWQiIDogdHJ1ZSwKICAidGV4dHVyZXMiIDogewogICAgIlNLSU4iIDogewogICAgICAidXJsIiA6ICJodHRwOi8vdGV4dHVyZXMubWluZWNyYWZ0Lm5ldC90ZXh0dXJlL2JiYzk4OTcwYmRhYjJkODdhZTdlOGRiOGE5MDg5YjQxNzViZWI0ZTIzZDJlMDAzNzBjMDkxMjg0Nzc1MzkzMDkiLAogICAgICAibWV0YWRhdGEiIDogewogICAgICAgICJtb2RlbCIgOiAic2xpbSIKICAgICAgfQogICAgfQogIH0KfQ==, signature=cO6YubgXskwSFyvC1x6wlAmhr0r2nc5q+V2e75hJjXdpDlQZ9BtueDbB84GndMlkIotp2Yk0IhqbNhPBV/mf0+d9vfyvtKq88uzr8j0FzI/LYUP+HDlUlfmexCKQwvSnBrJ+VzkbqgVyKAkN+KS7XYHe4c0LjguL61pa4r/OR1tlxBiK1iO2b5gVhV6Oc7dFykTcg1L11GVF//ZWp+BdZogl/rwHU05N+LEfg9FpzmN7G7YhCbdebYnFHXCOaLxvXV6/ldonQ5nqfyLZE9qD6KkmpgS8yAULdLbPF68ZDTulhoFwMNOa34eKP4aKYcdA1Kt8kSY1LEihqgMeF14EeJ6W6kxnXKEzR19FVBfE0k9myWTZfjohmCN4+6I9DAp8+hpcrMP1zphFEztXSuiuB7EOK0xFWsSA4ArX9zOLXUqNp9p6P8fo6Tm88WyRNIfFSVfCZXprqrGNWXS+o0R5myIuS0muVyE4KDAa9g1eXjA/l0ht1GestE4jlYqMbyT3NhcF8Mzwp6VrZKLpyu87Rkc8hWHIL9Iv85TVxlBIP2uNp4VsN7ZJ4AWKQoneEq+F/apht0bPw2KP8AHYGHMgezG7chR0xeKobaisQS5qE9qIRemI0R7mucxen5Pi9dLUEwl6FnM23/CRdsBi6HQRVvaXev5h0XQfitAyNJs+Alo=]]}] (no level)
[18:57:22] [Render thread/WARN]: Skipping cosmetics update for GameProfile[id=d75a5958-09f2-4057-9302-152dbc577fa2, name=Ikeacpvp, properties={textures=[Property[name=textures, value=ewogICJ0aW1lc3RhbXAiIDogMTc4NTMzOTkyMDQ0MSwKICAicHJvZmlsZUlkIiA6ICJkNzVhNTk1ODA5ZjI0MDU3OTMwMjE1MmRiYzU3N2ZhMiIsCiAgInByb2ZpbGVOYW1lIiA6ICJJa2VhY3B2cCIsCiAgInNpZ25hdHVyZVJlcXVpcmVkIiA6IHRydWUsCiAgInRleHR1cmVzIiA6IHsKICAgICJTS0lOIiA6IHsKICAgICAgInVybCIgOiAiaHR0cDovL3RleHR1cmVzLm1pbmVjcmFmdC5uZXQvdGV4dHVyZS9iODg3MTQ4YTdjYjMxZmJhOWU4ZjA1YjQ0ZjIwZDMwZWI5YWE3NTA2NjJjZjQyNDFiYWU0MzRiYmQ4NzE3ZjI1IiwKICAgICAgIm1ldGFkYXRhIiA6IHsKICAgICAgICAibW9kZWwiIDogInNsaW0iCiAgICAgIH0KICAgIH0KICB9Cn0=, signature=P5DxiiKk5AEX6JL/SD/QP8bhg4ugjK6cEVbDgO+zLDUyJZr12pmfqGw/I+A4nYidCR9CKvAR334xxmIetQ7E0bRMrxMEER02NRpnfyCvzUhTrTc1gyIHkj1XVnX5YCrAMXiEE+n8hRKZyL4Sa2T6gjKABkmi8WX1LL/05VttZyxIDQG8PFRJ8FTmSeEod6+0oqS6HQZ/WBm5v7Q8xliLNH87n/S7cvmlJs7tedSxkg3hB6CrUKtSU1HcBZHEWgUwjBQjU149pzp9+F2c8yEFhRibE/fh5ba5cTo2OvW8twjvRDH/q3aoRU1zzBI2a7jIHLwM18Sy9uiWj/io8deBcYBwz8R3FN3s/txpMh5m5KzGqBQt5s4dS59hfYkLQ7cYXcPfMNrDLLLThA1QP2sh5kBKcl1xm06P9AAFQcmxAbj6LfQy7hwj8R7lqBwnZ2HdYmpQulEotThxEzSrIkcPX69rXQhDK7ibQGnqy2oWAsweGe+wNiZZp3dPtnO8V/JwydYRy0KOADqdy4MUtlOfxpy9jvqSHs3yY/EuDMRfv4+S9LW1YXQtGl7UTm1FYVbsTCvMg2nQ906h0fXxUh0ohjhqoIpaW7rJpPUQC2hqgsp0JyIN97oD62yKwTJWknFeKQ0Y8RHCkHKQWqpkkDEvT5f2sRw/x7MlmXzYYZVaydQ=]]}] (no level)
[18:57:22] [Render thread/WARN]: Skipping cosmetics update for GameProfile[id=000a2598-ef7b-4a15-8931-da5956474aad, name=Mustard2YT, properties={textures=[Property[name=textures, value=ewogICJ0aW1lc3RhbXAiIDogMTc4NTM0MDAzNzExMCwKICAicHJvZmlsZUlkIiA6ICIwMDBhMjU5OGVmN2I0YTE1ODkzMWRhNTk1NjQ3NGFhZCIsCiAgInByb2ZpbGVOYW1lIiA6ICJNdXN0YXJkMllUIiwKICAic2lnbmF0dXJlUmVxdWlyZWQiIDogdHJ1ZSwKICAidGV4dHVyZXMiIDogewogICAgIlNLSU4iIDogewogICAgICAidXJsIiA6ICJodHRwOi8vdGV4dHVyZXMubWluZWNyYWZ0Lm5ldC90ZXh0dXJlLzhiMmRhNWExODBkNjJjMzI0OWZjMmNhYTRlNGRkYjAyN2I4NDk0ZWNlN2FhMTJiNDQwZDM4ODI4NjY4YTE5MTUiLAogICAgICAibWV0YWRhdGEiIDogewogICAgICAgICJtb2RlbCIgOiAic2xpbSIKICAgICAgfQogICAgfQogIH0KfQ==, signature=Kd0gK4iKMOog9vJQVs/K5co+ryRe473SVne/Sey9yqfKpdDFvcaBhxcp2gtq6mMCNiT++G3kXAv6zZCgjrA76yxXOopzhAICXvhgTPZ01sG4eWJjYnt6OEvSV9JFY5pN2HhtyeW8aXAC7sIaJ8n2K8H9jdlK26mHRK0qTNJ1wpu1j2872FHY4Uzev0FpTE3oW0SzR0o+PCWmNI04R7tzm+ZJSbjTV8VC6NDYRgfITcXLOuMUb4BSdfuoppAaKWb0FxokgN1Q/GBU9L7fpY+IBMwo9Uk9lL1IZR5kVkY3rFk+UtyksMPIa6rACw0g84m79FmbMs8mZM7RmwWWXNxxMS+wkyoUkExB6gwZ+LBXtaQam5OTzTYwk54KfjIFrELOcKP/j5Dc2dtGP/dKQ12VLh/bYxC7i4pZxdYM2igGNEBNRDblVGyxmitXjFqVcpU3oArDXLs8GN5YxsWh6/DndATtsDjfVPNSX40yKItnxDPIkq187lphEyEhhDMznWRYhLapCBQ/Hy2qcBHl3N01QVAzNq/YEqEbA9Tpmy9vghzWRTTvkGqbqLJzOTBt3Prg5HMPKiShdQxWpwBINDOrIqMHXxVb+Ln+VGGmwUrTth/lT2sV5holb1m3C817CivPh+WmJNxEZmu9D28i1wuuleFT2dGpN+2BDNax0Jnn1SI=]]}] (no level)
[18:57:23] [Render thread/WARN]: Skipping cosmetics update for GameProfile[id=c8a97f40-d790-4174-bbb2-4730230dfcfd, name=meitsmeYT, properties={textures=[Property[name=textures, value=ewogICJ0aW1lc3RhbXAiIDogMTc4NTMzODc4NzQ0MCwKICAicHJvZmlsZUlkIiA6ICJjOGE5N2Y0MGQ3OTA0MTc0YmJiMjQ3MzAyMzBkZmNmZCIsCiAgInByb2ZpbGVOYW1lIiA6ICJtZWl0c21lWVQiLAogICJzaWduYXR1cmVSZXF1aXJlZCIgOiB0cnVlLAogICJ0ZXh0dXJlcyIgOiB7CiAgICAiU0tJTiIgOiB7CiAgICAgICJ1cmwiIDogImh0dHA6Ly90ZXh0dXJlcy5taW5lY3JhZnQubmV0L3RleHR1cmUvNzYzNWMyMmE2Yzk5ODNmMDU4ODY4ZWRiODRkYzk3YzVmM2M4MTJkN2YyMjdjMzFjMjUwMGIwNWZhYzQ4OTIxZSIsCiAgICAgICJtZXRhZGF0YSIgOiB7CiAgICAgICAgIm1vZGVsIiA6ICJzbGltIgogICAgICB9CiAgICB9LAogICAgIkNBUEUiIDogewogICAgICAidXJsIiA6ICJodHRwOi8vdGV4dHVyZXMubWluZWNyYWZ0Lm5ldC90ZXh0dXJlLzI4ZGU0YTgxNjg4YWQxOGI0OWU3MzVhMjczZTA4NmMxOGYxZTM5NjY5NTYxMjNjY2I1NzQwMzRjMDZmNWQzMzYiCiAgICB9CiAgfQp9, signature=PEIzZQelwQ6YOcKsQYrdlyR5Ousf/Iu0udZCM6s4a9Ge2hK0wPqpbX3BTvnWo3tma3a9S3B/cpOKp5z9NTF9WYUxc3uWjajWKQcfEggEsf7TlSqyU1ZyoC/JORcrCoHKiyADGUwEdByJ0zzyNjJQDYNF/hnmgUvkq9tEEXv9sqcX1ubaXeE8+KUvMSJ49w9X+fiRrCAxp8lzwsyY85v0Ukv4UclG5yIkfH8/+bUYetnONZRP+bs7fw6jG1FzYpv2wl9Y7Jdrp9t4blzja3MoI6zZAYOKeBuwiR0CfZmxVyKY/foC0hw9+t7gvFG7DBdT4Y+1mOPpuxeleSVqr1CVhhUaYvuUU1377Oc67hpc0rC8RHNWdJO/NRlzJ9/f1uA1QTksJm306FTGrDZ8LLI8PP4/8KAZAxzKMLVj2HcTZ2e/XV0cl6fbLGdOUfGk73CArm3sZg52WtTkKwpb6Tk+HnkOH+wIrWnADPq/PItTlm8U6W1FTAFayZegI4TK9AcaqIQxAEaYzjT84H/I6/Mi2Rbt4V3YLii25v/dkdIa/aVYeTa5JJtVuNn0jKWurAGu4Vsi+Zoyx/GSAh0zJHb16v6QtK0pO4x1XAjktrYp9kFq+k01jNdtBzLVJP41Y82jcfMu0mB0nEi3cjAd2TRsr5Cx0V09tXf9VHICOjSeGxk=]]}] (no level)
[18:57:23] [Render thread/WARN]: Skipping cosmetics update for GameProfile[id=0f54a883-9ed1-4b63-a354-2ec3c82c8e16, name=Tomas_6482, properties={textures=[Property[name=textures, value=ewogICJ0aW1lc3RhbXAiIDogMTc4NTMzNjA4MDU2NiwKICAicHJvZmlsZUlkIiA6ICIwZjU0YTg4MzllZDE0YjYzYTM1NDJlYzNjODJjOGUxNiIsCiAgInByb2ZpbGVOYW1lIiA6ICJUb21hc182NDgyIiwKICAic2lnbmF0dXJlUmVxdWlyZWQiIDogdHJ1ZSwKICAidGV4dHVyZXMiIDogewogICAgIlNLSU4iIDogewogICAgICAidXJsIiA6ICJodHRwOi8vdGV4dHVyZXMubWluZWNyYWZ0Lm5ldC90ZXh0dXJlLzMwODRmNmFmYTgyODgwN2NkNjlmZTA3YTRjN2QwMWVmMTJhYmJmZTQzNzE0ZGYzYjRiYmUxOTUxMGUxODU3MDgiCiAgICB9LAogICAgIkNBUEUiIDogewogICAgICAidXJsIiA6ICJodHRwOi8vdGV4dHVyZXMubWluZWNyYWZ0Lm5ldC90ZXh0dXJlLzI4ZGU0YTgxNjg4YWQxOGI0OWU3MzVhMjczZTA4NmMxOGYxZTM5NjY5NTYxMjNjY2I1NzQwMzRjMDZmNWQzMzYiCiAgICB9CiAgfQp9, signature=uqmzMiKk3bJENS9Nt8OaAW/xj2NHLiWAQ39cYeKYrGxhd/FUzDHk6yvj1+rkLFmjRWJyMaj6P729NfOsz2qJL4xpiIlsDAOzSQq3ummtLRnPcCBjupMgEm0OBmD/1XyTCKIvcP7qGQ/u41JVgQ903F0BMuApqsPDNyg2eNYzIYhh25TZr996okdyBUPlmZD3ckzzL7t+63j4SNsxHauZm8ym8qjPQcwnpqMoH4g8wuU2u+ohROsebSpjsdWxLxS5gQRXWI0xLywJWvpr8OQMwU4wFNI030PUkh99zS90N7euYCnMB9QEgYrHjyd3nouUXdml+2zAtCWMj7+l59TqtDVaCM0tGmOZw/fr3uUbaLUnYycf6ihgUvMB9bD8BQITN8xmlQWHn8undgxoZt0xQJjqd+yr97YmRbKIWC1Bkg0Jg928Fa5rEUK/dhHZbpvNBRtvsrHObjDUegMoHllEZJljB/JRkSlIrFOda1A/XvbOBZBa1VsHZppXOx/I6NyDtdkDSXt4r90BHg3GykWCIQZuynvWF8Cn+HK6OemV0PDs5gAN6wAJbHP48Nm3E5YexBJt+gpk+pYFkEtC5Xo7BdERaPFXb6oHvJ8CaMt1i2SsKKykTw0hw86XZh9QKkFKktY4mrFLQP92+dxz45XsR4DMO31duOcTZRHGxBHT4Hc=]]}] (no level)
[18:57:23] [Render thread/WARN]: Skipping cosmetics update for GameProfile[id=981c9bd6-7ed8-4f97-8ecd-41722d21ff97, name=EtlotOff, properties={textures=[Property[name=textures, value=ewogICJ0aW1lc3RhbXAiIDogMTc4NTM0MzkyMDc4OCwKICAicHJvZmlsZUlkIiA6ICI5ODFjOWJkNjdlZDg0Zjk3OGVjZDQxNzIyZDIxZmY5NyIsCiAgInByb2ZpbGVOYW1lIiA6ICJFdGxvdE9mZiIsCiAgInNpZ25hdHVyZVJlcXVpcmVkIiA6IHRydWUsCiAgInRleHR1cmVzIiA6IHsKICAgICJTS0lOIiA6IHsKICAgICAgInVybCIgOiAiaHR0cDovL3RleHR1cmVzLm1pbmVjcmFmdC5uZXQvdGV4dHVyZS85N2VhZmIwYTFlYjk5ZTI0NmU4OWMyMTQ4OWQ3YjE4YjIwN2Q2MDE4MTFhMGUyZGQ2N2UxMjYyZTNhZmQzMjgiCiAgICB9CiAgfQp9, signature=tLC+3mZGSmwBf95FyPBsS/FoaO6ZurZ2LwoaVdMkThbRndWeVhClZ9KTNpYAvHucZ5CHVES71/CAUfgPUZpNMMLCu+Dz4OkIUSlUtdJTN0XxnenCxg9BoxBdNtB8UzzcryWq7CvYixN62DcjE/HhnVZczT6WhskRVkwDqp59J6SHQq+R27t3YP121QCSUk5rhU9RJdSVJpdJ3PehqTgGypwXS6cLhwU6tbUzsb7zDc9Dn/cPFxyRY2J2fbPyiBd/i4VsYxhc3XaZUpVgNNJ/sVAnz3DXcGjfee5mEqCIkw+FTA8a1BXn/QkJs+zuNRmeXXzRlPikyGqfHqYuYPGPJtu2tj7lSmPgR2dTCCwjMAqmZt95SISTAc4Pa2HZyTLwrgj1KUnYw3qSLSsutlrx0NBv9jBIpTRiVTBAX2icwp4KpIHPkQZLeMKMU00NA+CGgn5FcvrpBHwj5oxYsG+JjStYo1p+UKa1B8aPnWIhC567Io/6rcwrRciKsAvbtQLt0A11kCIEX7a56y8c/Ig/CCdWp0ytAeEVJxVtBjtsH8lioJ0jQwlOGiwtBwIB/FqJLYyTftBVEYUlHvY3PSLurwXbJrD2I5x6B6xnkIl4A+2ns2PsipSRkrXu6kDZ7oP3MxlIEjZWa/O4UYOgEvhj4LCPInDkxBxClClDzm8oYmo=]]}] (no level)
[19:32:22] [Render thread/INFO]: [DONUT PROFIT/SCREEN] Screen Opened: Title = 'Play Multiplayer' | Class = class_500
[19:32:22] [Render thread/INFO]: [DONUT PROFIT/SCREEN] Screen Opened: Title = '' | Class = UtilityScreen
[19:32:22] [Render thread/INFO]: [DONUT PROFIT/SCREEN] Screen Opened: Title = 'Play Multiplayer' | Class = class_500
[19:32:22] [Render thread/INFO]: [DONUT PROFIT/SCREEN] Screen Opened: Title = '' | Class = UtilityScreen
[19:32:22] [Render thread/INFO]: [DONUT PROFIT/SCREEN] Screen Opened: Title = 'Play Multiplayer' | Class = class_500
[19:32:22] [Render thread/INFO]: [DONUT PROFIT/SCREEN] Screen Opened: Title = '' | Class = UtilityScreen
[19:33:48] [Render thread/INFO]: [DONUT PROFIT/SCREEN] Screen Opened: Title = 'Direct Connection' | Class = class_420
[19:33:49] [Render thread/INFO]: [DONUT PROFIT/SCREEN] Screen Opened: Title = '' | Class = class_435
[19:33:49] [Render thread/INFO]: [DONUT PROFIT/SCREEN] Screen Opened: Title = '' | Class = class_412
[19:33:49] [Render thread/INFO]: Connecting to 192.168.0.146, 6767
[19:33:52] [Server Connector #2/ERROR]: Couldn't connect to server
io.netty.channel.AbstractChannel$AnnotatedNoRouteToHostException: null: /192.168.0.146:6767
	Suppressed: java.util.concurrent.CompletionException: Rethrowing promise failure cause
		at knot//io.netty.util.concurrent.DefaultPromise.rethrowIfFailed(DefaultPromise.java:686)
		at knot//io.netty.util.concurrent.DefaultPromise.syncUninterruptibly(DefaultPromise.java:427)
		at knot//io.netty.channel.DefaultChannelPromise.syncUninterruptibly(DefaultChannelPromise.java:125)
		at knot//io.netty.channel.DefaultChannelPromise.syncUninterruptibly(DefaultChannelPromise.java:30)
		at knot//net.minecraft.class_412$1.run(class_412.java:115)
Caused by: java.net.NoRouteToHostException
	at knot//io.netty.channel.unix.Errors.newConnectException0(Errors.java:158)
	at knot//io.netty.channel.unix.Errors.handleConnectErrno(Errors.java:131)
	at knot//io.netty.channel.unix.Socket.finishConnect(Socket.java:361)
	at knot//io.netty.channel.epoll.AbstractEpollChannel$AbstractEpollUnsafe.doFinishConnect(AbstractEpollChannel.java:764)
	at knot//io.netty.channel.epoll.AbstractEpollChannel$AbstractEpollUnsafe.finishConnect(AbstractEpollChannel.java:741)
	at knot//io.netty.channel.epoll.AbstractEpollChannel$AbstractEpollUnsafe.epollOutReady(AbstractEpollChannel.java:611)
	at knot//io.netty.channel.epoll.AbstractEpollChannel$AbstractEpollUnsafe.handle(AbstractEpollChannel.java:472)
	at knot//io.netty.channel.epoll.EpollIoHandler$DefaultEpollIoRegistration.handle(EpollIoHandler.java:317)
	at knot//io.netty.channel.epoll.EpollIoHandler.processReady(EpollIoHandler.java:515)
	at knot//io.netty.channel.epoll.EpollIoHandler.run(EpollIoHandler.java:460)
	at knot//io.netty.channel.SingleThreadIoEventLoop.runIo(SingleThreadIoEventLoop.java:225)
	at knot//io.netty.channel.SingleThreadIoEventLoop.run(SingleThreadIoEventLoop.java:196)
	at knot//io.netty.util.concurrent.SingleThreadEventExecutor$5.run(SingleThreadEventExecutor.java:1193)
	at knot//io.netty.util.internal.ThreadExecutorMap$2.run(ThreadExecutorMap.java:74)
	at java.base/java.lang.Thread.run(Thread.java:1583)
[19:33:52] [Render thread/INFO]: [DONUT PROFIT/SCREEN] Screen Opened: Title = 'Failed to connect to the server' | Class = class_419
[19:33:55] [Render thread/INFO]: [DONUT PROFIT/SCREEN] Screen Opened: Title = '' | Class = class_435
[19:33:55] [Render thread/INFO]: [DONUT PROFIT/SCREEN] Screen Opened: Title = '' | Class = class_412
[19:33:55] [Render thread/INFO]: Connecting to 192.168.0.146, 6767
[19:33:57] [Render thread/INFO]: [DONUT PROFIT/SCREEN] Screen Opened: Title = '' | Class = class_4399
[19:33:57] [Render thread/INFO]: [DONUT PROFIT/SCREEN] Screen Opened: Title = 'Title Screen' | Class = class_442
[19:33:58] [Render thread/INFO]: [DONUT PROFIT/SCREEN] Screen Opened: Title = 'Play Multiplayer' | Class = class_500
[19:33:59] [Render thread/INFO]: [DONUT PROFIT/SCREEN] Screen Opened: Title = '' | Class = class_435
[19:33:59] [Render thread/INFO]: [DONUT PROFIT/SCREEN] Screen Opened: Title = '' | Class = class_412
[19:33:59] [Render thread/INFO]: Connecting to Donutsmp.net, 25565
[19:34:00] [Render thread/INFO]: Registered 17 custom block set types
[19:34:00] [Render thread/INFO]: Reloaded Polytone Resources in 0 ms
[19:34:00] [Render thread/INFO]: Started 10 worker threads
[19:34:00] [Render thread/INFO]: [DONUT PROFIT/SCREEN] Screen Opened: Title = '' | Class = class_3928
[19:34:00] [Render thread/INFO]: [voicechat] Sending secret request to the server
[19:34:00] [Render thread/INFO]: Starting [2] Placement Manager Daemon threads
[19:34:00] [Render thread/WARN]: [REI] Found 1 existing reload task(s) after trying to terminate them!
[19:34:00] [REI-ReloadPlugins/INFO]: [REI] OOOOOOOOOOOOOOOOOOOOOOOOOOOOOOOOOOOOOOOO
[19:34:00] [REI-ReloadPlugins/INFO]: [REI] REICommonPlugin starting main-reload for START.
[19:34:00] [REI-ReloadPlugins/INFO]: [REI] Plugins (3):
[19:34:00] [REI-ReloadPlugins/INFO]: [REI]  - (-100.00) DefaultPlugin of DefaultPlugin [roughlyenoughitems]
[19:34:00] [REI-ReloadPlugins/INFO]: [REI]  - (0.00) FabricFluidAPISupportPlugin
[19:34:00] [REI-ReloadPlugins/INFO]: [REI]  - (0.00) DefaultRuntimePlugin of DefaultRuntimePlugin [roughlyenoughitems]
[19:34:00] [REI-ReloadPlugins/INFO]: [REI] OOOOOOOOOOOOOOOOOOOOOOOOOOOOOOOOOOOOOOOO
[19:34:00] [Render thread/INFO]: Loaded 43 advancements
[19:34:00] [REI-ReloadPlugins/INFO]: [REI] ++++++++++++++++++++++++++++++++++++++++
[19:34:00] [REI-ReloadPlugins/INFO]: [REI] REIClientPlugin starting main-reload for START.
[19:34:00] [REI-ReloadPlugins/INFO]: [REI] Plugins (5):
[19:34:00] [REI-ReloadPlugins/INFO]: [REI]  - (-100.00) DefaultClientPlugin of DefaultClientPlugin [roughlyenoughitems]
[19:34:00] [REI-ReloadPlugins/INFO]: [REI]  - (0.00) HideIngredientsFromTagsPlugin of HideIngredientsFromTagsPlugin [roughlyenoughitems]
[19:34:00] [REI-ReloadPlugins/INFO]: [REI]  - (0.00) DefaultClientRuntimePlugin of DefaultClientRuntimePlugin [roughlyenoughitems]
[19:34:00] [REI-ReloadPlugins/INFO]: [REI]  - (0.00) OwoReiPlugin of OwoReiPlugin [owo]
[19:34:00] [REI-ReloadPlugins/INFO]: [REI]  - (0.00) REITooltipPlugin of REITooltipPlugin [appleskin]
[19:34:00] [REI-ReloadPlugins/INFO]: [REI] ++++++++++++++++++++++++++++++++++++++++
[19:34:00] [Render thread/INFO]: Destroying pipeline minecraft:overworld
[19:34:00] [Render thread/INFO]: Shaders are disabled because enableShaders is set to false in iris.properties
[19:34:00] [Render thread/INFO]: Creating pipeline for dimension minecraft:overworld
[19:34:00] [Render thread/INFO]: [voicechat] Received secret
[19:34:00] [Render thread/INFO]: [voicechat] Connecting to voice chat server: '172.65.200.198:55554'
[19:34:00] [VoiceChatAuthenticationThread/INFO]: [voicechat] Trying to authenticate voice chat connection
[19:34:00] [REI-ReloadPlugins/INFO]: [REI] REICommonPlugin finished post-reload for START in 323.6 μs, totaling 2.311 ms.
[19:34:00] [REI-ReloadPlugins/INFO]: [REI] REIClientPlugin finished post-reload for START in 323.6 μs, totaling 82.20 ms.
[19:34:00] [REI-ReloadPlugins/INFO]: [REI] ========================================
[19:34:00] [REI-ReloadPlugins/INFO]: [REI] REICommonPlugin starting main-reload for END.
[19:34:00] [REI-ReloadPlugins/INFO]: [REI] Plugins (3):
[19:34:00] [REI-ReloadPlugins/INFO]: [REI]  - (-100.00) DefaultPlugin of DefaultPlugin [roughlyenoughitems]
[19:34:00] [REI-ReloadPlugins/INFO]: [REI]  - (0.00) FabricFluidAPISupportPlugin
[19:34:00] [REI-ReloadPlugins/INFO]: [REI]  - (0.00) DefaultRuntimePlugin of DefaultRuntimePlugin [roughlyenoughitems]
[19:34:00] [REI-ReloadPlugins/INFO]: [REI] ========================================
[19:34:00] [REI-ReloadPlugins/INFO]: [REI] ########################################
[19:34:00] [REI-ReloadPlugins/INFO]: [REI] REIClientPlugin starting main-reload for END.
[19:34:00] [REI-ReloadPlugins/INFO]: [REI] Plugins (5):
[19:34:00] [REI-ReloadPlugins/INFO]: [REI]  - (-100.00) DefaultClientPlugin of DefaultClientPlugin [roughlyenoughitems]
[19:34:00] [REI-ReloadPlugins/INFO]: [REI]  - (0.00) HideIngredientsFromTagsPlugin of HideIngredientsFromTagsPlugin [roughlyenoughitems]
[19:34:00] [REI-ReloadPlugins/INFO]: [REI]  - (0.00) DefaultClientRuntimePlugin of DefaultClientRuntimePlugin [roughlyenoughitems]
[19:34:00] [REI-ReloadPlugins/INFO]: [REI]  - (0.00) OwoReiPlugin of OwoReiPlugin [owo]
[19:34:00] [REI-ReloadPlugins/INFO]: [REI]  - (0.00) REITooltipPlugin of REITooltipPlugin [appleskin]
[19:34:00] [REI-ReloadPlugins/INFO]: [REI] ########################################
[19:34:00] [ForkJoinPool.commonPool-worker-66/INFO]: [REI] [Local Recipes] Loading recipes from client data packs...
[19:34:00] [REI-ReloadPlugins/INFO]: [REI] REICommonPlugin finished post-reload for END in 205.4 μs, totaling 2.006 ms.
[19:34:00] [REI-ReloadPlugins/INFO]: [REI] REIClientPlugin finished post-reload for END in 511.9 μs, totaling 68.81 ms.
[19:34:00] [VoiceChatConnectionThread/INFO]: [voicechat] Server acknowledged authentication
[19:34:00] [VoiceChatConnectionThread/INFO]: [voicechat] Server acknowledged connection check
[19:34:00] [ForkJoinPool.commonPool-worker-66/INFO]: Loaded 1470 recipes
[19:34:00] [ForkJoinPool.commonPool-worker-66/INFO]: [REI] [Local Recipes] Built 1459 local recipe displays
[19:34:00] [Render thread/INFO]: [REI] [Local Recipes] Loaded 1459 local recipe displays; reloading to inject
[19:34:00] [REI-ReloadPlugins/INFO]: [REI] ========================================
[19:34:00] [REI-ReloadPlugins/INFO]: [REI] REICommonPlugin starting main-reload for START.
[19:34:00] [REI-ReloadPlugins/INFO]: [REI] Plugins (3):
[19:34:00] [REI-ReloadPlugins/INFO]: [REI]  - (-100.00) DefaultPlugin of DefaultPlugin [roughlyenoughitems]
[19:34:00] [REI-ReloadPlugins/INFO]: [REI]  - (0.00) FabricFluidAPISupportPlugin
[19:34:00] [REI-ReloadPlugins/INFO]: [REI]  - (0.00) DefaultRuntimePlugin of DefaultRuntimePlugin [roughlyenoughitems]
[19:34:00] [REI-ReloadPlugins/INFO]: [REI] ========================================
[19:34:00] [REI-ReloadPlugins/INFO]: [REI] ~~~~~~~~~~~~~~~~~~~~~~~~~~~~~~~~~~~~~~~~
[19:34:00] [REI-ReloadPlugins/INFO]: [REI] REIClientPlugin starting main-reload for START.
[19:34:00] [REI-ReloadPlugins/INFO]: [REI] Plugins (5):
[19:34:00] [REI-ReloadPlugins/INFO]: [REI]  - (-100.00) DefaultClientPlugin of DefaultClientPlugin [roughlyenoughitems]
[19:34:00] [REI-ReloadPlugins/INFO]: [REI]  - (0.00) HideIngredientsFromTagsPlugin of HideIngredientsFromTagsPlugin [roughlyenoughitems]
[19:34:00] [REI-ReloadPlugins/INFO]: [REI]  - (0.00) DefaultClientRuntimePlugin of DefaultClientRuntimePlugin [roughlyenoughitems]
[19:34:00] [REI-ReloadPlugins/INFO]: [REI]  - (0.00) OwoReiPlugin of OwoReiPlugin [owo]
[19:34:00] [REI-ReloadPlugins/INFO]: [REI]  - (0.00) REITooltipPlugin of REITooltipPlugin [appleskin]
[19:34:00] [REI-ReloadPlugins/INFO]: [REI] ~~~~~~~~~~~~~~~~~~~~~~~~~~~~~~~~~~~~~~~~
[19:34:01] [REI-ReloadPlugins/INFO]: [REI] REICommonPlugin finished post-reload for START in 180.1 μs, totaling 2.830 ms.
[19:34:01] [REI-ReloadPlugins/INFO]: [REI] REIClientPlugin finished post-reload for START in 267.3 μs, totaling 61.96 ms.
[19:34:01] [REI-ReloadPlugins/INFO]: [REI] %%%%%%%%%%%%%%%%%%%%%%%%%%%%%%%%%%%%%%%%
[19:34:01] [REI-ReloadPlugins/INFO]: [REI] REICommonPlugin starting main-reload for END.
[19:34:01] [REI-ReloadPlugins/INFO]: [REI] Plugins (3):
[19:34:01] [REI-ReloadPlugins/INFO]: [REI]  - (-100.00) DefaultPlugin of DefaultPlugin [roughlyenoughitems]
[19:34:01] [REI-ReloadPlugins/INFO]: [REI]  - (0.00) FabricFluidAPISupportPlugin
[19:34:01] [REI-ReloadPlugins/INFO]: [REI]  - (0.00) DefaultRuntimePlugin of DefaultRuntimePlugin [roughlyenoughitems]
[19:34:01] [REI-ReloadPlugins/INFO]: [REI] %%%%%%%%%%%%%%%%%%%%%%%%%%%%%%%%%%%%%%%%
[19:34:01] [REI-ReloadPlugins/INFO]: [REI] ########################################
[19:34:01] [REI-ReloadPlugins/INFO]: [REI] REIClientPlugin starting main-reload for END.
[19:34:01] [REI-ReloadPlugins/INFO]: [REI] Plugins (5):
[19:34:01] [REI-ReloadPlugins/INFO]: [REI]  - (-100.00) DefaultClientPlugin of DefaultClientPlugin [roughlyenoughitems]
[19:34:01] [REI-ReloadPlugins/INFO]: [REI]  - (0.00) HideIngredientsFromTagsPlugin of HideIngredientsFromTagsPlugin [roughlyenoughitems]
[19:34:01] [REI-ReloadPlugins/INFO]: [REI]  - (0.00) DefaultClientRuntimePlugin of DefaultClientRuntimePlugin [roughlyenoughitems]
[19:34:01] [REI-ReloadPlugins/INFO]: [REI]  - (0.00) OwoReiPlugin of OwoReiPlugin [owo]
[19:34:01] [REI-ReloadPlugins/INFO]: [REI]  - (0.00) REITooltipPlugin of REITooltipPlugin [appleskin]
[19:34:01] [REI-ReloadPlugins/INFO]: [REI] ########################################
[19:34:01] [REI-ReloadPlugins/INFO]: [REI] [Local Recipes] Filled 0 local fallback displays in 235.9 μs
[19:34:01] [REI-ReloadPlugins/INFO]: [REI] REICommonPlugin finished post-reload for END in 168.0 μs, totaling 1.543 ms.
[19:34:01] [REI-ReloadPlugins/INFO]: [REI] REIClientPlugin finished post-reload for END in 448.5 μs, totaling 112.0 ms.
[19:34:01] [Render thread/WARN]: Requested creation of existing team '09-DanIsNotThatCool-false'
[19:34:01] [Render thread/WARN]: Requested creation of existing team '09-Boom_Boy_-false'
[19:34:01] [Render thread/WARN]: Requested creation of existing team '09-Lighttism-false'
[19:34:01] [Render thread/WARN]: Requested creation of existing team '09-EnVarkoume-false'
[19:34:01] [Render thread/WARN]: Requested creation of existing team '09-Flaran-false'
[19:34:01] [Render thread/WARN]: Requested creation of existing team '09-ciation-false'
[19:34:01] [Render thread/WARN]: Requested creation of existing team '09-DxP1-false'
[19:34:01] [Render thread/WARN]: Requested creation of existing team '09-Adamzhere-false'
[19:34:01] [Render thread/WARN]: Requested creation of existing team '09-ibfel-false'
[19:34:01] [Render thread/WARN]: Requested creation of existing team '09-Abuodee-false'
[19:34:01] [Render thread/WARN]: Requested creation of existing team '09-g1uc-false'
[19:34:01] [Render thread/WARN]: Requested creation of existing team '09-Ohololo-false'
[19:34:01] [Render thread/WARN]: Requested creation of existing team '09-MrMilaano-false'
[19:34:01] [Render thread/WARN]: Requested creation of existing team '09-_ihd-false'
[19:34:01] [Render thread/WARN]: Requested creation of existing team '09-Doomed001-false'
[19:34:01] [Render thread/WARN]: Requested creation of existing team '09-cutiewsp-false'
[19:34:01] [Render thread/WARN]: Requested creation of existing team '09-AstroM4TT-false'
[19:34:01] [Render thread/WARN]: Requested creation of existing team '09-LordToastman-false'
[19:34:01] [Render thread/WARN]: Requested creation of existing team '09-KingSebMc-false'
[19:34:01] [Render thread/WARN]: Requested creation of existing team '09-Ionfwdanny-false'
[19:34:01] [Render thread/WARN]: Requested creation of existing team '09-ITauI-false'
[19:34:01] [Render thread/WARN]: Requested creation of existing team '09-Ikeacpvp-false'
[19:34:01] [Render thread/WARN]: Requested creation of existing team '09-Maxicpvp-false'
[19:34:01] [Render thread/WARN]: Requested creation of existing team '09-Fluxify_YT-false'
[19:34:01] [Render thread/WARN]: Requested creation of existing team '09-MinimikeCPVP-false'
[19:34:01] [Render thread/WARN]: Requested creation of existing team '09-Cactifyy-false'
[19:34:01] [Render thread/WARN]: Requested creation of existing team '09-maniacmunkey-false'
[19:34:01] [Render thread/WARN]: Requested creation of existing team '09-BluqoYT-false'
[19:34:01] [Render thread/WARN]: Requested creation of existing team '09-greedzox-false'
[19:34:01] [Render thread/WARN]: Requested creation of existing team '09-CarterCam365-false'
[19:34:01] [Render thread/WARN]: Requested creation of existing team '09-mavy_mavy-false'
[19:34:01] [Render thread/WARN]: Requested creation of existing team '09-Leroxcpvp-false'
[19:34:01] [Render thread/WARN]: Requested creation of existing team '09-babuzeco-false'
[19:34:01] [Render thread/WARN]: Requested creation of existing team '09-Melton56-false'
[19:34:01] [Render thread/WARN]: Requested creation of existing team '09-iditity-false'
[19:34:01] [Render thread/WARN]: Requested creation of existing team '09-Mjaytoo-false'
[19:34:01] [Render thread/WARN]: Requested creation of existing team '09-MayoTV-false'
[19:34:01] [Render thread/WARN]: Requested creation of existing team '09-2pfp-false'
[19:34:01] [Render thread/WARN]: Requested creation of existing team '09-NeeIsNee-false'
[19:34:01] [Render thread/WARN]: Requested creation of existing team '09-Mik4s_dUgiRa-false'
[19:34:01] [Render thread/WARN]: Requested creation of existing team '09-Arki0101-false'
[19:34:01] [Render thread/WARN]: Requested creation of existing team '09-BearBTW-false'
[19:34:01] [Render thread/WARN]: Requested creation of existing team '09-FlashAlexMP-false'
[19:34:01] [Render thread/WARN]: Requested creation of existing team '09-knownVisitor-false'
[19:34:01] [Render thread/WARN]: Requested creation of existing team '09-MasM3n-false'
[19:34:01] [Render thread/WARN]: Requested creation of existing team '09-3ywn-false'
[19:34:01] [Render thread/WARN]: Requested creation of existing team '09-BabyBeetroot-false'
[19:34:01] [Render thread/WARN]: Requested creation of existing team '09-Marlivv-false'
[19:34:01] [Render thread/WARN]: Requested creation of existing team '09-MijoTortilla-false'
[19:34:01] [Render thread/WARN]: Requested creation of existing team '09-LethalLukeYT-false'
[19:34:01] [Render thread/WARN]: Requested creation of existing team '09-MUSTARD1221-false'
[19:34:01] [Render thread/WARN]: Requested creation of existing team '09-.CzmOG-false'
[19:34:01] [Render thread/WARN]: Requested creation of existing team '09-Filipoke-false'
[19:34:01] [Render thread/WARN]: Requested creation of existing team '09-DaytonaV8-false'
[19:34:01] [Render thread/WARN]: Requested creation of existing team '09-au4q-false'
[19:34:01] [Render thread/WARN]: Requested creation of existing team '09-okvain-false'
[19:34:01] [Render thread/WARN]: Requested creation of existing team '09-itzkorbz-false'
[19:34:01] [Render thread/WARN]: Requested creation of existing team '09-Mituka_-false'
[19:34:01] [Render thread/WARN]: Requested creation of existing team '09-Golbary-false'
[19:34:01] [Render thread/WARN]: Requested creation of existing team '09-LrexTTV-false'
[19:34:01] [Render thread/WARN]: Requested creation of existing team '09-fubol-false'
[19:34:01] [Render thread/WARN]: Requested creation of existing team '09-AmethystCPVP-false'
[19:34:01] [Render thread/WARN]: Requested creation of existing team '09-AidansGamingYT-false'
[19:34:01] [Render thread/WARN]: Requested creation of existing team '09-DilsMc-false'
[19:34:01] [Render thread/WARN]: Requested creation of existing team '09-Mustard2YT-false'
[19:34:01] [Render thread/WARN]: Requested creation of existing team '09-JoseCPVP-false'
[19:34:01] [Render thread/WARN]: Requested creation of existing team '09-donutgaspa-false'
[19:34:01] [Render thread/WARN]: Requested creation of existing team '09-EtlotOff-false'
[19:34:01] [Render thread/WARN]: Requested creation of existing team '09-Ehxy-false'
[19:34:01] [Render thread/WARN]: Requested creation of existing team '09-DownShot-false'
[19:34:01] [Render thread/WARN]: Requested creation of existing team '09-CoolDudeBoodle-false'
[19:34:01] [Render thread/WARN]: Requested creation of existing team '09-CkatalinSk-false'
[19:34:01] [Render thread/WARN]: Requested creation of existing team '09-Makada2020-false'
[19:34:01] [Render thread/WARN]: Requested creation of existing team '09-JurreB12-false'
[19:34:01] [Render thread/WARN]: Requested creation of existing team '09-AquaMC-false'
[19:34:01] [Render thread/WARN]: Requested creation of existing team '09-KFAcpvp-false'
[19:34:01] [Render thread/WARN]: Requested creation of existing team '09-LexAmarni0-false'
[19:34:01] [Render thread/WARN]: Requested creation of existing team '09-As1atic-false'
[19:34:01] [Render thread/WARN]: Requested creation of existing team '03-W1zoX_-false'
[19:34:01] [Render thread/WARN]: Requested creation of existing team '09-HendogOfficial-false'
[19:34:01] [Render thread/WARN]: Requested creation of existing team '09-CaptainMoose35-false'
[19:34:01] [Render thread/WARN]: Requested creation of existing team '09-HaitchL-false'
[19:34:01] [Render thread/WARN]: Requested creation of existing team '09-AlpBey3503-false'
[19:34:01] [Render thread/WARN]: Requested creation of existing team '09-KlingMC-false'
[19:34:01] [Render thread/WARN]: Requested creation of existing team '09-Nonsense__2k-false'
[19:34:02] [Cosmetica Worker #24/ERROR]: Error fetching player data (00000000-0000-0000-0009-01feed685dbd) for texture packet.
gg.cloaks.javaclient.ApiException: {"statusCode":400,"message":"Packet and signature do not match"}
	at knot//gg.cloaks.javaclient.ApiClient.processResponse(ApiClient.java:867)
	at knot//gg.cloaks.javaclient.ApiClient.invokeAPI(ApiClient.java:954)
	at knot//gg.cloaks.javaclient.api.PlayersApi.submitTexturePacket(PlayersApi.java:187)
	at knot//gg.cloaks.javaclient.api.PlayersApi.submitTexturePacket(PlayersApi.java:138)
	at knot//cc.cosmetica.core.builtin.manager.ApiCosmeticManager.lambda$lookUpGameProfile$3(ApiCosmeticManager.java:129)
	at knot//cc.cosmetica.core.api.AsyncApi.lambda$requestAsync$0(AsyncApi.java:46)
	at java.base/java.util.concurrent.CompletableFuture$AsyncSupply.run(CompletableFuture.java:1768)
	at java.base/java.util.concurrent.ThreadPoolExecutor.runWorker(ThreadPoolExecutor.java:1144)
	at java.base/java.util.concurrent.ThreadPoolExecutor$Worker.run(ThreadPoolExecutor.java:642)
	at java.base/java.lang.Thread.run(Thread.java:1583)
[19:34:04] [Render thread/INFO]: [DONUT PROFIT/SCREEN] Screen Opened: Title = 'Chat screen' | Class = class_408
[19:34:07] [Render thread/INFO]: Loaded 395 advancements
[19:34:07] [Render thread/WARN]: Requested creation of existing team 'sidebar_line_0'
[19:34:07] [Render thread/WARN]: Requested creation of existing team 'sidebar_line_1'
[19:34:07] [Render thread/WARN]: Requested creation of existing team 'sidebar_line_2'
[19:34:07] [Render thread/WARN]: Requested creation of existing team 'sidebar_line_3'
[19:34:07] [Render thread/WARN]: Requested creation of existing team 'sidebar_line_4'
[19:34:08] [Render thread/WARN]: Requested creation of existing team '09-DanIsNotThatCool-false'
[19:34:08] [Render thread/WARN]: Requested creation of existing team '09-Boom_Boy_-false'
[19:34:08] [Render thread/WARN]: Requested creation of existing team '09-Lighttism-false'
[19:34:08] [Render thread/WARN]: Requested creation of existing team '09-EnVarkoume-false'
[19:34:08] [Render thread/WARN]: Requested creation of existing team '09-Flaran-false'
[19:34:08] [Render thread/WARN]: Requested creation of existing team '09-ciation-false'
[19:34:08] [Render thread/WARN]: Requested creation of existing team '09-DxP1-false'
[19:34:08] [Render thread/WARN]: Requested creation of existing team '09-Adamzhere-false'
[19:34:08] [Render thread/WARN]: Requested creation of existing team '09-ibfel-false'
[19:34:08] [Render thread/WARN]: Requested creation of existing team '09-Abuodee-false'
[19:34:08] [Render thread/WARN]: Requested creation of existing team '09-g1uc-false'
[19:34:08] [Render thread/WARN]: Requested creation of existing team '09-Ohololo-false'
[19:34:08] [Render thread/WARN]: Requested creation of existing team '09-MrMilaano-false'
[19:34:08] [Render thread/WARN]: Requested creation of existing team '09-Doomed001-false'
[19:34:08] [Render thread/WARN]: Requested creation of existing team '09-_ihd-false'
[19:34:08] [Render thread/WARN]: Requested creation of existing team '09-cutiewsp-false'
[19:34:08] [Render thread/WARN]: Requested creation of existing team '09-AstroM4TT-false'
[19:34:08] [Render thread/WARN]: Requested creation of existing team '09-LordToastman-false'
[19:34:08] [Render thread/WARN]: Requested creation of existing team '09-KingSebMc-false'
[19:34:08] [Render thread/WARN]: Requested creation of existing team '09-Ionfwdanny-false'
[19:34:08] [Render thread/WARN]: Requested creation of existing team '09-ITauI-false'
[19:34:08] [Render thread/WARN]: Requested creation of existing team '09-Ikeacpvp-false'
[19:34:08] [Render thread/WARN]: Requested creation of existing team '09-Maxicpvp-false'
[19:34:08] [Render thread/WARN]: Requested creation of existing team '09-Fluxify_YT-false'
[19:34:08] [Render thread/WARN]: Requested creation of existing team '09-MinimikeCPVP-false'
[19:34:08] [Render thread/WARN]: Requested creation of existing team '09-Cactifyy-false'
[19:34:08] [Render thread/WARN]: Requested creation of existing team '09-maniacmunkey-false'
[19:34:08] [Render thread/WARN]: Requested creation of existing team '09-BluqoYT-false'
[19:34:08] [Render thread/WARN]: Requested creation of existing team '09-greedzox-false'
[19:34:08] [Render thread/WARN]: Requested creation of existing team '09-CarterCam365-false'
[19:34:08] [Render thread/WARN]: Requested creation of existing team '09-mavy_mavy-false'
[19:34:08] [Render thread/WARN]: Requested creation of existing team '09-Leroxcpvp-false'
[19:34:08] [Render thread/WARN]: Requested creation of existing team '09-babuzeco-false'
[19:34:08] [Render thread/WARN]: Requested creation of existing team '09-Melton56-false'
[19:34:08] [Render thread/WARN]: Requested creation of existing team '09-iditity-false'
[19:34:08] [Render thread/WARN]: Requested creation of existing team '09-Mjaytoo-false'
[19:34:08] [Render thread/WARN]: Requested creation of existing team '09-MayoTV-false'
[19:34:08] [Render thread/WARN]: Requested creation of existing team '09-2pfp-false'
[19:34:08] [Render thread/WARN]: Requested creation of existing team '09-NeeIsNee-false'
[19:34:08] [Render thread/WARN]: Requested creation of existing team '09-Mik4s_dUgiRa-false'
[19:34:08] [Render thread/WARN]: Requested creation of existing team '09-Arki0101-false'
[19:34:08] [Render thread/WARN]: Requested creation of existing team '09-BearBTW-false'
[19:34:08] [Render thread/WARN]: Requested creation of existing team '09-FlashAlexMP-false'
[19:34:08] [Render thread/WARN]: Requested creation of existing team '09-knownVisitor-false'
[19:34:08] [Render thread/WARN]: Requested creation of existing team '09-MasM3n-false'
[19:34:08] [Render thread/WARN]: Requested creation of existing team '09-3ywn-false'
[19:34:08] [Render thread/WARN]: Requested creation of existing team '09-BabyBeetroot-false'
[19:34:08] [Render thread/WARN]: Requested creation of existing team '09-Marlivv-false'
[19:34:08] [Render thread/WARN]: Requested creation of existing team '09-MijoTortilla-false'
[19:34:08] [Render thread/WARN]: Requested creation of existing team '09-LethalLukeYT-false'
[19:34:08] [Render thread/WARN]: Requested creation of existing team '09-MUSTARD1221-false'
[19:34:08] [Render thread/WARN]: Requested creation of existing team '09-.CzmOG-false'
[19:34:08] [Render thread/WARN]: Requested creation of existing team '09-Filipoke-false'
[19:34:08] [Render thread/WARN]: Requested creation of existing team '09-DaytonaV8-false'
[19:34:08] [Render thread/WARN]: Requested creation of existing team '09-au4q-false'
[19:34:08] [Render thread/WARN]: Requested creation of existing team '09-okvain-false'
[19:34:08] [Render thread/WARN]: Requested creation of existing team '09-itzkorbz-false'
[19:34:08] [Render thread/WARN]: Requested creation of existing team '09-Mituka_-false'
[19:34:08] [Render thread/WARN]: Requested creation of existing team '09-Golbary-false'
[19:34:08] [Render thread/WARN]: Requested creation of existing team '09-LrexTTV-false'
[19:34:08] [Render thread/WARN]: Requested creation of existing team '09-fubol-false'
[19:34:08] [Render thread/WARN]: Requested creation of existing team '09-AmethystCPVP-false'
[19:34:08] [Render thread/WARN]: Requested creation of existing team '09-AidansGamingYT-false'
[19:34:08] [Render thread/WARN]: Requested creation of existing team '09-DilsMc-false'
[19:34:08] [Render thread/WARN]: Requested creation of existing team '09-Mustard2YT-false'
[19:34:08] [Render thread/WARN]: Requested creation of existing team '09-JoseCPVP-false'
[19:34:08] [Render thread/WARN]: Requested creation of existing team '09-donutgaspa-false'
[19:34:08] [Render thread/WARN]: Requested creation of existing team '09-EtlotOff-false'
[19:34:08] [Render thread/WARN]: Requested creation of existing team '09-Ehxy-false'
[19:34:08] [Render thread/WARN]: Requested creation of existing team '09-DownShot-false'
[19:34:08] [Render thread/WARN]: Requested creation of existing team '09-CoolDudeBoodle-false'
[19:34:08] [Render thread/WARN]: Requested creation of existing team '09-CkatalinSk-false'
[19:34:08] [Render thread/WARN]: Requested creation of existing team '09-Makada2020-false'
[19:34:08] [Render thread/WARN]: Requested creation of existing team '09-JurreB12-false'
[19:34:08] [Render thread/WARN]: Requested creation of existing team '09-AquaMC-false'
[19:34:08] [Render thread/WARN]: Requested creation of existing team '09-KFAcpvp-false'
[19:34:08] [Render thread/WARN]: Requested creation of existing team '09-LexAmarni0-false'
[19:34:08] [Render thread/WARN]: Requested creation of existing team '09-As1atic-false'
[19:34:08] [Render thread/WARN]: Requested creation of existing team '03-W1zoX_-false'
[19:34:08] [Render thread/WARN]: Requested creation of existing team '09-HendogOfficial-false'
[19:34:08] [Render thread/WARN]: Requested creation of existing team '09-CaptainMoose35-false'
[19:34:08] [Render thread/WARN]: Requested creation of existing team '09-HaitchL-false'
[19:34:08] [Render thread/WARN]: Requested creation of existing team '09-AlpBey3503-false'
[19:34:08] [Render thread/WARN]: Requested creation of existing team '09-KlingMC-false'
[19:34:08] [Render thread/WARN]: Requested creation of existing team '09-Nonsense__2k-false'
[19:34:08] [Render thread/INFO]: [DONUT PROFIT/SCREEN] Screen Opened: Title = 'Chat screen' | Class = class_408
[19:34:08] [Render thread/INFO]: [REI] [Local Recipes] Removing 0 overlapping fallback displays superseded by server recipe add
[19:34:08] [Render thread/WARN]: [REI] Detected runtime DisplayRegistry modification, this can be extremely dangerous!
[19:34:09] [Render thread/INFO]: [CHAT] Home does not exist
[19:34:09] [Render thread/INFO]: [DONUT PROFIT/SCREEN] Screen Opened: Title = 'Chat screen' | Class = class_408
[19:34:11] [Render thread/WARN]: Tried to configure cosmetics of itzkorbz/b6187a2c-cfc8-4f31-b347-9f33ea4077b2 no matching player found!
[19:34:11] [Render thread/INFO]: Loaded 297 advancements
[19:34:11] [Render thread/WARN]: Requested creation of existing team 'sidebar_line_0'
[19:34:11] [Render thread/WARN]: Requested creation of existing team 'sidebar_line_1'
[19:34:11] [Render thread/WARN]: Requested creation of existing team 'sidebar_line_2'
[19:34:11] [Render thread/WARN]: Requested creation of existing team 'sidebar_line_3'
[19:34:11] [Render thread/WARN]: Requested creation of existing team 'sidebar_line_4'
[19:34:11] [Render thread/INFO]: [REI] [Local Recipes] Removing 0 overlapping fallback displays superseded by server recipe add
[19:34:11] [Render thread/WARN]: Requested creation of existing team '09-DanIsNotThatCool-false'
[19:34:11] [Render thread/WARN]: Requested creation of existing team '09-Boom_Boy_-false'
[19:34:11] [Render thread/WARN]: Requested creation of existing team '09-Lighttism-false'
[19:34:11] [Render thread/WARN]: Requested creation of existing team '09-EnVarkoume-false'
[19:34:11] [Render thread/WARN]: Requested creation of existing team '09-Flaran-false'
[19:34:11] [Render thread/WARN]: Requested creation of existing team '09-ciation-false'
[19:34:11] [Render thread/WARN]: Requested creation of existing team '09-DxP1-false'
[19:34:11] [Render thread/WARN]: Requested creation of existing team '09-Adamzhere-false'
[19:34:11] [Render thread/WARN]: Requested creation of existing team '09-ibfel-false'
[19:34:11] [Render thread/WARN]: Requested creation of existing team '09-Abuodee-false'
[19:34:11] [Render thread/WARN]: Requested creation of existing team '09-g1uc-false'
[19:34:11] [Render thread/WARN]: Requested creation of existing team '09-Ohololo-false'
[19:34:11] [Render thread/WARN]: Requested creation of existing team '09-MrMilaano-false'
[19:34:11] [Render thread/WARN]: Requested creation of existing team '09-_ihd-false'
[19:34:11] [Render thread/WARN]: Requested creation of existing team '09-Doomed001-false'
[19:34:11] [Render thread/WARN]: Requested creation of existing team '09-cutiewsp-false'
[19:34:11] [Render thread/WARN]: Requested creation of existing team '09-AstroM4TT-false'
[19:34:11] [Render thread/WARN]: Requested creation of existing team '09-LordToastman-false'
[19:34:11] [Render thread/WARN]: Requested creation of existing team '09-KingSebMc-false'
[19:34:11] [Render thread/WARN]: Requested creation of existing team '09-Ionfwdanny-false'
[19:34:11] [Render thread/WARN]: Requested creation of existing team '09-ITauI-false'
[19:34:11] [Render thread/WARN]: Requested creation of existing team '09-Ikeacpvp-false'
[19:34:11] [Render thread/WARN]: Requested creation of existing team '09-Maxicpvp-false'
[19:34:11] [Render thread/WARN]: Requested creation of existing team '09-Fluxify_YT-false'
[19:34:11] [Render thread/WARN]: Requested creation of existing team '09-MinimikeCPVP-false'
[19:34:11] [Render thread/WARN]: Requested creation of existing team '09-Cactifyy-false'
[19:34:11] [Render thread/WARN]: Requested creation of existing team '09-maniacmunkey-false'
[19:34:11] [Render thread/WARN]: Requested creation of existing team '09-BluqoYT-false'
[19:34:11] [Render thread/WARN]: Requested creation of existing team '09-greedzox-false'
[19:34:11] [Render thread/WARN]: Requested creation of existing team '09-CarterCam365-false'
[19:34:11] [Render thread/WARN]: Requested creation of existing team '09-mavy_mavy-false'
[19:34:11] [Render thread/WARN]: Requested creation of existing team '09-Leroxcpvp-false'
[19:34:11] [Render thread/WARN]: Requested creation of existing team '09-babuzeco-false'
[19:34:11] [Render thread/WARN]: Requested creation of existing team '09-Melton56-false'
[19:34:11] [Render thread/WARN]: Requested creation of existing team '09-iditity-false'
[19:34:11] [Render thread/WARN]: Requested creation of existing team '09-Mjaytoo-false'
[19:34:11] [Render thread/WARN]: Requested creation of existing team '09-MayoTV-false'
[19:34:11] [Render thread/WARN]: Requested creation of existing team '09-2pfp-false'
[19:34:11] [Render thread/WARN]: Requested creation of existing team '09-NeeIsNee-false'
[19:34:11] [Render thread/WARN]: Requested creation of existing team '09-Mik4s_dUgiRa-false'
[19:34:11] [Render thread/WARN]: Requested creation of existing team '09-Arki0101-false'
[19:34:11] [Render thread/WARN]: Requested creation of existing team '09-BearBTW-false'
[19:34:11] [Render thread/WARN]: Requested creation of existing team '09-FlashAlexMP-false'
[19:34:11] [Render thread/WARN]: Requested creation of existing team '09-knownVisitor-false'
[19:34:11] [Render thread/WARN]: Requested creation of existing team '09-MasM3n-false'
[19:34:11] [Render thread/WARN]: Requested creation of existing team '09-3ywn-false'
[19:34:11] [Render thread/WARN]: Requested creation of existing team '09-BabyBeetroot-false'
[19:34:11] [Render thread/WARN]: Requested creation of existing team '09-Marlivv-false'
[19:34:11] [Render thread/WARN]: Requested creation of existing team '09-MijoTortilla-false'
[19:34:11] [Render thread/WARN]: Requested creation of existing team '09-LethalLukeYT-false'
[19:34:11] [Render thread/WARN]: Requested creation of existing team '09-MUSTARD1221-false'
[19:34:11] [Render thread/WARN]: Requested creation of existing team '09-.CzmOG-false'
[19:34:11] [Render thread/WARN]: Requested creation of existing team '09-Filipoke-false'
[19:34:11] [Render thread/WARN]: Requested creation of existing team '09-DaytonaV8-false'
[19:34:11] [Render thread/WARN]: Requested creation of existing team '09-au4q-false'
[19:34:11] [Render thread/WARN]: Requested creation of existing team '09-okvain-false'
[19:34:11] [Render thread/WARN]: Requested creation of existing team '09-itzkorbz-false'
[19:34:11] [Render thread/WARN]: Requested creation of existing team '09-Mituka_-false'
[19:34:11] [Render thread/WARN]: Requested creation of existing team '09-Golbary-false'
[19:34:11] [Render thread/WARN]: Requested creation of existing team '09-LrexTTV-false'
[19:34:11] [Render thread/WARN]: Requested creation of existing team '09-fubol-false'
[19:34:11] [Render thread/WARN]: Requested creation of existing team '09-AmethystCPVP-false'
[19:34:11] [Render thread/WARN]: Requested creation of existing team '09-AidansGamingYT-false'
[19:34:11] [Render thread/WARN]: Requested creation of existing team '09-DilsMc-false'
[19:34:11] [Render thread/WARN]: Requested creation of existing team '09-Mustard2YT-false'
[19:34:11] [Render thread/WARN]: Requested creation of existing team '09-JoseCPVP-false'
[19:34:11] [Render thread/WARN]: Requested creation of existing team '09-donutgaspa-false'
[19:34:11] [Render thread/WARN]: Requested creation of existing team '09-EtlotOff-false'
[19:34:11] [Render thread/WARN]: Requested creation of existing team '09-Ehxy-false'
[19:34:11] [Render thread/WARN]: Requested creation of existing team '09-DownShot-false'
[19:34:11] [Render thread/WARN]: Requested creation of existing team '09-CoolDudeBoodle-false'
[19:34:11] [Render thread/WARN]: Requested creation of existing team '09-CkatalinSk-false'
[19:34:11] [Render thread/WARN]: Requested creation of existing team '09-Makada2020-false'
[19:34:11] [Render thread/WARN]: Requested creation of existing team '09-JurreB12-false'
[19:34:11] [Render thread/WARN]: Requested creation of existing team '09-AquaMC-false'
[19:34:11] [Render thread/WARN]: Requested creation of existing team '09-KFAcpvp-false'
[19:34:11] [Render thread/WARN]: Requested creation of existing team '09-LexAmarni0-false'
[19:34:11] [Render thread/WARN]: Requested creation of existing team '09-As1atic-false'
[19:34:11] [Render thread/WARN]: Requested creation of existing team '03-W1zoX_-false'
[19:34:11] [Render thread/WARN]: Requested creation of existing team '09-HendogOfficial-false'
[19:34:11] [Render thread/WARN]: Requested creation of existing team '09-CaptainMoose35-false'
[19:34:11] [Render thread/WARN]: Requested creation of existing team '09-HaitchL-false'
[19:34:11] [Render thread/WARN]: Requested creation of existing team '09-AlpBey3503-false'
[19:34:11] [Render thread/WARN]: Requested creation of existing team '09-KlingMC-false'
[19:34:11] [Render thread/WARN]: Requested creation of existing team '09-Nonsense__2k-false'
[19:34:12] [Worker-Main-75/WARN]: Profile contained invalid signature for textures property (profile id: 00000000-0000-0000-0009-01feed685dbd)
[19:34:18] [Render thread/WARN]: Tried to configure cosmetics of okvain/24806cd9-a2e8-42f2-9006-0bda80ea5634 no matching player found!
[19:34:21] [Render thread/INFO]: [DONUT PROFIT/SCREEN] Screen Opened: Title = 'Crafting' | Class = class_490
[19:34:22] [Render thread/INFO]: [DONUT PROFIT/SCREEN] Screen Opened: Title = 'Crafting' | Class = class_490
[19:34:23] [Render thread/INFO]: [DONUT PROFIT/SCREEN] Screen Opened: Title = 'Chat screen' | Class = class_408
[19:35:04] [Render thread/INFO]: [DONUT PROFIT/SCREEN] Screen Opened: Title = 'Crafting' | Class = class_490
[19:35:14] [Render thread/INFO]: [DONUT PROFIT/SCREEN] Screen Opened: Title = 'Crafting' | Class = class_490
[19:35:18] [Render thread/INFO]: [DONUT PROFIT/SCREEN] Screen Opened: Title = 'Large Chest' | Class = class_476
[19:35:18] [Render thread/INFO]: [DONUT PROFIT/SCREEN] Screen Opened: Title = 'Large Chest' | Class = class_476
[19:35:19] [Render thread/INFO]: [DONUT PROFIT/SCREEN] Screen Opened: Title = 'Large Chest' | Class = class_476
[19:35:20] [Render thread/INFO]: [DONUT PROFIT/SCREEN] Screen Opened: Title = 'Item Hopper' | Class = class_488
[19:35:27] [Render thread/INFO]: [DONUT PROFIT/SCREEN] Screen Opened: Title = 'Crafting' | Class = class_490
[19:35:29] [Render thread/INFO]: [DONUT PROFIT/SCREEN] Screen Opened: Title = 'Chat screen' | Class = class_408
[19:35:31] [Render thread/INFO]: [CHAT] Home does not exist
[19:35:31] [Render thread/INFO]: [DONUT PROFIT/SCREEN] Screen Opened: Title = 'Chat screen' | Class = class_408
[19:35:33] [Render thread/INFO]: Loaded 395 advancements
[19:35:33] [Render thread/WARN]: Requested creation of existing team 'sidebar_line_0'
[19:35:33] [Render thread/WARN]: Requested creation of existing team 'sidebar_line_1'
[19:35:33] [Render thread/WARN]: Requested creation of existing team 'sidebar_line_2'
[19:35:33] [Render thread/WARN]: Requested creation of existing team 'sidebar_line_3'
[19:35:33] [Render thread/WARN]: Requested creation of existing team 'sidebar_line_4'
[19:35:33] [Render thread/INFO]: [REI] [Local Recipes] Removing 0 overlapping fallback displays superseded by server recipe add
[19:35:33] [Render thread/WARN]: [REI] Detected runtime DisplayRegistry modification, this can be extremely dangerous!
[19:35:39] [Render thread/INFO]: [DONUT PROFIT/SCREEN] Screen Opened: Title = 'Chat screen' | Class = class_408
[19:35:40] [Render thread/INFO]: [DONUT PROFIT/SCREEN] Screen Opened: Title = 'Crafting' | Class = class_490
[19:35:40] [Render thread/INFO]: [DONUT PROFIT/SCREEN] Screen Opened: Title = 'Chat screen' | Class = class_408
[19:35:41] [Render thread/INFO]: [DONUT PROFIT/SCREEN] Screen Opened: Title = 'Auction (Page 1)' | Class = class_476
[19:35:43] [Render thread/INFO]: [DONUT PROFIT/SCREEN] Screen Opened: Title = 'Auction (Page 1)' | Class = class_476
[19:35:43] [Render thread/INFO]: [CHAT] You bought 1 Stick for $ 4K
[19:35:47] [Render thread/INFO]: [DONUT PROFIT/SCREEN] Screen Opened: Title = 'Crafting' | Class = class_490
[19:35:48] [Render thread/INFO]: [DONUT PROFIT/SCREEN] Screen Opened: Title = 'Crafting' | Class = class_490
[19:35:49] [Render thread/INFO]: [DONUT PROFIT/SCREEN] Screen Opened: Title = 'Chat screen' | Class = class_408
[19:35:49] [Render thread/INFO]: [CHAT] WARNING: Servers are updating, do not teleport or you will lose your location, you will be put back shortly.!
[19:35:49] [Render thread/INFO]: [CHAT] WARNING: Servers are updating, do not teleport or you will lose your location, you will be put back shortly.!
[19:35:49] [Render thread/INFO]: [CHAT] Your server is restarting. You are waiting in proxy limbo.
[19:35:49] [Render thread/INFO]: [CHAT] Connected to proxy limbo. Run /leave to get out.
[19:35:49] [Render thread/INFO]: [DONUT PROFIT/SCREEN] Screen Opened: Title = '' | Class = SocialMenu
[19:35:49] [Render thread/INFO]: [DONUT PROFIT/SCREEN] Screen Opened: Title = '' | Class = UtilityScreen
[19:35:49] [Render thread/INFO]: [DONUT PROFIT/SCREEN] Screen Opened: Title = '' | Class = SocialMenu
[19:35:50] [Render thread/INFO]: [DONUT PROFIT/SCREEN] Screen Opened: Title = '' | Class = SocialMenu
[19:35:50] [Render thread/INFO]: [DONUT PROFIT/SCREEN] Screen Opened: Title = '' | Class = UtilityScreen
[19:35:50] [Render thread/INFO]: [DONUT PROFIT/SCREEN] Screen Opened: Title = 'Game Menu' | Class = class_433
[19:35:53] [Render thread/INFO]: [DONUT PROFIT/SCREEN] Screen Opened: Title = 'Chat screen' | Class = class_408
[19:35:59] [Render thread/INFO]: [DONUT PROFIT/SCREEN] Screen Opened: Title = 'Game Menu' | Class = class_433
[19:40:50] [REI-ReloadPlugins/INFO]: [REI] ****************************************
[19:40:50] [REI-ReloadPlugins/INFO]: [REI] REICommonPlugin starting main-reload for START.
[19:40:50] [REI-ReloadPlugins/INFO]: [REI] Plugins (3):
[19:40:50] [REI-ReloadPlugins/INFO]: [REI]  - (-100.00) DefaultPlugin of DefaultPlugin [roughlyenoughitems]
[19:40:50] [REI-ReloadPlugins/INFO]: [REI]  - (0.00) FabricFluidAPISupportPlugin
[19:40:50] [REI-ReloadPlugins/INFO]: [REI]  - (0.00) DefaultRuntimePlugin of DefaultRuntimePlugin [roughlyenoughitems]
[19:40:50] [REI-ReloadPlugins/INFO]: [REI] ****************************************
[19:40:50] [REI-ReloadPlugins/INFO]: [REI] @@@@@@@@@@@@@@@@@@@@@@@@@@@@@@@@@@@@@@@@
[19:40:50] [REI-ReloadPlugins/INFO]: [REI] REIClientPlugin starting main-reload for START.
[19:40:50] [REI-ReloadPlugins/INFO]: [REI] Plugins (5):
[19:40:50] [REI-ReloadPlugins/INFO]: [REI]  - (-100.00) DefaultClientPlugin of DefaultClientPlugin [roughlyenoughitems]
[19:40:50] [REI-ReloadPlugins/INFO]: [REI]  - (0.00) HideIngredientsFromTagsPlugin of HideIngredientsFromTagsPlugin [roughlyenoughitems]
[19:40:50] [REI-ReloadPlugins/INFO]: [REI]  - (0.00) DefaultClientRuntimePlugin of DefaultClientRuntimePlugin [roughlyenoughitems]
[19:40:50] [REI-ReloadPlugins/INFO]: [REI]  - (0.00) OwoReiPlugin of OwoReiPlugin [owo]
[19:40:50] [REI-ReloadPlugins/INFO]: [REI]  - (0.00) REITooltipPlugin of REITooltipPlugin [appleskin]
[19:40:50] [REI-ReloadPlugins/INFO]: [REI] @@@@@@@@@@@@@@@@@@@@@@@@@@@@@@@@@@@@@@@@
[19:40:50] [Render thread/INFO]: Stopping worker threads
[19:40:50] [Render thread/INFO]: Started 10 worker threads
[19:40:50] [Render thread/INFO]: Stopping worker threads
[19:40:50] [Render thread/INFO]: Started 10 worker threads
[19:40:50] [Render thread/INFO]: Starting [2] Placement Manager Daemon threads
[19:40:50] [Render thread/INFO]: [DONUT PROFIT/SCREEN] Screen Opened: Title = '' | Class = class_3928
[19:40:50] [Render thread/INFO]: [voicechat] Disconnecting from previous connection due to server change
[19:40:50] [Render thread/INFO]: [voicechat] Clearing audio channels
[19:40:50] [Render thread/INFO]: [voicechat] Stopping microphone thread
[19:40:50] [Render thread/INFO]: [voicechat] Disconnecting voicechat
[19:40:50] [Render thread/INFO]: [voicechat] Sending secret request to the server
[19:40:50] [Render thread/INFO]: Starting [2] Placement Manager Daemon threads
[19:40:50] [Render thread/INFO]: Saving
[19:40:50] [Render thread/INFO]: Saved in 3 milliseconds.
[19:40:50] [Render thread/WARN]: [REI] Trying to start reload plugins of stage START but found 1 existing reload task(s)!
[19:40:50] [Render thread/WARN]: [REI] Found 1 existing reload task(s) after trying to terminate them!
[19:40:50] [REI-ReloadPlugins/INFO]: [REI] ========================================
[19:40:50] [REI-ReloadPlugins/INFO]: [REI] REICommonPlugin starting main-reload for START.
[19:40:50] [REI-ReloadPlugins/INFO]: [REI] Plugins (3):
[19:40:50] [REI-ReloadPlugins/INFO]: [REI]  - (-100.00) DefaultPlugin of DefaultPlugin [roughlyenoughitems]
[19:40:50] [REI-ReloadPlugins/INFO]: [REI]  - (0.00) FabricFluidAPISupportPlugin
[19:40:50] [REI-ReloadPlugins/INFO]: [REI]  - (0.00) DefaultRuntimePlugin of DefaultRuntimePlugin [roughlyenoughitems]
[19:40:50] [REI-ReloadPlugins/INFO]: [REI] ========================================
[19:40:50] [REI-ReloadPlugins/INFO]: [REI] ----------------------------------------
[19:40:50] [REI-ReloadPlugins/INFO]: [REI] REIClientPlugin starting main-reload for START.
[19:40:50] [REI-ReloadPlugins/INFO]: [REI] Plugins (5):
[19:40:50] [REI-ReloadPlugins/INFO]: [REI]  - (-100.00) DefaultClientPlugin of DefaultClientPlugin [roughlyenoughitems]
[19:40:50] [REI-ReloadPlugins/INFO]: [REI]  - (0.00) HideIngredientsFromTagsPlugin of HideIngredientsFromTagsPlugin [roughlyenoughitems]
[19:40:50] [REI-ReloadPlugins/INFO]: [REI]  - (0.00) DefaultClientRuntimePlugin of DefaultClientRuntimePlugin [roughlyenoughitems]
[19:40:50] [REI-ReloadPlugins/INFO]: [REI]  - (0.00) OwoReiPlugin of OwoReiPlugin [owo]
[19:40:50] [REI-ReloadPlugins/INFO]: [REI]  - (0.00) REITooltipPlugin of REITooltipPlugin [appleskin]
[19:40:50] [REI-ReloadPlugins/INFO]: [REI] ----------------------------------------
[19:40:50] [Render thread/WARN]: Requested creation of existing team '09-DanIsNotThatCool-false'
[19:40:50] [Render thread/WARN]: Requested creation of existing team '09-JoseCPVP-false'
[19:40:50] [Render thread/WARN]: Requested creation of existing team '09-Boom_Boy_-false'
[19:40:50] [Render thread/WARN]: Requested creation of existing team '09-mega112233-false'
[19:40:50] [Render thread/WARN]: Requested creation of existing team '09-Ciblo-false'
[19:40:50] [Render thread/WARN]: Requested creation of existing team '09-Lighttism-false'
[19:40:50] [Render thread/WARN]: Requested creation of existing team '09-BabyBeetroot-false'
[19:40:50] [Render thread/WARN]: Requested creation of existing team '09-donutgaspa-false'
[19:40:50] [Render thread/WARN]: Requested creation of existing team '09-EtlotOff-false'
[19:40:50] [Render thread/WARN]: Requested creation of existing team '09-Ehxy-false'
[19:40:50] [Render thread/WARN]: Requested creation of existing team '09-EnVarkoume-false'
[19:40:50] [Render thread/WARN]: Requested creation of existing team '09-Eric23141-false'
[19:40:50] [Render thread/WARN]: Requested creation of existing team '09-Marlivv-false'
[19:40:50] [Render thread/WARN]: Requested creation of existing team '09-ChedChinChilla-false'
[19:40:50] [Render thread/WARN]: Requested creation of existing team '09-Fluxify_YT-false'
[19:40:50] [Render thread/WARN]: Requested creation of existing team '09-DownShot-false'
[19:40:50] [Render thread/WARN]: Requested creation of existing team '09-LethalLukeYT-false'
[19:40:50] [Render thread/WARN]: Requested creation of existing team '09-CoolDudeBoodle-false'
[19:40:50] [Render thread/WARN]: Requested creation of existing team '09-Cactifyy-false'
[19:40:50] [Render thread/WARN]: Requested creation of existing team '09-ciation-false'
[19:40:50] [Render thread/WARN]: Requested creation of existing team '09-CkatalinSk-false'
[19:40:50] [Render thread/WARN]: Requested creation of existing team '09-DxP1-false'
[19:40:50] [Render thread/WARN]: Requested creation of existing team '09-.CzmOG-false'
[19:40:50] [Render thread/WARN]: Requested creation of existing team '09-maniacmunkey-false'
[19:40:50] [Render thread/WARN]: Requested creation of existing team '09-Filipoke-false'
[19:40:50] [Render thread/WARN]: Requested creation of existing team '09-BluqoYT-false'
[19:40:50] [Render thread/WARN]: Requested creation of existing team '09-Makada2020-false'
[19:40:50] [Render thread/WARN]: Requested creation of existing team '09-greedzox-false'
[19:40:50] [Render thread/WARN]: Requested creation of existing team '09-CarterCam365-false'
[19:40:50] [Render thread/WARN]: Requested creation of existing team '09-Adamzhere-false'
[19:40:50] [Render thread/WARN]: Requested creation of existing team '09-JurreB12-false'
[19:40:50] [Render thread/WARN]: Requested creation of existing team '09-mavy_mavy-false'
[19:40:50] [Render thread/WARN]: Requested creation of existing team '09-Leroxcpvp-false'
[19:40:50] [Render thread/WARN]: Requested creation of existing team '09-AquaMC-false'
[19:40:50] [Render thread/WARN]: Requested creation of existing team '09-babuzeco-false'
[19:40:50] [Render thread/WARN]: Requested creation of existing team '09-DaytonaV8-false'
[19:40:50] [Render thread/WARN]: Requested creation of existing team '09-ibfel-false'
[19:40:50] [Render thread/WARN]: Requested creation of existing team '09-KFAcpvp-false'
[19:40:50] [Render thread/WARN]: Requested creation of existing team '09-au4q-false'
[19:40:50] [Render thread/WARN]: Requested creation of existing team '09-LexAmarni0-false'
[19:40:50] [Render thread/WARN]: Requested creation of existing team '09-Melton56-false'
[19:40:50] [Render thread/WARN]: Requested creation of existing team '09-iditity-false'
[19:40:50] [Render thread/WARN]: Requested creation of existing team '09-Abuodee-false'
[19:40:50] [Render thread/WARN]: Requested creation of existing team '09-AArchhh-false'
[19:40:50] [Render thread/WARN]: Requested creation of existing team '09-As1atic-false'
[19:40:50] [Render thread/WARN]: Requested creation of existing team '09-itzkorbz-false'
[19:40:50] [Render thread/WARN]: Requested creation of existing team '00-DrDonutt-false'
[19:40:50] [Render thread/WARN]: Requested creation of existing team '09-g1uc-false'
[19:40:50] [Render thread/WARN]: Requested creation of existing team '03-W1zoX_-false'
[19:40:50] [Render thread/WARN]: Requested creation of existing team '09-Golbary-false'
[19:40:50] [Render thread/WARN]: Requested creation of existing team '09-_ihd-false'
[19:40:50] [Render thread/WARN]: Requested creation of existing team '09-Doomed001-false'
[19:40:50] [Render thread/WARN]: Requested creation of existing team '09-cutiewsp-false'
[19:40:50] [Render thread/WARN]: Requested creation of existing team '09-MayoTV-false'
[19:40:50] [Render thread/WARN]: Requested creation of existing team '09-2pfp-false'
[19:40:50] [Render thread/WARN]: Requested creation of existing team '09-AstroM4TT-false'
[19:40:50] [Render thread/WARN]: Requested creation of existing team '09-HendogOfficial-false'
[19:40:50] [Render thread/WARN]: Requested creation of existing team '09-Arki0101-false'
[19:40:50] [Render thread/WARN]: Requested creation of existing team '09-CaptainMoose35-false'
[19:40:50] [Render thread/WARN]: Requested creation of existing team '09-LordToastman-false'
[19:40:50] [Render thread/WARN]: Requested creation of existing team '09-BearBTW-false'
[19:40:50] [Render thread/WARN]: Requested creation of existing team '09-HaitchL-false'
[19:40:50] [Render thread/WARN]: Requested creation of existing team '09-KingSebMc-false'
[19:40:50] [Render thread/WARN]: Requested creation of existing team '09-LrexTTV-false'
[19:40:50] [Render thread/WARN]: Requested creation of existing team '09-AlpBey3503-false'
[19:40:50] [Render thread/WARN]: Requested creation of existing team '09-FlashAlexMP-false'
[19:40:50] [Render thread/WARN]: Requested creation of existing team '09-fubol-false'
[19:40:50] [Render thread/WARN]: Requested creation of existing team '09-Ionfwdanny-false'
[19:40:50] [Render thread/WARN]: Requested creation of existing team '09-AmethystCPVP-false'
[19:40:50] [Render thread/WARN]: Requested creation of existing team '09-KlingMC-false'
[19:40:50] [Render thread/WARN]: Requested creation of existing team '09-knownVisitor-false'
[19:40:50] [Render thread/WARN]: Requested creation of existing team '09-MasM3n-false'
[19:40:50] [Render thread/WARN]: Requested creation of existing team '09-ITauI-false'
[19:40:50] [Render thread/WARN]: Requested creation of existing team '09-AidansGamingYT-false'
[19:40:50] [Render thread/WARN]: Requested creation of existing team '09-3ywn-false'
[19:40:50] [Render thread/WARN]: Requested creation of existing team '09-DilsMc-false'
[19:40:50] [Render thread/WARN]: Requested creation of existing team '09-Ikeacpvp-false'
[19:40:50] [Render thread/WARN]: Requested creation of existing team '09-Maxicpvp-false'
[19:40:50] [Render thread/INFO]: Loaded 395 advancements
[19:40:50] [Render thread/WARN]: Requested creation of existing team 'sidebar_line_0'
[19:40:50] [Render thread/WARN]: Requested creation of existing team 'sidebar_line_1'
[19:40:50] [Render thread/WARN]: Requested creation of existing team 'sidebar_line_2'
[19:40:50] [Render thread/WARN]: Requested creation of existing team 'sidebar_line_3'
[19:40:50] [Render thread/WARN]: Requested creation of existing team 'sidebar_line_4'
[19:40:50] [Render thread/INFO]: Destroying pipeline minecraft:overworld
[19:40:50] [Render thread/INFO]: Shaders are disabled because enableShaders is set to false in iris.properties
[19:40:50] [Render thread/INFO]: Creating pipeline for dimension minecraft:overworld
[19:40:50] [Render thread/INFO]: [voicechat] Received secret
[19:40:50] [Render thread/INFO]: [voicechat] Connecting to voice chat server: '172.65.200.198:55554'
[19:40:50] [VoiceChatAuthenticationThread/INFO]: [voicechat] Trying to authenticate voice chat connection
[19:40:50] [REI-ReloadPlugins/INFO]: [REI] REICommonPlugin finished post-reload for START in 190.2 μs, totaling 1.597 ms.
[19:40:50] [REI-ReloadPlugins/INFO]: [REI] REIClientPlugin finished post-reload for START in 357.7 μs, totaling 74.49 ms.
[19:40:50] [REI-ReloadPlugins/INFO]: [REI] ++++++++++++++++++++++++++++++++++++++++
[19:40:50] [REI-ReloadPlugins/INFO]: [REI] REICommonPlugin starting main-reload for END.
[19:40:50] [REI-ReloadPlugins/INFO]: [REI] Plugins (3):
[19:40:50] [REI-ReloadPlugins/INFO]: [REI]  - (-100.00) DefaultPlugin of DefaultPlugin [roughlyenoughitems]
[19:40:50] [REI-ReloadPlugins/INFO]: [REI]  - (0.00) FabricFluidAPISupportPlugin
[19:40:50] [REI-ReloadPlugins/INFO]: [REI]  - (0.00) DefaultRuntimePlugin of DefaultRuntimePlugin [roughlyenoughitems]
[19:40:50] [REI-ReloadPlugins/INFO]: [REI] ++++++++++++++++++++++++++++++++++++++++
[19:40:50] [REI-ReloadPlugins/INFO]: [REI] @@@@@@@@@@@@@@@@@@@@@@@@@@@@@@@@@@@@@@@@
[19:40:50] [REI-ReloadPlugins/INFO]: [REI] REIClientPlugin starting main-reload for END.
[19:40:50] [REI-ReloadPlugins/INFO]: [REI] Plugins (5):
[19:40:50] [REI-ReloadPlugins/INFO]: [REI]  - (-100.00) DefaultClientPlugin of DefaultClientPlugin [roughlyenoughitems]
[19:40:50] [REI-ReloadPlugins/INFO]: [REI]  - (0.00) HideIngredientsFromTagsPlugin of HideIngredientsFromTagsPlugin [roughlyenoughitems]
[19:40:50] [REI-ReloadPlugins/INFO]: [REI]  - (0.00) DefaultClientRuntimePlugin of DefaultClientRuntimePlugin [roughlyenoughitems]
[19:40:50] [REI-ReloadPlugins/INFO]: [REI]  - (0.00) OwoReiPlugin of OwoReiPlugin [owo]
[19:40:50] [REI-ReloadPlugins/INFO]: [REI]  - (0.00) REITooltipPlugin of REITooltipPlugin [appleskin]
[19:40:50] [REI-ReloadPlugins/INFO]: [REI] @@@@@@@@@@@@@@@@@@@@@@@@@@@@@@@@@@@@@@@@
[19:40:50] [REI-ReloadPlugins/INFO]: [REI] [Local Recipes] Filled 0 local fallback displays in 209.7 μs
[19:40:50] [REI-ReloadPlugins/INFO]: [REI] [Local Recipes] Removing 0 overlapping fallback displays superseded by server recipe add
[19:40:50] [REI-ReloadPlugins/INFO]: [REI] REICommonPlugin finished post-reload for END in 178.7 μs, totaling 1.508 ms.
[19:40:50] [REI-ReloadPlugins/INFO]: [REI] REIClientPlugin finished post-reload for END in 424.8 μs, totaling 83.34 ms.
[19:40:50] [VoiceChatConnectionThread/INFO]: [voicechat] Server acknowledged authentication
[19:40:50] [VoiceChatConnectionThread/INFO]: [voicechat] Server acknowledged connection check
[19:40:51] [Render thread/WARN]: Requested creation of existing team '15-SmearyPie-false'
[19:40:51] [Render thread/WARN]: Requested creation of existing team '15-HitAndRun0101-false'
[19:40:51] [Render thread/WARN]: Requested creation of existing team '15-_JamnJamn-false'
[19:40:51] [Render thread/WARN]: Requested creation of existing team '15-.PowerWolf5128-false'
[19:40:51] [Render thread/WARN]: Requested creation of existing team '12-Dark_knight1933-false'
[19:40:51] [Render thread/WARN]: Requested creation of existing team '12-CurlyCrafter8-false'
[19:40:51] [Render thread/WARN]: Requested creation of existing team '12-Pyro5998-false'
[19:40:51] [Render thread/WARN]: Requested creation of existing team '15-.Alez6121-false'
[19:40:53] [Render thread/WARN]: Requested creation of existing team '15-JollyParu-false'
[19:41:05] [Render thread/WARN]: Requested creation of existing team '15-.TinyPokemonG-false'
[19:41:29] [Render thread/WARN]: Requested creation of existing team '15-prosquiddy2020-false'
[19:42:05] [Render thread/WARN]: Requested creation of existing team '09-MijoTortilla-false'
[19:42:28] [Render thread/WARN]: Requested creation of existing team '15-ISLAMTHIZIRI-false'
[19:42:45] [Render thread/WARN]: Requested creation of existing team '09-Mjaytoo-false'
[19:42:51] [Render thread/INFO]: [DONUT PROFIT/SCREEN] Screen Opened: Title = 'Chat screen' | Class = class_408
[19:42:55] [Render thread/INFO]: [DONUT PROFIT/SCREEN] Screen Opened: Title = 'Crafting' | Class = class_490
[19:42:56] [Render thread/INFO]: [DONUT PROFIT/SCREEN] Screen Opened: Title = 'Chat screen' | Class = class_408
[19:42:58] [Render thread/INFO]: [DONUT PROFIT/SCREEN] Screen Opened: Title = 'Crafting' | Class = class_490
[19:43:00] [Render thread/WARN]: Requested creation of existing team '09-MUSTARD1221-false'
[19:43:04] [Render thread/INFO]: [DONUT PROFIT/SCREEN] Screen Opened: Title = 'Crafting' | Class = class_490
[19:43:05] [Render thread/INFO]: [DONUT PROFIT/SCREEN] Screen Opened: Title = 'Chat screen' | Class = class_408
[19:43:52] [Render thread/INFO]: [DONUT PROFIT/SCREEN] Screen Opened: Title = 'Litematica v0.26.12' | Class = GuiMainMenu
[19:43:53] [Render thread/INFO]: [DONUT PROFIT/SCREEN] Screen Opened: Title = 'Area Editor (Simple mode)' | Class = GuiAreaSelectionEditorSimple
[19:43:57] [Render thread/INFO]: [DONUT PROFIT/SCREEN] Screen Opened: Title = 'Area Editor (Simple mode) => Save the currently selected area as a Schematic' | Class = GuiSchematicSave
[19:43:59] [Render thread/INFO]: [DONUT PROFIT/SCREEN] Screen Opened: Title = 'Area Editor (Simple mode)' | Class = GuiAreaSelectionEditorSimple
[19:43:59] [Render thread/INFO]: [DONUT PROFIT/SCREEN] Screen Opened: Title = 'Litematica v0.26.12' | Class = GuiMainMenu
[19:43:59] [Render thread/INFO]: [DONUT PROFIT/SCREEN] Screen Opened: Title = 'Game Menu' | Class = class_433
[19:44:01] [Render thread/INFO]: [DONUT PROFIT/SCREEN] Screen Opened: Title = 'Litematica v0.26.12' | Class = GuiMainMenu
[19:44:02] [Render thread/INFO]: [DONUT PROFIT/SCREEN] Screen Opened: Title = 'Chat screen' | Class = class_408
[19:44:05] [Render thread/INFO]: Loaded 297 advancements
[19:44:05] [Render thread/WARN]: Requested creation of existing team 'sidebar_line_0'
[19:44:05] [Render thread/WARN]: Requested creation of existing team 'sidebar_line_1'
[19:44:05] [Render thread/WARN]: Requested creation of existing team 'sidebar_line_2'
[19:44:05] [Render thread/WARN]: Requested creation of existing team 'sidebar_line_3'
[19:44:05] [Render thread/WARN]: Requested creation of existing team 'sidebar_line_4'
[19:44:05] [Render thread/WARN]: Tried to configure cosmetics of Ionfwdanny/d9cd6654-6d89-4feb-8769-aaaa76580a0f no matching player found!
[19:44:05] [Render thread/INFO]: [REI] [Local Recipes] Removing 0 overlapping fallback displays superseded by server recipe add
[19:44:05] [Render thread/WARN]: [REI] Detected runtime DisplayRegistry modification, this can be extremely dangerous!
[19:44:06] [Render thread/WARN]: Requested creation of existing team '09-DanIsNotThatCool-false'
[19:44:06] [Render thread/WARN]: Requested creation of existing team '09-Boom_Boy_-false'
[19:44:06] [Render thread/WARN]: Requested creation of existing team '09-Lighttism-false'
[19:44:06] [Render thread/WARN]: Requested creation of existing team '09-MRCoffeeyt-false'
[19:44:06] [Render thread/WARN]: Requested creation of existing team '09-EnVarkoume-false'
[19:44:06] [Render thread/WARN]: Requested creation of existing team '09-Flaran-false'
[19:44:06] [Render thread/WARN]: Requested creation of existing team '09-ciation-false'
[19:44:06] [Render thread/WARN]: Requested creation of existing team '09-DxP1-false'
[19:44:06] [Render thread/WARN]: Requested creation of existing team '09-Adamzhere-false'
[19:44:06] [Render thread/WARN]: Requested creation of existing team '09-ibfel-false'
[19:44:06] [Render thread/WARN]: Requested creation of existing team '09-Abuodee-false'
[19:44:06] [Render thread/WARN]: Requested creation of existing team '09-g1uc-false'
[19:44:06] [Render thread/WARN]: Requested creation of existing team '09-_ihd-false'
[19:44:06] [Render thread/WARN]: Requested creation of existing team '09-Doomed001-false'
[19:44:06] [Render thread/WARN]: Requested creation of existing team '09-cutiewsp-false'
[19:44:06] [Render thread/WARN]: Requested creation of existing team '09-AstroM4TT-false'
[19:44:06] [Render thread/WARN]: Requested creation of existing team '09-LordToastman-false'
[19:44:06] [Render thread/WARN]: Requested creation of existing team '09-KingSebMc-false'
[19:44:06] [Render thread/WARN]: Requested creation of existing team '09-ITauI-false'
[19:44:06] [Render thread/WARN]: Requested creation of existing team '09-Ikeacpvp-false'
[19:44:06] [Render thread/WARN]: Requested creation of existing team '09-Maxicpvp-false'
[19:44:06] [Render thread/WARN]: Requested creation of existing team '09-Ciblo-false'
[19:44:06] [Render thread/WARN]: Requested creation of existing team '09-Fluxify_YT-false'
[19:44:06] [Render thread/WARN]: Requested creation of existing team '09-Cactifyy-false'
[19:44:06] [Render thread/WARN]: Requested creation of existing team '09-maniacmunkey-false'
[19:44:06] [Render thread/WARN]: Requested creation of existing team '09-BluqoYT-false'
[19:44:06] [Render thread/WARN]: Requested creation of existing team '09-greedzox-false'
[19:44:06] [Render thread/WARN]: Requested creation of existing team '09-CarterCam365-false'
[19:44:06] [Render thread/WARN]: Requested creation of existing team '09-mavy_mavy-false'
[19:44:06] [Render thread/WARN]: Requested creation of existing team '09-Leroxcpvp-false'
[19:44:06] [Render thread/WARN]: Requested creation of existing team '09-babuzeco-false'
[19:44:06] [Render thread/WARN]: Requested creation of existing team '09-Melton56-false'
[19:44:06] [Render thread/WARN]: Requested creation of existing team '09-luvkarissa-false'
[19:44:06] [Render thread/WARN]: Requested creation of existing team '09-iditity-false'
[19:44:06] [Render thread/WARN]: Requested creation of existing team '00-DrDonutt-false'
[19:44:06] [Render thread/WARN]: Requested creation of existing team '09-cosmikro-false'
[19:44:06] [Render thread/WARN]: Requested creation of existing team '09-Mjaytoo-false'
[19:44:06] [Render thread/WARN]: Requested creation of existing team '09-MayoTV-false'
[19:44:06] [Render thread/WARN]: Requested creation of existing team '09-2pfp-false'
[19:44:06] [Render thread/WARN]: Requested creation of existing team '09-Arki0101-false'
[19:44:06] [Render thread/WARN]: Requested creation of existing team '09-BearBTW-false'
[19:44:06] [Render thread/WARN]: Requested creation of existing team '09-knownVisitor-false'
[19:44:06] [Render thread/WARN]: Requested creation of existing team '09-MasM3n-false'
[19:44:06] [Render thread/WARN]: Requested creation of existing team '09-3ywn-false'
[19:44:06] [Render thread/WARN]: Requested creation of existing team '09-BabyBeetroot-false'
[19:44:06] [Render thread/WARN]: Requested creation of existing team '09-Marlivv-false'
[19:44:06] [Render thread/WARN]: Requested creation of existing team '09-MijoTortilla-false'
[19:44:06] [Render thread/WARN]: Requested creation of existing team '09-Lebroniss-false'
[19:44:06] [Render thread/WARN]: Requested creation of existing team '09-LethalLukeYT-false'
[19:44:06] [Render thread/WARN]: Requested creation of existing team '09-MUSTARD1221-false'
[19:44:06] [Render thread/WARN]: Requested creation of existing team '09-Filipoke-false'
[19:44:06] [Render thread/WARN]: Requested creation of existing team '09-DaytonaV8-false'
[19:44:06] [Render thread/WARN]: Requested creation of existing team '09-au4q-false'
[19:44:06] [Render thread/WARN]: Requested creation of existing team '09-AArchhh-false'
[19:44:06] [Render thread/WARN]: Requested creation of existing team '09-itzkorbz-false'
[19:44:06] [Render thread/WARN]: Requested creation of existing team '09-Golbary-false'
[19:44:06] [Render thread/WARN]: Requested creation of existing team '09-KevinrMC-false'
[19:44:06] [Render thread/WARN]: Requested creation of existing team '09-LrexTTV-false'
[19:44:06] [Render thread/WARN]: Requested creation of existing team '09-fubol-false'
[19:44:06] [Render thread/WARN]: Requested creation of existing team '09-AmethystCPVP-false'
[19:44:06] [Render thread/WARN]: Requested creation of existing team '09-AidansGamingYT-false'
[19:44:06] [Render thread/WARN]: Requested creation of existing team '09-DilsMc-false'
[19:44:06] [Render thread/WARN]: Requested creation of existing team '09-Mustard2YT-false'
[19:44:06] [Render thread/WARN]: Requested creation of existing team '09-JoseCPVP-false'
[19:44:06] [Render thread/WARN]: Requested creation of existing team '09-donutgaspa-false'
[19:44:06] [Render thread/WARN]: Requested creation of existing team '09-EtlotOff-false'
[19:44:06] [Render thread/WARN]: Requested creation of existing team '09-Ehxy-false'
[19:44:06] [Render thread/WARN]: Requested creation of existing team '09-ChedChinChilla-false'
[19:44:06] [Render thread/WARN]: Requested creation of existing team '09-HAMSTERKING_gm-false'
[19:44:06] [Render thread/WARN]: Requested creation of existing team '09-DownShot-false'
[19:44:06] [Render thread/WARN]: Requested creation of existing team '09-CoolDudeBoodle-false'
[19:44:06] [Render thread/WARN]: Requested creation of existing team '09-CkatalinSk-false'
[19:44:06] [Render thread/WARN]: Requested creation of existing team '09-Makada2020-false'
[19:44:06] [Render thread/WARN]: Requested creation of existing team '09-Mart3xx-false'
[19:44:06] [Render thread/WARN]: Requested creation of existing team '09-JurreB12-false'
[19:44:06] [Render thread/WARN]: Requested creation of existing team '09-AquaMC-false'
[19:44:06] [Render thread/WARN]: Requested creation of existing team '09-KFAcpvp-false'
[19:44:06] [Render thread/WARN]: Requested creation of existing team '09-LexAmarni0-false'
[19:44:06] [Render thread/WARN]: Requested creation of existing team '09-As1atic-false'
[19:44:06] [Render thread/WARN]: Requested creation of existing team '03-W1zoX_-false'
[19:44:06] [Render thread/WARN]: Requested creation of existing team '09-HendogOfficial-false'
[19:44:06] [Render thread/WARN]: Requested creation of existing team '09-CaptainMoose35-false'
[19:44:06] [Render thread/WARN]: Requested creation of existing team '09-HaitchL-false'
[19:44:06] [Render thread/WARN]: Requested creation of existing team '09-AlpBey3503-false'
[19:44:06] [Render thread/WARN]: Requested creation of existing team '09-KlingMC-false'
[19:44:12] [Render thread/WARN]: Tried to configure cosmetics of Mustard2YT/000a2598-ef7b-4a15-8931-da5956474aad no matching player found!
[19:44:19] [Render thread/WARN]: Class net.minecraft.class_4723 does not support optimized vertex writing code paths, which may cause reduced rendering performance
[19:44:27] [Render thread/INFO]: [DONUT PROFIT/SCREEN] Screen Opened: Title = 'Large Chest' | Class = class_476
[19:44:49] [Render thread/INFO]: [DONUT PROFIT/SCREEN] Screen Opened: Title = 'Litematica v0.26.12' | Class = GuiMainMenu
[19:44:50] [Render thread/INFO]: [DONUT PROFIT/SCREEN] Screen Opened: Title = 'Litematica v0.26.12 => Load Schematic' | Class = GuiSchematicLoad
[19:44:56] [Render thread/INFO]: [DONUT PROFIT/SCREEN] Screen Opened: Title = 'Litematica v0.26.12' | Class = GuiMainMenu
[19:44:56] [Render thread/INFO]: [DONUT PROFIT/SCREEN] Screen Opened: Title = 'Game Menu' | Class = class_433
[19:44:58] [Render thread/INFO]: [DONUT PROFIT/SCREEN] Screen Opened: Title = 'Litematica v0.26.12' | Class = GuiMainMenu
[19:45:00] [Render thread/INFO]: [DONUT PROFIT/SCREEN] Screen Opened: Title = 'Litematica Configs - 0.26.12' | Class = GuiConfigs
[19:45:04] [Render thread/INFO]: [DONUT PROFIT/SCREEN] Screen Opened: Title = 'Litematica v0.26.12' | Class = GuiMainMenu
[19:45:06] [Render thread/INFO]: [DONUT PROFIT/SCREEN] Screen Opened: Title = 'Litematica v0.26.12 => Manage loaded Schematics' | Class = GuiSchematicLoadedList
[19:45:12] [Render thread/INFO]: [DONUT PROFIT/SCREEN] Screen Opened: Title = 'Litematica v0.26.12' | Class = GuiMainMenu
[19:45:13] [Render thread/INFO]: [DONUT PROFIT/SCREEN] Screen Opened: Title = 'Litematica v0.26.12 => Manage Schematic Placements' | Class = GuiSchematicPlacementsList
[19:45:14] [Render thread/INFO]: [DONUT PROFIT/SCREEN] Screen Opened: Title = 'Litematica v0.26.12 => Manage Schematic Placements => Configure Schematic placement' | Class = GuiPlacementConfiguration
[19:45:20] [Render thread/INFO]: [DONUT PROFIT/SCREEN] Screen Opened: Title = 'Litematica v0.26.12 => Manage Schematic Placements' | Class = GuiSchematicPlacementsList
[19:45:20] [Render thread/INFO]: [DONUT PROFIT/SCREEN] Screen Opened: Title = 'Litematica v0.26.12' | Class = GuiMainMenu
[19:45:34] [Render thread/INFO]: [DONUT PROFIT/SCREEN] Screen Opened: Title = 'Crafting' | Class = class_490
[19:46:00] [Render thread/INFO]: [DONUT PROFIT/SCREEN] Screen Opened: Title = 'Litematica v0.26.12' | Class = GuiMainMenu
[19:46:02] [Render thread/INFO]: [DONUT PROFIT/SCREEN] Screen Opened: Title = 'Litematica v0.26.12 => Manage loaded Schematics' | Class = GuiSchematicLoadedList
[19:46:05] [Render thread/INFO]: [DONUT PROFIT/SCREEN] Screen Opened: Title = 'Litematica v0.26.12' | Class = GuiMainMenu
[19:46:06] [Render thread/INFO]: [DONUT PROFIT/SCREEN] Screen Opened: Title = 'Litematica v0.26.12 => Manage Schematic Placements' | Class = GuiSchematicPlacementsList
[19:46:07] [Render thread/INFO]: [DONUT PROFIT/SCREEN] Screen Opened: Title = 'Litematica v0.26.12 => Manage Schematic Placements => Configure Schematic placement' | Class = GuiPlacementConfiguration
[19:46:10] [Render thread/INFO]: [DONUT PROFIT/SCREEN] Screen Opened: Title = 'Material List for placement 'shulker loader'' | Class = GuiMaterialList
[19:46:14] [Render thread/INFO]: [DONUT PROFIT/SCREEN] Screen Opened: Title = 'Litematica v0.26.12 => Manage Schematic Placements => Configure Schematic placement' | Class = GuiPlacementConfiguration
[19:46:15] [Render thread/INFO]: [DONUT PROFIT/SCREEN] Screen Opened: Title = 'Litematica v0.26.12 => Manage Schematic Placements' | Class = GuiSchematicPlacementsList
[19:46:15] [Render thread/INFO]: [DONUT PROFIT/SCREEN] Screen Opened: Title = 'Litematica v0.26.12' | Class = GuiMainMenu
[19:46:18] [Render thread/INFO]: [DONUT PROFIT/SCREEN] Screen Opened: Title = 'Crafting' | Class = class_490
[19:46:20] [Render thread/INFO]: [DONUT PROFIT/SCREEN] Screen Opened: Title = 'Chat screen' | Class = class_408
[19:46:22] [Render thread/INFO]: [DONUT PROFIT/SCREEN] Screen Opened: Title = 'Auction (Page 1)' | Class = class_476
[19:46:24] [Render thread/INFO]: [DONUT PROFIT/SCREEN] Screen Opened: Title = 'Auction (Page 1)' | Class = class_476
[19:46:24] [Render thread/INFO]: [CHAT] You bought 3 Barrels for $ 14K
[19:46:32] [Render thread/INFO]: [DONUT PROFIT/SCREEN] Screen Opened: Title = 'Chat screen' | Class = class_408
[19:46:34] [Render thread/INFO]: [DONUT PROFIT/SCREEN] Screen Opened: Title = 'Auction (Page 1)' | Class = class_476
[19:46:35] [Render thread/INFO]: [CHAT] You bought 1 Dispenser for $ 3.8K
[19:46:35] [Render thread/INFO]: [DONUT PROFIT/SCREEN] Screen Opened: Title = 'Auction (Page 1)' | Class = class_476
[19:46:35] [Render thread/INFO]: [DONUT PROFIT/SCREEN] Screen Opened: Title = 'Chat screen' | Class = class_408
[19:46:36] [Render thread/INFO]: [DONUT PROFIT/SCREEN] Screen Opened: Title = 'Auction (Page 1)' | Class = class_476
[19:46:37] [Render thread/INFO]: [DONUT PROFIT/SCREEN] Screen Opened: Title = 'Auction (Page 2)' | Class = class_476
[19:46:38] [Render thread/INFO]: [DONUT PROFIT/SCREEN] Screen Opened: Title = 'Chat screen' | Class = class_408
[19:46:39] [Render thread/INFO]: [DONUT PROFIT/SCREEN] Screen Opened: Title = 'Auction (Page 1)' | Class = class_476
[19:46:40] [Render thread/INFO]: [DONUT PROFIT/SCREEN] Screen Opened: Title = 'Auction (Page 1)' | Class = class_476
[19:46:40] [Render thread/INFO]: [CHAT] You bought 1 Dropper for $ 18.9K
[19:46:40] [Render thread/INFO]: Loaded 298 advancements
[19:46:40] [Render thread/INFO]: [DONUT PROFIT/SCREEN] Screen Opened: Title = 'Crafting' | Class = class_490
[19:46:44] [Render thread/INFO]: [DONUT PROFIT/SCREEN] Screen Opened: Title = 'Crafting' | Class = class_490
[19:46:53] [Render thread/INFO]: [DONUT PROFIT/SCREEN] Screen Opened: Title = 'Chat screen' | Class = class_408
[19:46:55] [Render thread/INFO]: [DONUT PROFIT/SCREEN] Screen Opened: Title = 'Auction (Page 1)' | Class = class_476
[19:46:57] [Render thread/INFO]: [DONUT PROFIT/SCREEN] Screen Opened: Title = 'Auction (Page 2)' | Class = class_476
[19:47:01] [Render thread/INFO]: [CHAT] This item was already bought
[19:47:01] [Render thread/INFO]: [DONUT PROFIT/SCREEN] Screen Opened: Title = 'Auction (Page 2)' | Class = class_476
[19:47:02] [Render thread/INFO]: [CHAT] You bought 4 Observers for $ 29K
[19:47:02] [Render thread/INFO]: [DONUT PROFIT/SCREEN] Screen Opened: Title = 'Auction (Page 2)' | Class = class_476
[19:47:12] [Render thread/INFO]: [DONUT PROFIT/SCREEN] Screen Opened: Title = 'Chat screen' | Class = class_408
[19:47:13] [Render thread/INFO]: [DONUT PROFIT/SCREEN] Screen Opened: Title = 'Chat screen' | Class = class_408
[19:47:15] [Render thread/INFO]: [DONUT PROFIT/SCREEN] Screen Opened: Title = 'Auction (Page 1)' | Class = class_476
[19:47:17] [Render thread/INFO]: [CHAT] This item was already bought
[19:47:17] [Render thread/INFO]: [DONUT PROFIT/SCREEN] Screen Opened: Title = 'Auction (Page 1)' | Class = class_476
[19:47:17] [Render thread/INFO]: [CHAT] You bought 1 Shulker Box for $ 4K
[19:47:17] [Render thread/INFO]: [DONUT PROFIT/SCREEN] Screen Opened: Title = 'Auction (Page 1)' | Class = class_476
[19:47:18] [Render thread/INFO]: [CHAT] You bought 1 Shulker Box for $ 4K
[19:47:18] [Render thread/INFO]: [DONUT PROFIT/SCREEN] Screen Opened: Title = 'Auction (Page 1)' | Class = class_476
[19:47:22] [Render thread/INFO]: [DONUT PROFIT/SCREEN] Screen Opened: Title = 'Chat screen' | Class = class_408
[19:47:24] [Render thread/INFO]: [DONUT PROFIT/SCREEN] Screen Opened: Title = 'Auction (Page 1)' | Class = class_476
[19:47:25] [Render thread/INFO]: [DONUT PROFIT/SCREEN] Screen Opened: Title = '' | Class = ProfitDetailsScreen
[19:47:30] [Render thread/INFO]: [Best Deal Finder] Starting search: /ah hopper (Target Qty: 64, Max Price: $None, Auto Buy: true)
[19:47:30] [Render thread/INFO]: [DONUT PROFIT/SCREEN] Screen Opened: Title = 'Auction (Page 1)' | Class = class_476
[19:47:30] [Render thread/INFO]: [Best Deal Finder] Paging forward for /ah hopper (Page 2, Qualifying Matches: 0)...
[19:47:30] [Render thread/INFO]: [DONUT PROFIT/SCREEN] Screen Opened: Title = 'Auction (Page 2)' | Class = class_476
[19:47:31] [Render thread/INFO]: [Best Deal Finder] Paging forward for /ah hopper (Page 3, Qualifying Matches: 0)...
[19:47:31] [Render thread/INFO]: [DONUT PROFIT/SCREEN] Screen Opened: Title = 'Auction (Page 3)' | Class = class_476
[19:47:31] [Render thread/INFO]: [Best Deal Finder] Paging forward for /ah hopper (Page 4, Qualifying Matches: 0)...
[19:47:31] [Render thread/INFO]: [DONUT PROFIT/SCREEN] Screen Opened: Title = 'Auction (Page 4)' | Class = class_476
[19:47:31] [Render thread/INFO]: [Best Deal Finder] Finishing scan after 4 pages. Total Matches: 180, Qualifying Matches: 14
[19:47:31] [Render thread/INFO]: [Best Deal Finder] Filtered out scam listing: Minecart with Hopper x1 @ $35000.00/ea (Baseline median: $6750.00)
[19:47:31] [Render thread/INFO]: [Best Deal Finder] Filtered out scam listing: Minecart with Hopper x1 @ $40000.00/ea (Baseline median: $6750.00)
[19:47:31] [Render thread/INFO]: [Best Deal Finder] Filtered out scam listing: Minecart with Hopper x1 @ $40000.00/ea (Baseline median: $6750.00)
[19:47:31] [Render thread/INFO]: [Best Deal Finder] Filtered out scam listing: Minecart with Hopper x1 @ $40000.00/ea (Baseline median: $6750.00)
[19:47:31] [Render thread/INFO]: [Best Deal Finder] Filtered out scam listing: Hopper x1 @ $50000.00/ea (Baseline median: $6750.00)
[19:47:31] [Render thread/INFO]: [Best Deal Finder] Filtered out scam listing: Hopper x1 @ $50000.00/ea (Baseline median: $6750.00)
[19:47:31] [Render thread/INFO]: [Best Deal Finder] Filtered out scam listing: Hopper x1 @ $50000.00/ea (Baseline median: $6750.00)
[19:47:31] [Render thread/INFO]: [Best Deal Finder] Filtered out scam listing: Hopper x1 @ $50000.00/ea (Baseline median: $6750.00)
[19:47:31] [Render thread/INFO]: [Best Deal Finder] Filtered out scam listing: Hopper x1 @ $50000.00/ea (Baseline median: $6750.00)
[19:47:31] [Render thread/INFO]: [Best Deal Finder] Filtered out scam listing: Minecart with Hopper x1 @ $65000.00/ea (Baseline median: $6750.00)
[19:47:31] [Render thread/INFO]: [Best Deal Finder] Search Complete:
[19:47:31] [Render thread/INFO]:   Item Name        : Hopper
[19:47:31] [Render thread/INFO]:   Summary          : Single Listing (64x)
[19:47:31] [Render thread/INFO]:   Effective $/Unit : $1078.13
[19:47:31] [Render thread/INFO]:   Combined Cost    : $69000.00
[19:47:31] [Render thread/INFO]:   Combined Qty     : 64 (Requested: 64)
[19:47:31] [Render thread/INFO]:   Is Qualifying    : true
[19:47:31] [Render thread/INFO]:   Max Price Cap    : $None (Cap Exceeded: false)
[19:47:31] [Render thread/INFO]:   Auto Buy         : true
[19:47:31] [Render thread/INFO]: [Best Deal Finder] Queue Step 1/1: Navigating to /ah hopper (Page 4, Slot 28)
[19:47:32] [Render thread/INFO]: [DONUT PROFIT/SCREEN] Screen Opened: Title = 'Auction (Page 1)' | Class = class_476
[19:47:32] [Render thread/INFO]: [DONUT PROFIT/SCREEN] Screen Opened: Title = 'Auction (Page 2)' | Class = class_476
[19:47:32] [Render thread/INFO]: [DONUT PROFIT/SCREEN] Screen Opened: Title = 'Auction (Page 3)' | Class = class_476
[19:47:33] [Render thread/WARN]: [Best Deal Finder] Listing at slot 28 modified (expected: hopper x64 @ $69000.0, found: hopper x8 @ $50000.0), purchase aborted!
[19:47:33] [Render thread/WARN]: [Best Deal Finder] Multi-buy chain ABORTED after 0/1 purchases. Reason: Listing details changed or item unavailable
[19:47:33] [Render thread/INFO]: [DONUT PROFIT/SCREEN] Screen Opened: Title = 'Auction (Page 4)' | Class = class_476
[19:47:35] [Render thread/INFO]: [DONUT PROFIT/SCREEN] Screen Opened: Title = '' | Class = ProfitDetailsScreen
[19:47:36] [Render thread/INFO]: [Best Deal Finder] Starting search: /ah hopper (Target Qty: 64, Max Price: $None, Auto Buy: true)
[19:47:37] [Render thread/INFO]: [DONUT PROFIT/SCREEN] Screen Opened: Title = 'Auction (Page 1)' | Class = class_476
[19:47:37] [Render thread/INFO]: [Best Deal Finder] Paging forward for /ah hopper (Page 2, Qualifying Matches: 0)...
[19:47:37] [Render thread/INFO]: [DONUT PROFIT/SCREEN] Screen Opened: Title = 'Auction (Page 2)' | Class = class_476
[19:47:37] [Render thread/INFO]: [Best Deal Finder] Paging forward for /ah hopper (Page 3, Qualifying Matches: 0)...
[19:47:37] [Render thread/INFO]: [DONUT PROFIT/SCREEN] Screen Opened: Title = 'Auction (Page 3)' | Class = class_476
[19:47:38] [Render thread/INFO]: [Best Deal Finder] Paging forward for /ah hopper (Page 4, Qualifying Matches: 0)...
[19:47:38] [Render thread/INFO]: [DONUT PROFIT/SCREEN] Screen Opened: Title = 'Auction (Page 4)' | Class = class_476
[19:47:38] [Render thread/INFO]: [Best Deal Finder] Finishing scan after 4 pages. Total Matches: 180, Qualifying Matches: 6
[19:47:38] [Render thread/INFO]: [Best Deal Finder] Filtered out scam listing: Hopper x1 @ $50000.00/ea (Baseline median: $8950.00)
[19:47:38] [Render thread/INFO]: [Best Deal Finder] Filtered out scam listing: Hopper x1 @ $50000.00/ea (Baseline median: $8950.00)
[19:47:38] [Render thread/INFO]: [Best Deal Finder] Filtered out scam listing: Hopper x1 @ $50000.00/ea (Baseline median: $8950.00)
[19:47:38] [Render thread/INFO]: [Best Deal Finder] Filtered out scam listing: Hopper x1 @ $50000.00/ea (Baseline median: $8950.00)
[19:47:38] [Render thread/INFO]: [Best Deal Finder] Filtered out scam listing: Hopper x1 @ $50000.00/ea (Baseline median: $8950.00)
[19:47:38] [Render thread/INFO]: [Best Deal Finder] Filtered out scam listing: Minecart with Hopper x1 @ $65000.00/ea (Baseline median: $8950.00)
[19:47:38] [Render thread/INFO]: [Best Deal Finder] Search Complete:
[19:47:38] [Render thread/INFO]:   Item Name        : Hopper
[19:47:38] [Render thread/INFO]:   Summary          : Single Listing (64x)
[19:47:38] [Render thread/INFO]:   Effective $/Unit : $1076.56
[19:47:38] [Render thread/INFO]:   Combined Cost    : $68900.00
[19:47:38] [Render thread/INFO]:   Combined Qty     : 64 (Requested: 64)
[19:47:38] [Render thread/INFO]:   Is Qualifying    : true
[19:47:38] [Render thread/INFO]:   Max Price Cap    : $None (Cap Exceeded: false)
[19:47:38] [Render thread/INFO]:   Auto Buy         : true
[19:47:38] [Render thread/INFO]: [Best Deal Finder] Queue Step 1/1: Navigating to /ah hopper (Page 4, Slot 39)
[19:47:38] [Render thread/INFO]: [DONUT PROFIT/SCREEN] Screen Opened: Title = 'Auction (Page 1)' | Class = class_476
[19:47:39] [Render thread/INFO]: [DONUT PROFIT/SCREEN] Screen Opened: Title = 'Auction (Page 2)' | Class = class_476
[19:47:39] [Render thread/INFO]: [DONUT PROFIT/SCREEN] Screen Opened: Title = 'Auction (Page 3)' | Class = class_476
[19:47:39] [Render thread/INFO]: [DONUT PROFIT/SCREEN] Screen Opened: Title = 'Auction (Page 4)' | Class = class_476
[19:47:39] [Render thread/WARN]: [Best Deal Finder] Listing at slot 39 modified (expected: hopper x64 @ $68900.0, found: hopper x64 @ $69000.0), purchase aborted!
[19:47:39] [Render thread/WARN]: [Best Deal Finder] Multi-buy chain ABORTED after 0/1 purchases. Reason: Listing details changed or item unavailable
[19:47:41] [Render thread/INFO]: [DONUT PROFIT/SCREEN] Screen Opened: Title = '' | Class = ProfitDetailsScreen
[19:47:43] [Render thread/INFO]: [Best Deal Finder] Starting search: /ah hopper (Target Qty: 64, Max Price: $None, Auto Buy: false)
[19:47:43] [Render thread/INFO]: [DONUT PROFIT/SCREEN] Screen Opened: Title = 'Auction (Page 1)' | Class = class_476
[19:47:43] [Render thread/INFO]: [Best Deal Finder] Paging forward for /ah hopper (Page 2, Qualifying Matches: 0)...
[19:47:44] [Render thread/INFO]: [DONUT PROFIT/SCREEN] Screen Opened: Title = 'Auction (Page 2)' | Class = class_476
[19:47:44] [Render thread/INFO]: [Best Deal Finder] Paging forward for /ah hopper (Page 3, Qualifying Matches: 0)...
[19:47:44] [Render thread/INFO]: [DONUT PROFIT/SCREEN] Screen Opened: Title = 'Auction (Page 3)' | Class = class_476
[19:47:44] [Render thread/INFO]: [Best Deal Finder] Paging forward for /ah hopper (Page 4, Qualifying Matches: 0)...
[19:47:44] [Render thread/INFO]: [DONUT PROFIT/SCREEN] Screen Opened: Title = 'Auction (Page 4)' | Class = class_476
[19:47:44] [Render thread/INFO]: [Best Deal Finder] Finishing scan after 4 pages. Total Matches: 180, Qualifying Matches: 18
[19:47:44] [Render thread/INFO]: [Best Deal Finder] Filtered out scam listing: Hopper x1 @ $50000.00/ea (Baseline median: $8950.00)
[19:47:44] [Render thread/INFO]: [Best Deal Finder] Filtered out scam listing: Hopper x1 @ $50000.00/ea (Baseline median: $8950.00)
[19:47:44] [Render thread/INFO]: [Best Deal Finder] Filtered out scam listing: Hopper x1 @ $50000.00/ea (Baseline median: $8950.00)
[19:47:44] [Render thread/INFO]: [Best Deal Finder] Filtered out scam listing: Hopper x1 @ $50000.00/ea (Baseline median: $8950.00)
[19:47:44] [Render thread/INFO]: [Best Deal Finder] Filtered out scam listing: Hopper x1 @ $50000.00/ea (Baseline median: $8950.00)
[19:47:44] [Render thread/INFO]: [Best Deal Finder] Filtered out scam listing: Minecart with Hopper x1 @ $65000.00/ea (Baseline median: $8950.00)
[19:47:44] [Render thread/INFO]: [Best Deal Finder] Search Complete:
[19:47:44] [Render thread/INFO]:   Item Name        : Hopper
[19:47:44] [Render thread/INFO]:   Summary          : Single Listing (64x)
[19:47:44] [Render thread/INFO]:   Effective $/Unit : $1076.56
[19:47:44] [Render thread/INFO]:   Combined Cost    : $68900.00
[19:47:44] [Render thread/INFO]:   Combined Qty     : 64 (Requested: 64)
[19:47:44] [Render thread/INFO]:   Is Qualifying    : true
[19:47:44] [Render thread/INFO]:   Max Price Cap    : $None (Cap Exceeded: false)
[19:47:44] [Render thread/INFO]:   Auto Buy         : false
[19:47:44] [Render thread/INFO]: [DONUT PROFIT/SCREEN] Screen Opened: Title = '' | Class = ProfitDetailsScreen
[19:47:47] [Render thread/INFO]: [DONUT PROFIT/SCREEN] Screen Opened: Title = 'Chat screen' | Class = class_408
[19:47:48] [Render thread/INFO]: [DONUT PROFIT/SCREEN] Screen Opened: Title = 'Auction (Page 1)' | Class = class_476
[19:47:49] [Render thread/INFO]: [DONUT PROFIT/SCREEN] Screen Opened: Title = 'Auction (Page 2)' | Class = class_476
[19:47:49] [Render thread/INFO]: [DONUT PROFIT/SCREEN] Screen Opened: Title = 'Auction (Page 3)' | Class = class_476
[19:47:50] [Render thread/INFO]: [DONUT PROFIT/SCREEN] Screen Opened: Title = 'Auction (Page 4)' | Class = class_476
[19:47:54] [Render thread/INFO]: [CHAT] You bought 64 Hoppers for $ 68.9K
[19:47:54] [Render thread/INFO]: [DONUT PROFIT/SCREEN] Screen Opened: Title = 'Auction (Page 4)' | Class = class_476
[19:47:58] [Render thread/INFO]: [DONUT PROFIT/SCREEN] Screen Opened: Title = 'Crafting' | Class = class_490
[19:48:00] [Render thread/INFO]: [DONUT PROFIT/SCREEN] Screen Opened: Title = 'Chat screen' | Class = class_408
[19:48:05] [Render thread/INFO]: [DONUT PROFIT/SCREEN] Screen Opened: Title = 'Auction (Page 1)' | Class = class_476
[19:48:07] [Render thread/INFO]: [DONUT PROFIT/SCREEN] Screen Opened: Title = 'Auction (Page 1)' | Class = class_476
[19:48:07] [Render thread/INFO]: [CHAT] You bought 1 Redstone Comparator for $ 9.9K
[19:48:12] [Render thread/INFO]: [DONUT PROFIT/SCREEN] Screen Opened: Title = 'Chat screen' | Class = class_408
[19:48:13] [Render thread/INFO]: [DONUT PROFIT/SCREEN] Screen Opened: Title = 'Auction (Page 1)' | Class = class_476
[19:48:15] [Render thread/INFO]: [DONUT PROFIT/SCREEN] Screen Opened: Title = 'Auction (Page 2)' | Class = class_476
[19:48:16] [Render thread/INFO]: [DONUT PROFIT/SCREEN] Screen Opened: Title = 'Auction (Page 2)' | Class = class_476
[19:48:16] [Render thread/INFO]: [CHAT] You bought 1 Block of Redstone for $ 13.4K
[19:48:16] [Render thread/INFO]: [DONUT PROFIT/SCREEN] Screen Opened: Title = 'Auction (Page 1)' | Class = class_476
[19:48:17] [Render thread/INFO]: [DONUT PROFIT/SCREEN] Screen Opened: Title = 'Auction (Page 1)' | Class = class_476
[19:48:18] [Render thread/INFO]: [CHAT] You bought 2 Redstone Dust for $ 7K
[19:48:20] [Render thread/INFO]: [DONUT PROFIT/SCREEN] Screen Opened: Title = 'Crafting' | Class = class_490
[19:48:43] [Render thread/INFO]: [DONUT PROFIT/SCREEN] Screen Opened: Title = 'Chat screen' | Class = class_408
[19:48:46] [Render thread/INFO]: [DONUT PROFIT/SCREEN] Screen Opened: Title = 'Auction (Page 1)' | Class = class_476
[19:48:47] [Render thread/INFO]: [DONUT PROFIT/SCREEN] Screen Opened: Title = 'Auction (Page 1)' | Class = class_476
[19:48:47] [Render thread/INFO]: [CHAT] You bought 1 Sticky Piston for $ 11.1K
[19:48:49] [Render thread/INFO]: [DONUT PROFIT/SCREEN] Screen Opened: Title = 'Crafting' | Class = class_490
[19:48:57] [Render thread/INFO]: [DONUT PROFIT/SCREEN] Screen Opened: Title = 'Crafting' | Class = class_490
[19:49:06] [Render thread/INFO]: [DONUT PROFIT/SCREEN] Screen Opened: Title = 'Crafting' | Class = class_490
[19:49:11] [Render thread/INFO]: [DONUT PROFIT/SCREEN] Screen Opened: Title = 'Crafting' | Class = class_490
[19:49:13] [Render thread/INFO]: [DONUT PROFIT/SCREEN] Screen Opened: Title = 'Chat screen' | Class = class_408
[19:49:14] [Render thread/INFO]: [DONUT PROFIT/SCREEN] Screen Opened: Title = 'Orders (Page 1)' | Class = class_476
[19:49:14] [Render thread/INFO]: [DONUT PROFIT/STATUS] State Changed -> State: BROWSING_ORDERS | Item: 'Oak Logs' | Price: $150.0/ea | Amount: 0 | Detail: 'Browsing Orders'
[19:49:14] [Render thread/INFO]: [DONUT PROFIT/STATUS] State Changed -> State: IDLE | Item: '' | Price: $0.0/ea | Amount: 0 | Detail: 'Idle'
[19:49:15] [Render thread/INFO]: [DONUT PROFIT/SCREEN] Screen Opened: Title = 'Game Menu' | Class = class_433
[19:49:23] [Render thread/INFO]: [DONUT PROFIT/SCREEN] Screen Opened: Title = 'Crafting' | Class = class_490
[19:49:42] [Render thread/INFO]: [DONUT PROFIT/SCREEN] Screen Opened: Title = 'Crafting' | Class = class_490
[19:49:44] [Render thread/INFO]: [DONUT PROFIT/SCREEN] Screen Opened: Title = 'Chat screen' | Class = class_408
[19:49:46] [Render thread/INFO]: [DONUT PROFIT/SCREEN] Screen Opened: Title = 'Crafting' | Class = class_490
[19:49:47] [Render thread/INFO]: [DONUT PROFIT/SCREEN] Screen Opened: Title = 'Large Chest' | Class = class_476
[19:49:47] [Render thread/INFO]: [DONUT PROFIT/SCREEN] Screen Opened: Title = 'Large Chest' | Class = class_476
[19:49:49] [Render thread/INFO]: [DONUT PROFIT/SCREEN] Screen Opened: Title = 'Crafting' | Class = class_490
[19:49:50] [Render thread/INFO]: [DONUT PROFIT/SCREEN] Screen Opened: Title = 'Crafting' | Class = class_490
[19:50:00] [Render thread/INFO]: [CHAT] You earned 1 Shard for playing the server
[19:50:00] [Render thread/INFO]: [DONUT PROFIT/SCREEN] Screen Opened: Title = 'Large Chest' | Class = class_476
[19:50:01] [Render thread/INFO]: [DONUT PROFIT/SCREEN] Screen Opened: Title = 'Large Chest' | Class = class_476
[19:50:16] [Render thread/INFO]: [DONUT PROFIT/SCREEN] Screen Opened: Title = 'Chat screen' | Class = class_408
[19:50:18] [Render thread/INFO]: [DONUT PROFIT/SCREEN] Screen Opened: Title = 'Auction (Page 1)' | Class = class_476
[19:50:19] [Render thread/INFO]: [DONUT PROFIT/SCREEN] Screen Opened: Title = 'Auction (Page 2)' | Class = class_476
[19:50:21] [Render thread/INFO]: [CHAT] This item was already bought
[19:50:21] [Render thread/INFO]: [DONUT PROFIT/SCREEN] Screen Opened: Title = 'Auction (Page 2)' | Class = class_476
[19:50:21] [Render thread/INFO]: [CHAT] This item was already bought
[19:50:21] [Render thread/INFO]: [DONUT PROFIT/SCREEN] Screen Opened: Title = 'Auction (Page 2)' | Class = class_476
[19:50:22] [Render thread/INFO]: [DONUT PROFIT/SCREEN] Screen Opened: Title = 'Auction (Page 2)' | Class = class_476
[19:50:22] [Render thread/INFO]: [CHAT] You bought 64 Glass for $ 44.8K
[19:51:38] [Render thread/INFO]: [DONUT PROFIT/SCREEN] Screen Opened: Title = 'Crafting' | Class = class_490
[19:51:46] [Render thread/INFO]: [DONUT PROFIT/SCREEN] Screen Opened: Title = 'Crafting' | Class = class_490
[19:52:02] [Render thread/INFO]: [DONUT PROFIT/SCREEN] Screen Opened: Title = 'Chat screen' | Class = class_408
[19:52:04] [Render thread/INFO]: [DONUT PROFIT/SCREEN] Screen Opened: Title = 'Auction (Page 1)' | Class = class_476
[19:52:08] [Render thread/INFO]: [DONUT PROFIT/SCREEN] Screen Opened: Title = 'Chat screen' | Class = class_408
[19:52:10] [Render thread/INFO]: [DONUT PROFIT/SCREEN] Screen Opened: Title = 'Orders (Page 1)' | Class = class_476
[19:52:10] [Render thread/INFO]: [DONUT PROFIT/STATUS] State Changed -> State: BROWSING_ORDERS | Item: 'Oak Logs' | Price: $150.0/ea | Amount: 0 | Detail: 'Browsing Orders'
[19:52:15] [Render thread/INFO]: [DONUT PROFIT/CLICK] User selected order listing slot #51: 'Oak Logs' @ $150.0/ea
[19:52:15] [Render thread/INFO]: [DONUT PROFIT/SCREEN] Screen Opened: Title = 'Orders -> Your Orders' | Class = class_476
[19:52:15] [Render thread/INFO]: [DONUT PROFIT/STATUS] State Changed -> State: CREATING_BUY_ORDER | Item: 'Oak Logs' | Price: $0.0/ea | Amount: 0 | Detail: 'orders -> your orders'
[19:52:16] [Render thread/INFO]: [DONUT PROFIT/CLICK] User selected order listing slot #0: 'Oak Logs' @ $150.0/ea
[19:52:16] [Render thread/INFO]: [DONUT PROFIT/STATUS] State Changed -> State: IDLE | Item: '' | Price: $0.0/ea | Amount: 0 | Detail: 'Idle'
[19:52:16] [Render thread/INFO]: [DONUT PROFIT/SCREEN] Screen Opened: Title = 'Choose Item' | Class = class_11478
[19:52:16] [Render thread/INFO]: [DONUT PROFIT/STATUS] State Changed -> State: CREATING_BUY_ORDER | Item: 'Oak Logs' | Price: $0.0/ea | Amount: 0 | Detail: 'choose item'
[19:52:20] [Render thread/INFO]: [DONUT PROFIT/SCREEN] Screen Opened: Title = 'Choose Item' | Class = class_11478
[19:52:20] [Render thread/INFO]: [DONUT PROFIT/SCREEN] Screen Opened: Title = 'Choose Item (18 results)' | Class = class_11478
[19:52:20] [Render thread/INFO]: [DONUT PROFIT/STATUS] State Changed -> State: CREATING_BUY_ORDER | Item: 'Oak Logs' | Price: $0.0/ea | Amount: 0 | Detail: 'choose item (18 results)'
[19:52:21] [Render thread/INFO]: [DONUT PROFIT/SCREEN] Screen Opened: Title = 'Choose Item (18 results)' | Class = class_11478
[19:52:21] [Render thread/INFO]: [DONUT PROFIT/SCREEN] Screen Opened: Title = 'How many?' | Class = class_11478
[19:52:21] [Render thread/INFO]: [DONUT PROFIT/STATUS] State Changed -> State: CREATING_BUY_ORDER | Item: 'Oak Logs' | Price: $0.0/ea | Amount: 0 | Detail: 'how many?'
[19:52:27] [Render thread/INFO]: [DONUT PROFIT/SCREEN] Screen Opened: Title = 'How many?' | Class = class_11478
[19:52:27] [Render thread/INFO]: [DONUT PROFIT/SCREEN] Screen Opened: Title = 'Price per item?' | Class = class_11478
[19:52:27] [Render thread/INFO]: [DONUT PROFIT/STATUS] State Changed -> State: CREATING_BUY_ORDER | Item: 'Oak Logs' | Price: $0.0/ea | Amount: 0 | Detail: 'price per item?'
[19:52:32] [Render thread/INFO]: [DONUT PROFIT/SCREEN] Screen Opened: Title = 'Price per item?' | Class = class_11478
[19:52:32] [Render thread/INFO]: [DONUT PROFIT/SCREEN] Screen Opened: Title = 'Review Order' | Class = class_11478
[19:52:32] [Render thread/INFO]: [DONUT PROFIT/TEXT] Dialog ItemBody item: 'Item'
[19:52:32] [Render thread/INFO]: [DONUT PROFIT/TEXT] Dialog PlainMessage line: 'Item: Shulker Box'
[19:52:32] [Render thread/INFO]: [DONUT PROFIT/TEXT] Dialog PlainMessage line: 'Amount: 50'
[19:52:32] [Render thread/INFO]: [DONUT PROFIT/TEXT] Dialog PlainMessage line: 'Price: $ 1.5K each'
[19:52:32] [Render thread/INFO]: [DONUT PROFIT/TEXT] Dialog PlainMessage line: 'Total: $ 75K'
[19:52:32] [Render thread/INFO]: [DONUT PROFIT/REVIEW] Parsed Review Order Screen: Item = 'Shulker Box' | Amount = 50 | Price/ea = $1500.0 | Total = $75000.0
[19:52:32] [Render thread/INFO]: [DONUT PROFIT/REVIEW] Stored Pending Review Order: Shulker Box x50 @ $1500.0/ea (Total: $75000.0)
[19:52:32] [Render thread/INFO]: [DONUT PROFIT/STATUS] State Changed -> State: CREATING_BUY_ORDER | Item: 'Shulker Box' | Price: $1500.0/ea | Amount: 50 | Detail: 'Review Order'
[19:52:33] [Render thread/INFO]: [DONUT PROFIT/SCREEN] Screen Opened: Title = 'Review Order' | Class = class_11478
[19:52:33] [Render thread/INFO]: [DONUT PROFIT/TEXT] Dialog ItemBody item: 'Item'
[19:52:33] [Render thread/INFO]: [DONUT PROFIT/TEXT] Dialog PlainMessage line: 'Item: Shulker Box'
[19:52:33] [Render thread/INFO]: [DONUT PROFIT/TEXT] Dialog PlainMessage line: 'Amount: 50'
[19:52:33] [Render thread/INFO]: [DONUT PROFIT/TEXT] Dialog PlainMessage line: 'Price: $ 1.5K each'
[19:52:33] [Render thread/INFO]: [DONUT PROFIT/TEXT] Dialog PlainMessage line: 'Total: $ 75K'
[19:52:33] [Render thread/INFO]: [DONUT PROFIT/REVIEW] Parsed Review Order Screen: Item = 'Shulker Box' | Amount = 50 | Price/ea = $1500.0 | Total = $75000.0
[19:52:33] [Render thread/INFO]: [DONUT PROFIT/REVIEW] Stored Pending Review Order: Shulker Box x50 @ $1500.0/ea (Total: $75000.0)
[19:52:33] [Render thread/INFO]: [DONUT PROFIT/CHAT] Server Chat Message: 'You ordered 50 Shulker Boxes'
[19:52:33] [Render thread/INFO]: [DONUT PROFIT/CHAT] Matched Pending Review Order: Item = 'Shulker Box' | Amount = 50 | Price/ea = $1500.0 | Total = $75000.0
[19:52:33] [Render thread/INFO]: [DONUT PROFIT/TRACKER] Added BUY Transaction: -$75,000.00 (50x Shulker Box @ $1,500.00) | New Gained: $0.00 | New Spent: $75,000.00 | Net Profit: -$75,000.00
[19:52:33] [Render thread/INFO]: [DONUT PROFIT/CHAT] Confirmed BUY Order spending: Shulker Box x50 @ $1500.0/ea (Total: $75000.0)
[19:52:33] [Render thread/INFO]: [CHAT] You ordered 50 Shulker Boxes
[19:52:33] [Render thread/INFO]: [DONUT PROFIT/STATUS] State Changed -> State: IDLE | Item: '' | Price: $0.0/ea | Amount: 0 | Detail: 'Idle'
[19:52:33] [Render thread/INFO]: [DONUT PROFIT/SCREEN] Screen Opened: Title = 'Orders (Page 1)' | Class = class_476
[19:52:33] [Render thread/INFO]: [DONUT PROFIT/STATUS] State Changed -> State: BROWSING_ORDERS | Item: 'Shulker Box' | Price: $150.0/ea | Amount: 0 | Detail: 'Browsing Orders'
[19:52:34] [Render thread/INFO]: [DONUT PROFIT/CHAT] Ignored public broadcast message from another player: 'Sk8_19230 delivered you 2 Shulker Boxes'
[19:52:34] [Render thread/INFO]: [CHAT] Sk8_19230 delivered you 2 Shulker Boxes
[19:52:34] [Render thread/INFO]: [DONUT PROFIT/CHAT] Ignored public broadcast message from another player: 'Swerveeeeee delivered you 48 Shulker Boxes'
[19:52:34] [Render thread/INFO]: [CHAT] Swerveeeeee delivered you 48 Shulker Boxes
[19:52:34] [Render thread/INFO]: [DONUT PROFIT/CHAT] Ignored public broadcast message from another player: 'Your Shulker Box order is complete!'
[19:52:34] [Render thread/INFO]: [CHAT] Your Shulker Box order is complete!
[19:52:35] [Render thread/INFO]: [DONUT PROFIT/STATUS] State Changed -> State: IDLE | Item: '' | Price: $0.0/ea | Amount: 0 | Detail: 'Idle'
[19:52:38] [Render thread/INFO]: [DONUT PROFIT/SCREEN] Screen Opened: Title = 'Crafting' | Class = class_490
[19:52:39] [Render thread/INFO]: [DONUT PROFIT/SCREEN] Screen Opened: Title = 'Chat screen' | Class = class_408
[19:52:40] [Render thread/INFO]: [DONUT PROFIT/SCREEN] Screen Opened: Title = 'Auction (Page 1)' | Class = class_476
[19:52:42] [Render thread/INFO]: [DONUT PROFIT/SCREEN] Screen Opened: Title = 'Auction -> Your Items' | Class = class_476
[19:52:43] [Render thread/INFO]: [DONUT PROFIT/SCREEN] Screen Opened: Title = 'Auction (Page 1)' | Class = class_476
[19:52:45] [Render thread/INFO]: [DONUT PROFIT/SCREEN] Screen Opened: Title = 'Chat screen' | Class = class_408
[19:52:45] [Render thread/INFO]: [DONUT PROFIT/SCREEN] Screen Opened: Title = 'Auction (Page 1)' | Class = class_476
[19:52:46] [Render thread/INFO]: [DONUT PROFIT/SCREEN] Screen Opened: Title = 'Chat screen' | Class = class_408
[19:52:48] [Render thread/INFO]: [DONUT PROFIT/SCREEN] Screen Opened: Title = 'Orders (Page 1)' | Class = class_476
[19:52:48] [Render thread/INFO]: [DONUT PROFIT/STATUS] State Changed -> State: BROWSING_ORDERS | Item: 'Shulker Box' | Price: $150.0/ea | Amount: 0 | Detail: 'Browsing Orders'
[19:52:49] [Render thread/INFO]: [DONUT PROFIT/CLICK] User selected order listing slot #51: 'Shulker Box' @ $150.0/ea
[19:52:50] [Render thread/INFO]: [DONUT PROFIT/SCREEN] Screen Opened: Title = 'Orders -> Your Orders' | Class = class_476
[19:52:50] [Render thread/INFO]: [DONUT PROFIT/STATUS] State Changed -> State: CREATING_BUY_ORDER | Item: 'Shulker Box' | Price: $0.0/ea | Amount: 0 | Detail: 'orders -> your orders'
[19:52:52] [Render thread/INFO]: [DONUT PROFIT/LISTING] Parsed listing price: 'Shulker Boxes' @ $1500.0/ea
[19:52:52] [Render thread/INFO]: [DONUT PROFIT/CLICK] User selected order listing slot #0: 'Shulker Boxes' @ $1500.0/ea
[19:52:52] [Render thread/INFO]: [DONUT PROFIT/SCREEN] Screen Opened: Title = 'Orders -> Edit Order' | Class = class_476
[19:52:52] [Render thread/INFO]: [DONUT PROFIT/STATUS] State Changed -> State: BROWSING_ORDERS | Item: 'Shulker Boxes' | Price: $1500.0/ea | Amount: 0 | Detail: 'Browsing Orders'
[19:52:53] [Render thread/INFO]: [DONUT PROFIT/CLICK] User selected order listing slot #13: 'Shulker Boxes' @ $1500.0/ea
[19:52:53] [Render thread/INFO]: [DONUT PROFIT/SCREEN] Screen Opened: Title = 'Orders -> Collect Items' | Class = class_476
[19:52:53] [Render thread/INFO]: [DONUT PROFIT/CLICK] User selected order listing slot #31: 'Shulker Boxes' @ $1500.0/ea
[19:52:54] [Render thread/INFO]: [DONUT PROFIT/CLICK] User selected order listing slot #23: 'Shulker Boxes' @ $1500.0/ea
[19:52:54] [Render thread/INFO]: [DONUT PROFIT/CLICK] User selected order listing slot #23: 'Shulker Boxes' @ $1500.0/ea
[19:52:54] [Render thread/INFO]: [DONUT PROFIT/CLICK] User selected order listing slot #23: 'Shulker Boxes' @ $1500.0/ea
[19:52:54] [Render thread/INFO]: [DONUT PROFIT/CLICK] User selected order listing slot #23: 'Shulker Boxes' @ $1500.0/ea
[19:52:55] [Render thread/INFO]: [DONUT PROFIT/CLICK] User selected order listing slot #41: 'Shulker Boxes' @ $1500.0/ea
[19:52:57] [Render thread/INFO]: [DONUT PROFIT/CLICK] User selected order listing slot #53: 'Shulker Boxes' @ $1500.0/ea
[19:52:57] [Render thread/INFO]: [DONUT PROFIT/SCREEN] Screen Opened: Title = 'Orders -> Collect Items' | Class = class_476
[19:52:58] [Render thread/INFO]: [DONUT PROFIT/STATUS] State Changed -> State: IDLE | Item: '' | Price: $0.0/ea | Amount: 0 | Detail: 'Idle'
[19:52:58] [Render thread/INFO]: [DONUT PROFIT/SCREEN] Screen Opened: Title = 'Barrel' | Class = class_476
[19:53:01] [Render thread/INFO]: [DONUT PROFIT/SCREEN] Screen Opened: Title = 'Chat screen' | Class = class_408
[19:53:01] [Render thread/INFO]: [DONUT PROFIT/SCREEN] Screen Opened: Title = 'Orders (Page 1)' | Class = class_476
[19:53:01] [Render thread/INFO]: [DONUT PROFIT/STATUS] State Changed -> State: BROWSING_ORDERS | Item: 'Shulker Boxes' | Price: $1500.0/ea | Amount: 0 | Detail: 'Browsing Orders'
[19:53:02] [Render thread/INFO]: [DONUT PROFIT/STATUS] State Changed -> State: IDLE | Item: '' | Price: $0.0/ea | Amount: 0 | Detail: 'Idle'
[19:53:03] [Render thread/INFO]: [DONUT PROFIT/SCREEN] Screen Opened: Title = 'Crafting' | Class = class_490
[19:53:09] [Render thread/INFO]: [DONUT PROFIT/SCREEN] Screen Opened: Title = 'Chat screen' | Class = class_408
[19:53:10] [Render thread/INFO]: [DONUT PROFIT/SCREEN] Screen Opened: Title = 'Orders (Page 1)' | Class = class_476
[19:53:10] [Render thread/INFO]: [DONUT PROFIT/STATUS] State Changed -> State: BROWSING_ORDERS | Item: 'Shulker Boxes' | Price: $1500.0/ea | Amount: 0 | Detail: 'Browsing Orders'
[19:53:11] [Render thread/INFO]: [DONUT PROFIT/CLICK] User selected order listing slot #51: 'Shulker Boxes' @ $1500.0/ea
[19:53:12] [Render thread/INFO]: [DONUT PROFIT/SCREEN] Screen Opened: Title = 'Orders -> Your Orders' | Class = class_476
[19:53:12] [Render thread/INFO]: [DONUT PROFIT/STATUS] State Changed -> State: CREATING_BUY_ORDER | Item: 'Shulker Boxes' | Price: $0.0/ea | Amount: 0 | Detail: 'orders -> your orders'
[19:53:12] [Render thread/INFO]: [DONUT PROFIT/CLICK] User selected order listing slot #51: 'Shulker Boxes' @ $1500.0/ea
[19:53:13] [Render thread/INFO]: [DONUT PROFIT/LISTING] Parsed listing price: 'Shulker Boxes' @ $1500.0/ea
[19:53:13] [Render thread/INFO]: [DONUT PROFIT/CLICK] User selected order listing slot #0: 'Shulker Boxes' @ $1500.0/ea
[19:53:13] [Render thread/INFO]: [DONUT PROFIT/SCREEN] Screen Opened: Title = 'Orders -> Edit Order' | Class = class_476
[19:53:13] [Render thread/INFO]: [DONUT PROFIT/STATUS] State Changed -> State: BROWSING_ORDERS | Item: 'Shulker Boxes' | Price: $1500.0/ea | Amount: 0 | Detail: 'Browsing Orders'
[19:53:14] [Render thread/INFO]: [DONUT PROFIT/CLICK] User selected order listing slot #13: 'Shulker Boxes' @ $1500.0/ea
[19:53:14] [Render thread/INFO]: [DONUT PROFIT/SCREEN] Screen Opened: Title = 'Orders -> Collect Items' | Class = class_476
[19:53:20] [Render thread/INFO]: [DONUT PROFIT/STATUS] State Changed -> State: IDLE | Item: '' | Price: $0.0/ea | Amount: 0 | Detail: 'Idle'
[19:53:22] [Render thread/INFO]: [DONUT PROFIT/SCREEN] Screen Opened: Title = 'Barrel' | Class = class_476
[19:53:25] [Render thread/INFO]: [DONUT PROFIT/SCREEN] Screen Opened: Title = 'Item Hopper' | Class = class_488
[19:53:25] [Render thread/INFO]: [DONUT PROFIT/SCREEN] Screen Opened: Title = 'Item Hopper' | Class = class_488
[19:53:26] [Render thread/INFO]: [DONUT PROFIT/SCREEN] Screen Opened: Title = 'Barrel' | Class = class_476
[19:53:35] [Render thread/INFO]: [DONUT PROFIT/SCREEN] Screen Opened: Title = 'Litematica v0.26.12' | Class = GuiMainMenu
[19:53:37] [Render thread/INFO]: [DONUT PROFIT/SCREEN] Screen Opened: Title = 'Litematica Configs - 0.26.12' | Class = GuiConfigs
[19:53:47] [Render thread/INFO]: [DONUT PROFIT/SCREEN] Screen Opened: Title = 'Game Menu' | Class = class_433
[19:53:51] [Render thread/INFO]: [DONUT PROFIT/SCREEN] Screen Opened: Title = 'Litematica v0.26.12' | Class = GuiMainMenu
[19:53:52] [Render thread/INFO]: [DONUT PROFIT/SCREEN] Screen Opened: Title = 'Litematica v0.26.12 => Manage Schematic Placements' | Class = GuiSchematicPlacementsList
[19:53:53] [Render thread/INFO]: [DONUT PROFIT/SCREEN] Screen Opened: Title = 'Litematica v0.26.12' | Class = GuiMainMenu
[19:53:56] [Render thread/INFO]: [DONUT PROFIT/SCREEN] Screen Opened: Title = 'Barrel' | Class = class_476
[19:54:00] [Render thread/INFO]: [DONUT PROFIT/SCREEN] Screen Opened: Title = 'Barrel' | Class = class_476
[19:54:01] [Render thread/INFO]: [DONUT PROFIT/SCREEN] Screen Opened: Title = 'Barrel' | Class = class_476
[19:54:02] [Render thread/INFO]: [DONUT PROFIT/SCREEN] Screen Opened: Title = 'Barrel' | Class = class_476
[19:54:03] [Render thread/INFO]: [DONUT PROFIT/SCREEN] Screen Opened: Title = 'Item Hopper' | Class = class_488
[19:54:04] [Render thread/INFO]: [DONUT PROFIT/SCREEN] Screen Opened: Title = 'Barrel' | Class = class_476
[19:54:06] [Render thread/INFO]: [DONUT PROFIT/SCREEN] Screen Opened: Title = 'Barrel' | Class = class_476
[19:54:11] [Render thread/INFO]: [DONUT PROFIT/SCREEN] Screen Opened: Title = 'Barrel' | Class = class_476
[19:54:12] [Render thread/INFO]: [DONUT PROFIT/SCREEN] Screen Opened: Title = 'Barrel' | Class = class_476
[19:54:12] [Render thread/INFO]: [DONUT PROFIT/SCREEN] Screen Opened: Title = 'Item Hopper' | Class = class_488
[19:54:16] [Render thread/INFO]: [DONUT PROFIT/SCREEN] Screen Opened: Title = 'Barrel' | Class = class_476
[19:54:19] [Render thread/INFO]: [DONUT PROFIT/SCREEN] Screen Opened: Title = 'Item Hopper' | Class = class_488
[19:54:19] [Render thread/INFO]: [DONUT PROFIT/SCREEN] Screen Opened: Title = 'Item Hopper' | Class = class_488
[19:54:23] [Render thread/INFO]: [DONUT PROFIT/SCREEN] Screen Opened: Title = 'Barrel' | Class = class_476
[19:54:23] [Render thread/INFO]: [DONUT PROFIT/SCREEN] Screen Opened: Title = 'Barrel' | Class = class_476
[19:54:24] [Render thread/INFO]: [DONUT PROFIT/SCREEN] Screen Opened: Title = 'Item Hopper' | Class = class_488
[19:54:24] [Render thread/INFO]: [DONUT PROFIT/SCREEN] Screen Opened: Title = 'Item Hopper' | Class = class_488
[19:54:28] [Render thread/INFO]: [DONUT PROFIT/SCREEN] Screen Opened: Title = 'Barrel' | Class = class_476
[19:54:36] [Render thread/INFO]: [DONUT PROFIT/SCREEN] Screen Opened: Title = 'Game Menu' | Class = class_433
[19:55:10] [Render thread/INFO]: Stopping worker threads
[19:55:10] [Render thread/INFO]: Started 10 worker threads
[19:55:10] [Render thread/INFO]: [CHAT] [Meteor] Toggled Freecam §aon.
[19:55:26] [Render thread/INFO]: [DONUT PROFIT/SCREEN] Screen Opened: Title = 'Game Menu' | Class = class_433
[19:55:41] [Render thread/INFO]: [DONUT PROFIT/SCREEN] Screen Opened: Title = 'Crafting' | Class = class_490
[19:55:57] [Render thread/INFO]: Stopping worker threads
[19:55:57] [Render thread/INFO]: Started 10 worker threads
[19:55:57] [Render thread/INFO]: [CHAT] [Meteor] Toggled Freecam §coff.
[19:56:35] [Render thread/INFO]: [DONUT PROFIT/SCREEN] Screen Opened: Title = 'Crafting' | Class = class_490
[19:56:47] [Render thread/INFO]: Stopping worker threads
[19:56:47] [Render thread/INFO]: Started 10 worker threads
[19:56:47] [Render thread/INFO]: [CHAT] [Meteor] Toggled Freecam §aon.
[19:56:52] [Render thread/INFO]: Stopping worker threads
[19:56:52] [Render thread/INFO]: Started 10 worker threads
[19:56:52] [Render thread/INFO]: [CHAT] [Meteor] Toggled Freecam §coff.
[19:57:01] [Render thread/INFO]: [DONUT PROFIT/SCREEN] Screen Opened: Title = 'Crafting' | Class = class_490
[19:57:03] [Render thread/INFO]: [DONUT PROFIT/SCREEN] Screen Opened: Title = 'Crafting' | Class = class_490
[19:57:04] [Render thread/INFO]: [DONUT PROFIT/SCREEN] Screen Opened: Title = 'Crafting' | Class = class_490
[19:57:22] [Render thread/INFO]: [DONUT PROFIT/SCREEN] Screen Opened: Title = 'Crafting' | Class = class_490
[19:57:23] [Render thread/INFO]: [DONUT PROFIT/SCREEN] Screen Opened: Title = 'Crafting' | Class = class_490
[19:57:26] [Render thread/INFO]: [DONUT PROFIT/SCREEN] Screen Opened: Title = 'Chat screen' | Class = class_408
[19:57:27] [Render thread/INFO]: [DONUT PROFIT/SCREEN] Screen Opened: Title = 'Chat screen' | Class = class_408
[19:57:28] [Render thread/INFO]: [DONUT PROFIT/SCREEN] Screen Opened: Title = 'Auction (Page 1)' | Class = class_476
[19:57:29] [Render thread/INFO]: [CHAT] This item was already bought
[19:57:29] [Render thread/INFO]: [DONUT PROFIT/SCREEN] Screen Opened: Title = 'Auction (Page 1)' | Class = class_476
[19:57:29] [Render thread/INFO]: [DONUT PROFIT/SCREEN] Screen Opened: Title = 'Auction (Page 1)' | Class = class_476
[19:57:29] [Render thread/INFO]: [CHAT] You bought 1 Spruce Sign for $ 1.5K
[19:57:30] [Render thread/INFO]: [DONUT PROFIT/SCREEN] Screen Opened: Title = 'Auction (Page 1)' | Class = class_476
[19:57:30] [Render thread/INFO]: [CHAT] You bought 1 Birch Sign for $ 1.3K
[19:57:31] [Render thread/INFO]: [DONUT PROFIT/SCREEN] Screen Opened: Title = 'Edit Sign Message' | Class = class_498
[19:57:32] [Render thread/INFO]: [DONUT PROFIT/SCREEN] Screen Opened: Title = 'Crafting' | Class = class_490
[19:57:34] [Render thread/INFO]: [DONUT PROFIT/SCREEN] Screen Opened: Title = 'Edit Sign Message' | Class = class_498
[19:57:44] [Render thread/INFO]: [DONUT PROFIT/SCREEN] Screen Opened: Title = 'Chat screen' | Class = class_408
[19:57:46] [Render thread/INFO]: [DONUT PROFIT/SCREEN] Screen Opened: Title = 'Auction (Page 1)' | Class = class_476
[19:57:47] [Render thread/INFO]: [DONUT PROFIT/SCREEN] Screen Opened: Title = 'Auction (Page 1)' | Class = class_476
[19:57:47] [Render thread/INFO]: [CHAT] You bought 10 Cobblestone Stairs for $ 25K
[19:57:48] [Render thread/WARN]: Requested creation of existing team '09-MrMilaano-false'
[19:58:02] [Render thread/INFO]: [DONUT PROFIT/SCREEN] Screen Opened: Title = 'Chat screen' | Class = class_408
[19:58:03] [Render thread/INFO]: [DONUT PROFIT/SCREEN] Screen Opened: Title = 'Auction (Page 1)' | Class = class_476
[19:58:04] [Render thread/INFO]: [CHAT] This item was already bought
[19:58:04] [Render thread/INFO]: [DONUT PROFIT/SCREEN] Screen Opened: Title = 'Auction (Page 1)' | Class = class_476
[19:58:05] [Render thread/INFO]: [CHAT] This item was already bought
[19:58:05] [Render thread/INFO]: [DONUT PROFIT/SCREEN] Screen Opened: Title = 'Auction (Page 1)' | Class = class_476
[19:58:06] [Render thread/INFO]: [DONUT PROFIT/SCREEN] Screen Opened: Title = 'Auction (Page 1)' | Class = class_476
[19:58:06] [Render thread/INFO]: [CHAT] You bought 1 Water Bucket for $ 3.9K
[19:58:06] [Render thread/INFO]: [CHAT] This item was already bought
[19:58:06] [Render thread/INFO]: [DONUT PROFIT/SCREEN] Screen Opened: Title = 'Auction (Page 1)' | Class = class_476
[19:58:17] [Render thread/INFO]: [DONUT PROFIT/SCREEN] Screen Opened: Title = 'Crafting' | Class = class_490
[19:58:30] [Render thread/INFO]: [DONUT PROFIT/SCREEN] Screen Opened: Title = 'Crafting' | Class = class_490
[19:58:39] [Render thread/INFO]: [DONUT PROFIT/SCREEN] Screen Opened: Title = 'Crafting' | Class = class_490
[19:58:40] [Render thread/INFO]: [DONUT PROFIT/SCREEN] Screen Opened: Title = 'Chat screen' | Class = class_408
[19:58:42] [Render thread/INFO]: [DONUT PROFIT/SCREEN] Screen Opened: Title = 'Auction (Page 1)' | Class = class_476
[19:58:44] [Render thread/INFO]: [CHAT] You bought 48 Kelp for $ 3K
[19:58:44] [Render thread/INFO]: [DONUT PROFIT/SCREEN] Screen Opened: Title = 'Auction (Page 1)' | Class = class_476
[19:58:44] [Render thread/INFO]: [DONUT PROFIT/SCREEN] Screen Opened: Title = 'Auction (Page 1)' | Class = class_476
[19:58:44] [Render thread/INFO]: [CHAT] You bought 64 Kelp for $ 4K
[19:59:11] [Render thread/INFO]: Stopping worker threads
[19:59:11] [Render thread/INFO]: Started 10 worker threads
[19:59:11] [Render thread/INFO]: [CHAT] [Meteor] Toggled Freecam §aon.
[19:59:13] [Render thread/INFO]: Stopping worker threads
[19:59:13] [Render thread/INFO]: Started 10 worker threads
[19:59:13] [Render thread/INFO]: [CHAT] [Meteor] Toggled Freecam §coff.
[19:59:15] [Render thread/INFO]: Stopping worker threads
[19:59:15] [Render thread/INFO]: Started 10 worker threads
[19:59:15] [Render thread/INFO]: [CHAT] [Meteor] Toggled Freecam §aon.
[19:59:19] [Render thread/INFO]: Stopping worker threads
[19:59:19] [Render thread/INFO]: Started 10 worker threads
[19:59:19] [Render thread/INFO]: [CHAT] [Meteor] Toggled Freecam §coff.
[19:59:42] [Render thread/INFO]: [DONUT PROFIT/SCREEN] Screen Opened: Title = 'Game Menu' | Class = class_433
[20:00:00] [Render thread/INFO]: [CHAT] You earned 1 Shard for playing the server
[20:00:04] [Render thread/INFO]: [DONUT PROFIT/SCREEN] Screen Opened: Title = 'Game Menu' | Class = class_433
[20:00:05] [Render thread/INFO]: [voicechat] Clearing audio channels
[20:00:05] [Render thread/INFO]: [voicechat] Stopping microphone thread
[20:00:05] [Render thread/INFO]: [voicechat] Disconnecting voicechat
[20:00:05] [Render thread/INFO]: Saving
[20:00:05] [Render thread/INFO]: Saved in 4 milliseconds.
[20:00:05] [Render thread/INFO]: [DONUT PROFIT/SCREEN] Screen Opened: Title = '' | Class = class_435
[20:00:05] [Render thread/INFO]: Stopping worker threads
[20:00:05] [Render thread/INFO]: [DONUT PROFIT/SCREEN] Screen Opened: Title = 'Play Multiplayer' | Class = class_500
[20:00:07] [Render thread/INFO]: [DONUT PROFIT/SCREEN] Screen Opened: Title = '' | Class = class_4399
[20:00:07] [Render thread/INFO]: [DONUT PROFIT/SCREEN] Screen Opened: Title = 'Title Screen' | Class = class_442
[20:00:08] [Render thread/INFO]: Stopping [2] Placement Manager Daemon threads
[20:00:08] [Render thread/INFO]: Stopping [0] Placement Manager Daemon threads
[20:00:08] [CullThread/INFO]: [STDOUT]: Shutting down culling task!
[20:00:08] [Render thread/INFO]: Stopping!
[20:00:08] [Render thread/INFO]: Saving configuration (client stopping)...
[20:00:08] [Render thread/INFO]: [DONUT PROFIT/SCREEN] Screen Opened: Title = '' | Class = class_435
[20:00:08] [Render thread/INFO]: [FastQuit] Exiting FastQuit.
[20:00:08] [Ixeris Event Polling Thread/INFO]: Exiting event polling thread.
[20:00:08] [Thread-54/INFO]: Saving
